scheme_name,month_date,target_month,rf_probability,monthly_return_percent,benchmark_monthly_return_percent,excess_return_percent,rank,funds_in_month,portfolio,model_name,probability_column,xgb_probability,lgbm_probability,average_probability
Axis Flexi Cap Fund,2024-01-01,2024-02-01,0.33336794852034773,3.476749,1.574078,1.902671,28.0,32,16,RF,rf_probability,,,
DSP ELSS Tax Saver Fund,2024-01-01,2024-02-01,0.40426236980254016,3.724196,1.574078,2.150118,24.0,32,14,RF,rf_probability,,,
DSP Flexi Cap Fund,2024-01-01,2024-02-01,0.46812406596671274,0.885235,1.574078,-0.688843,18.0,32,10,RF,rf_probability,,,
Edelweiss ELSS Tax saver Fund,2024-01-01,2024-02-01,0.3313549804598566,3.105058,1.574078,1.53098,29.0,32,17,RF,rf_probability,,,
Edelweiss Flexi Cap Fund,2024-01-01,2024-02-01,0.34298408963757254,3.113537,1.574078,1.539459,27.0,32,16,RF,rf_probability,,,
Franklin India ELSS Tax Saver Fund,2024-01-01,2024-02-01,0.5013702369354067,3.185397,1.574078,1.611319,13.0,32,7,RF,rf_probability,,,
Franklin India Flexi Cap Fund,2024-01-01,2024-02-01,0.4653606533387492,2.999653,1.574078,1.425575,20.0,32,11,RF,rf_probability,,,
Franklin India Focused Equity Fund,2024-01-01,2024-02-01,0.4088437530391865,4.49679,1.574078,2.922712,23.0,32,13,RF,rf_probability,,,
Franklin India Opportunities Fund,2024-01-01,2024-02-01,0.7874063177019056,4.346663,1.574078,2.772585,1.0,32,0,RF,rf_probability,,,
HDFC ELSS Tax saver,2024-01-01,2024-02-01,0.5823215700965704,4.055237,1.574078,2.481159,3.0,32,1,RF,rf_probability,,,
HDFC Flexi Cap Fund,2024-01-01,2024-02-01,0.4846173746188451,4.252392,1.574078,2.678314,15.0,32,8,RF,rf_probability,,,
HDFC Focused Fund,2024-01-01,2024-02-01,0.5278839438511264,4.036855,1.574078,2.462777,9.0,32,5,RF,rf_probability,,,
HDFC Value Fund,2024-01-01,2024-02-01,0.39903382327167175,3.384377,1.574078,1.810299,25.0,32,15,RF,rf_probability,,,
HSBC Flexi Cap Fund,2024-01-01,2024-02-01,0.3027276626538237,4.262429,1.574078,2.688351,31.0,32,18,RF,rf_probability,,,
ICICI Prudential ELSS Tax Saver Fund,2024-01-01,2024-02-01,0.30588075982325225,3.919917,1.574078,2.345839,30.0,32,18,RF,rf_probability,,,
ICICI Prudential India Opportunities Fund,2024-01-01,2024-02-01,0.5160154575816334,3.343363,1.574078,1.769285,10.0,32,5,RF,rf_probability,,,
ITI ELSS Tax Saver Fund,2024-01-01,2024-02-01,0.5728884747605332,2.920871,1.574078,1.346793,4.0,32,1,RF,rf_probability,,,
Kotak ELSS Tax Saver Fund,2024-01-01,2024-02-01,0.5037327259599707,5.421958,1.574078,3.84788,12.0,32,6,RF,rf_probability,,,
LIC MF ELSS Tax Saver,2024-01-01,2024-02-01,0.46664101784868045,3.340626,1.574078,1.766548,19.0,32,11,RF,rf_probability,,,
LIC MF Flexi Cap Fund,2024-01-01,2024-02-01,0.5649023659776753,2.408153,1.574078,0.834075,6.0,32,3,RF,rf_probability,,,
Motilal Oswal ELSS Tax Saver Fund,2024-01-01,2024-02-01,0.5868579013263999,4.861023,1.574078,3.286945,2.0,32,0,RF,rf_probability,,,
Motilal Oswal Flexi Cap Fund,2024-01-01,2024-02-01,0.4587038951244835,3.849571,1.574078,2.275493,21.0,32,12,RF,rf_probability,,,
Navi Flexi Cap Fund,2024-01-01,2024-02-01,0.48907937261397033,2.41256,1.574078,0.838482,14.0,32,8,RF,rf_probability,,,
Parag Parikh ELSS Tax Saver Fund,2024-01-01,2024-02-01,0.5375677353863881,4.29321,1.574078,2.719132,8.0,32,4,RF,rf_probability,,,
Parag Parikh Flexi Cap Fund,2024-01-01,2024-02-01,0.4785763853621435,4.294344,1.574078,2.720266,16.0,32,9,RF,rf_probability,,,
PGIM India Flexi Cap Fund,2024-01-01,2024-02-01,0.5665867958408984,3.532847,1.574078,1.958769,5.0,32,2,RF,rf_probability,,,
Shriram ELSS Tax Saver Fund,2024-01-01,2024-02-01,0.42410692730901745,1.89555,1.574078,0.321472,22.0,32,13,RF,rf_probability,,,
Shriram Flexi Cap Fund,2024-01-01,2024-02-01,0.5061804756560947,2.221846,1.574078,0.647768,11.0,32,6,RF,rf_probability,,,
Sundaram ELSS Tax Saver Fund,2024-01-01,2024-02-01,0.5577298593992868,4.489883,1.574078,2.915805,7.0,32,3,RF,rf_probability,,,
UTI ELSS Tax Saver Fund,2024-01-01,2024-02-01,0.36074092375632644,0.783845,1.574078,-0.790233,26.0,32,15,RF,rf_probability,,,
UTI Flexi Cap Fund,2024-01-01,2024-02-01,0.4722116111013169,1.239782,1.574078,-0.334296,17.0,32,10,RF,rf_probability,,,
UTI Value Fund,2024-01-01,2024-02-01,0.2600337836999601,2.61172,1.574078,1.037642,32.0,32,19,RF,rf_probability,,,
Axis Flexi Cap Fund,2024-02-01,2024-03-01,0.3724417059720461,1.792414,3.2e-05,1.792382,29.0,32,17,RF,rf_probability,,,
DSP ELSS Tax Saver Fund,2024-02-01,2024-03-01,0.43709050231674085,-2.308027,3.2e-05,-2.308059,24.0,32,14,RF,rf_probability,,,
DSP Flexi Cap Fund,2024-02-01,2024-03-01,0.5166016433171231,-0.903344,3.2e-05,-0.903376,15.0,32,8,RF,rf_probability,,,
Edelweiss ELSS Tax saver Fund,2024-02-01,2024-03-01,0.39368226975123205,0.0,3.2e-05,-3.2e-05,28.0,32,16,RF,rf_probability,,,
Edelweiss Flexi Cap Fund,2024-02-01,2024-03-01,0.3517061015266121,0.340023,3.2e-05,0.339991,31.0,32,18,RF,rf_probability,,,
Franklin India ELSS Tax Saver Fund,2024-02-01,2024-03-01,0.5297833238656766,-0.60335,3.2e-05,-0.603382,14.0,32,8,RF,rf_probability,,,
Franklin India Flexi Cap Fund,2024-02-01,2024-03-01,0.48945679565532524,-0.540696,3.2e-05,-0.540728,19.0,32,11,RF,rf_probability,,,
Franklin India Focused Equity Fund,2024-02-01,2024-03-01,0.39699478528007914,0.749428,3.2e-05,0.749396,26.0,32,15,RF,rf_probability,,,
Franklin India Opportunities Fund,2024-02-01,2024-03-01,0.7334320796850208,-1.198766,3.2e-05,-1.198798,1.0,32,0,RF,rf_probability,,,
HDFC ELSS Tax saver,2024-02-01,2024-03-01,0.6244809714795008,-0.079831,3.2e-05,-0.079863,3.0,32,1,RF,rf_probability,,,
HDFC Flexi Cap Fund,2024-02-01,2024-03-01,0.6605301487727957,0.116542,3.2e-05,0.11651,2.0,32,0,RF,rf_probability,,,
HDFC Focused Fund,2024-02-01,2024-03-01,0.5912623571045394,0.411954,3.2e-05,0.411922,8.0,32,4,RF,rf_probability,,,
HDFC Value Fund,2024-02-01,2024-03-01,0.485704828814117,-1.045843,3.2e-05,-1.045875,20.0,32,11,RF,rf_probability,,,
HSBC Flexi Cap Fund,2024-02-01,2024-03-01,0.45430800620947726,-0.677776,3.2e-05,-0.677808,22.0,32,13,RF,rf_probability,,,
ICICI Prudential ELSS Tax Saver Fund,2024-02-01,2024-03-01,0.35587218757334854,0.462177,3.2e-05,0.462145,30.0,32,18,RF,rf_probability,,,
ICICI Prudential India Opportunities Fund,2024-02-01,2024-03-01,0.5888313568955981,1.857783,3.2e-05,1.857751,9.0,32,5,RF,rf_probability,,,
ITI ELSS Tax Saver Fund,2024-02-01,2024-03-01,0.5977379422864717,0.388914,3.2e-05,0.388882,7.0,32,3,RF,rf_probability,,,
Kotak ELSS Tax Saver Fund,2024-02-01,2024-03-01,0.39545617411484285,0.674743,3.2e-05,0.674711,27.0,32,16,RF,rf_probability,,,
LIC MF ELSS Tax Saver,2024-02-01,2024-03-01,0.5125497175339281,0.275848,3.2e-05,0.275816,16.0,32,9,RF,rf_probability,,,
LIC MF Flexi Cap Fund,2024-02-01,2024-03-01,0.6128112143188765,-0.355827,3.2e-05,-0.355859,4.0,32,1,RF,rf_probability,,,
Motilal Oswal ELSS Tax Saver Fund,2024-02-01,2024-03-01,0.5747214170933985,1.885959,3.2e-05,1.885927,12.0,32,6,RF,rf_probability,,,
Motilal Oswal Flexi Cap Fund,2024-02-01,2024-03-01,0.4809284524642884,1.280927,3.2e-05,1.280895,21.0,32,12,RF,rf_probability,,,
Navi Flexi Cap Fund,2024-02-01,2024-03-01,0.599578792432198,-3.145843,3.2e-05,-3.145875,6.0,32,3,RF,rf_probability,,,
Parag Parikh ELSS Tax Saver Fund,2024-02-01,2024-03-01,0.4509205965774852,-1.805614,3.2e-05,-1.805646,23.0,32,13,RF,rf_probability,,,
Parag Parikh Flexi Cap Fund,2024-02-01,2024-03-01,0.5850661310739481,-0.745715,3.2e-05,-0.745747,10.0,32,5,RF,rf_probability,,,
PGIM India Flexi Cap Fund,2024-02-01,2024-03-01,0.5024774485146775,0.36384,3.2e-05,0.363808,17.0,32,10,RF,rf_probability,,,
Shriram ELSS Tax Saver Fund,2024-02-01,2024-03-01,0.49317348112843457,-2.030433,3.2e-05,-2.030465,18.0,32,10,RF,rf_probability,,,
Shriram Flexi Cap Fund,2024-02-01,2024-03-01,0.5798819188465474,-1.775879,3.2e-05,-1.775911,11.0,32,6,RF,rf_probability,,,
Sundaram ELSS Tax Saver Fund,2024-02-01,2024-03-01,0.40960755799068477,0.516676,3.2e-05,0.516644,25.0,32,15,RF,rf_probability,,,
UTI ELSS Tax Saver Fund,2024-02-01,2024-03-01,0.6005204777678465,0.338275,3.2e-05,0.338243,5.0,32,2,RF,rf_probability,,,
UTI Flexi Cap Fund,2024-02-01,2024-03-01,0.5612397932133226,0.136222,3.2e-05,0.13619,13.0,32,7,RF,rf_probability,,,
UTI Value Fund,2024-02-01,2024-03-01,0.2893027964639421,-0.620759,3.2e-05,-0.620791,32.0,32,19,RF,rf_probability,,,
Axis Flexi Cap Fund,2024-03-01,2024-04-01,0.38811049403812536,3.685504,4.533622,-0.848118,27.0,32,16,RF,rf_probability,,,
DSP ELSS Tax Saver Fund,2024-03-01,2024-04-01,0.4120144128575244,5.889785,4.533622,1.356163,23.0,32,13,RF,rf_probability,,,
DSP Flexi Cap Fund,2024-03-01,2024-04-01,0.47002670702190824,5.082646,4.533622,0.549024,17.0,32,10,RF,rf_probability,,,
Edelweiss ELSS Tax saver Fund,2024-03-01,2024-04-01,0.3534223393479583,3.328773,4.533622,-1.204849,28.0,32,16,RF,rf_probability,,,
Edelweiss Flexi Cap Fund,2024-03-01,2024-04-01,0.39007894654365255,4.391548,4.533622,-0.142074,25.0,32,15,RF,rf_probability,,,
Franklin India ELSS Tax Saver Fund,2024-03-01,2024-04-01,0.6238411263573025,3.897104,4.533622,-0.636518,4.0,32,1,RF,rf_probability,,,
Franklin India Flexi Cap Fund,2024-03-01,2024-04-01,0.6126981404216699,4.020038,4.533622,-0.513584,6.0,32,3,RF,rf_probability,,,
Franklin India Focused Equity Fund,2024-03-01,2024-04-01,0.4936513876646228,3.601527,4.533622,-0.932095,15.0,32,8,RF,rf_probability,,,
Franklin India Opportunities Fund,2024-03-01,2024-04-01,0.6581542881954648,10.286075,4.533622,5.752453,2.0,32,0,RF,rf_probability,,,
HDFC ELSS Tax saver,2024-03-01,2024-04-01,0.6058585866318065,3.603967,4.533622,-0.929655,9.0,32,5,RF,rf_probability,,,
HDFC Flexi Cap Fund,2024-03-01,2024-04-01,0.6083238303749918,3.323035,4.533622,-1.210587,7.0,32,3,RF,rf_probability,,,
HDFC Focused Fund,2024-03-01,2024-04-01,0.6279477121261948,3.601527,4.533622,-0.932095,3.0,32,1,RF,rf_probability,,,
HDFC Value Fund,2024-03-01,2024-04-01,0.5798219470072402,4.623961,4.533622,0.090339,10.0,32,5,RF,rf_probability,,,
HSBC Flexi Cap Fund,2024-03-01,2024-04-01,0.4327950547646369,4.05967,4.533622,-0.473952,18.0,32,10,RF,rf_probability,,,
ICICI Prudential ELSS Tax Saver Fund,2024-03-01,2024-04-01,0.5061446914196913,2.956655,4.533622,-1.576967,14.0,32,8,RF,rf_probability,,,
ICICI Prudential India Opportunities Fund,2024-03-01,2024-04-01,0.744974279048751,2.610063,4.533622,-1.923559,1.0,32,0,RF,rf_probability,,,
ITI ELSS Tax Saver Fund,2024-03-01,2024-04-01,0.5764364483555664,6.41467,4.533622,1.881048,11.0,32,6,RF,rf_probability,,,
Kotak ELSS Tax Saver Fund,2024-03-01,2024-04-01,0.3011148784823706,5.497173,4.533622,0.963551,31.0,32,18,RF,rf_probability,,,
LIC MF ELSS Tax Saver,2024-03-01,2024-04-01,0.27911518094908183,4.109112,4.533622,-0.42451,32.0,32,19,RF,rf_probability,,,
LIC MF Flexi Cap Fund,2024-03-01,2024-04-01,0.33175192060261727,4.089111,4.533622,-0.444511,29.0,32,17,RF,rf_probability,,,
Motilal Oswal ELSS Tax Saver Fund,2024-03-01,2024-04-01,0.6068023202201993,6.604114,4.533622,2.070492,8.0,32,4,RF,rf_probability,,,
Motilal Oswal Flexi Cap Fund,2024-03-01,2024-04-01,0.4177919708516459,4.220808,4.533622,-0.312814,22.0,32,13,RF,rf_probability,,,
Navi Flexi Cap Fund,2024-03-01,2024-04-01,0.6229436102167523,3.392367,4.533622,-1.141255,5.0,32,2,RF,rf_probability,,,
Parag Parikh ELSS Tax Saver Fund,2024-03-01,2024-04-01,0.38936751614398674,2.756612,4.533622,-1.77701,26.0,32,15,RF,rf_probability,,,
Parag Parikh Flexi Cap Fund,2024-03-01,2024-04-01,0.5479245785432316,2.799175,4.533622,-1.734447,12.0,32,6,RF,rf_probability,,,
PGIM India Flexi Cap Fund,2024-03-01,2024-04-01,0.3921148469779273,3.011712,4.533622,-1.52191,24.0,32,14,RF,rf_probability,,,
Shriram ELSS Tax Saver Fund,2024-03-01,2024-04-01,0.42640874390487415,4.380169,4.533622,-0.153453,20.0,32,11,RF,rf_probability,,,
Shriram Flexi Cap Fund,2024-03-01,2024-04-01,0.4778603822390201,4.441339,4.533622,-0.092283,16.0,32,9,RF,rf_probability,,,
Sundaram ELSS Tax Saver Fund,2024-03-01,2024-04-01,0.4183752439596867,3.655039,4.533622,-0.878583,21.0,32,12,RF,rf_probability,,,
UTI ELSS Tax Saver Fund,2024-03-01,2024-04-01,0.43053308649554783,4.284869,4.533622,-0.248753,19.0,32,11,RF,rf_probability,,,
UTI Flexi Cap Fund,2024-03-01,2024-04-01,0.5196149494296554,1.91143,4.533622,-2.622192,13.0,32,7,RF,rf_probability,,,
UTI Value Fund,2024-03-01,2024-04-01,0.3299590007859359,4.710377,4.533622,0.176755,30.0,32,18,RF,rf_probability,,,
Axis Flexi Cap Fund,2024-04-01,2024-05-01,0.3520200506579764,1.342812,0.731367,0.611445,25.0,32,15,RF,rf_probability,,,
DSP ELSS Tax Saver Fund,2024-04-01,2024-05-01,0.5217411042775592,2.480496,0.731367,1.749129,5.0,32,2,RF,rf_probability,,,
DSP Flexi Cap Fund,2024-04-01,2024-05-01,0.2973405879723993,2.098992,0.731367,1.367625,30.0,32,18,RF,rf_probability,,,
Edelweiss ELSS Tax saver Fund,2024-04-01,2024-05-01,0.36855756351491653,1.897617,0.731367,1.16625,21.0,32,12,RF,rf_probability,,,
Edelweiss Flexi Cap Fund,2024-04-01,2024-05-01,0.3520517642058663,2.507192,0.731367,1.775825,24.0,32,14,RF,rf_probability,,,
Franklin India ELSS Tax Saver Fund,2024-04-01,2024-05-01,0.40561854877148973,0.864446,0.731367,0.133079,13.0,32,7,RF,rf_probability,,,
Franklin India Flexi Cap Fund,2024-04-01,2024-05-01,0.3669105574937618,0.885017,0.731367,0.15365,22.0,32,13,RF,rf_probability,,,
Franklin India Focused Equity Fund,2024-04-01,2024-05-01,0.39238515826279,0.864442,0.731367,0.133075,15.0,32,8,RF,rf_probability,,,
Franklin India Opportunities Fund,2024-04-01,2024-05-01,0.6337231198540024,4.345069,0.731367,3.613702,1.0,32,0,RF,rf_probability,,,
HDFC ELSS Tax saver,2024-04-01,2024-05-01,0.3461891799720747,2.317903,0.731367,1.586536,26.0,32,15,RF,rf_probability,,,
HDFC Flexi Cap Fund,2024-04-01,2024-05-01,0.38135692663889265,2.17523,0.731367,1.443863,19.0,32,11,RF,rf_probability,,,
HDFC Focused Fund,2024-04-01,2024-05-01,0.3894105619011195,2.336364,0.731367,1.604997,16.0,32,9,RF,rf_probability,,,
HDFC Value Fund,2024-04-01,2024-05-01,0.39603732211201276,1.756638,0.731367,1.025271,14.0,32,8,RF,rf_probability,,,
HSBC Flexi Cap Fund,2024-04-01,2024-05-01,0.35409241281594234,1.317161,0.731367,0.585794,23.0,32,13,RF,rf_probability,,,
ICICI Prudential ELSS Tax Saver Fund,2024-04-01,2024-05-01,0.3293047026073344,-1.73968,0.731367,-2.471047,28.0,32,16,RF,rf_probability,,,
ICICI Prudential India Opportunities Fund,2024-04-01,2024-05-01,0.6254021182807556,0.398406,0.731367,-0.332961,2.0,32,0,RF,rf_probability,,,
ITI ELSS Tax Saver Fund,2024-04-01,2024-05-01,0.5344359423170566,2.332572,0.731367,1.601205,4.0,32,1,RF,rf_probability,,,
Kotak ELSS Tax Saver Fund,2024-04-01,2024-05-01,0.43837177966512325,2.526659,0.731367,1.795292,8.0,32,4,RF,rf_probability,,,
LIC MF ELSS Tax Saver,2024-04-01,2024-05-01,0.24434132305602904,2.278237,0.731367,1.54687,32.0,32,19,RF,rf_probability,,,
LIC MF Flexi Cap Fund,2024-04-01,2024-05-01,0.3055622665775917,1.635679,0.731367,0.904312,29.0,32,17,RF,rf_probability,,,
Motilal Oswal ELSS Tax Saver Fund,2024-04-01,2024-05-01,0.5004699421063973,1.485936,0.731367,0.754569,6.0,32,3,RF,rf_probability,,,
Motilal Oswal Flexi Cap Fund,2024-04-01,2024-05-01,0.4671557987334308,0.30065,0.731367,-0.430717,7.0,32,3,RF,rf_probability,,,
Navi Flexi Cap Fund,2024-04-01,2024-05-01,0.5891705596347239,0.432494,0.731367,-0.298873,3.0,32,1,RF,rf_probability,,,
Parag Parikh ELSS Tax Saver Fund,2024-04-01,2024-05-01,0.34112953643363875,0.333982,0.731367,-0.397385,27.0,32,16,RF,rf_probability,,,
Parag Parikh Flexi Cap Fund,2024-04-01,2024-05-01,0.41962576448842437,1.046461,0.731367,0.315094,12.0,32,6,RF,rf_probability,,,
PGIM India Flexi Cap Fund,2024-04-01,2024-05-01,0.37564961059752094,-1.732539,0.731367,-2.463906,20.0,32,11,RF,rf_probability,,,
Shriram ELSS Tax Saver Fund,2024-04-01,2024-05-01,0.294191950610449,2.694394,0.731367,1.963027,31.0,32,18,RF,rf_probability,,,
Shriram Flexi Cap Fund,2024-04-01,2024-05-01,0.4338241450585876,1.890275,0.731367,1.158908,10.0,32,5,RF,rf_probability,,,
Sundaram ELSS Tax Saver Fund,2024-04-01,2024-05-01,0.38452795476797047,-0.168575,0.731367,-0.899942,17.0,32,10,RF,rf_probability,,,
UTI ELSS Tax Saver Fund,2024-04-01,2024-05-01,0.38369002590976303,0.912111,0.731367,0.180744,18.0,32,10,RF,rf_probability,,,
UTI Flexi Cap Fund,2024-04-01,2024-05-01,0.4373257280645052,0.680787,0.731367,-0.05058,9.0,32,5,RF,rf_probability,,,
UTI Value Fund,2024-04-01,2024-05-01,0.4207643979343669,2.645571,0.731367,1.914204,11.0,32,6,RF,rf_probability,,,
Axis Flexi Cap Fund,2024-05-01,2024-06-01,0.4172595582951625,7.371295,7.051242,0.320053,20.0,32,11,RF,rf_probability,,,
DSP ELSS Tax Saver Fund,2024-05-01,2024-06-01,0.6459955753396923,6.930649,7.051242,-0.120593,2.0,32,0,RF,rf_probability,,,
DSP Flexi Cap Fund,2024-05-01,2024-06-01,0.324181728032889,7.270235,7.051242,0.218993,31.0,32,18,RF,rf_probability,,,
Edelweiss ELSS Tax saver Fund,2024-05-01,2024-06-01,0.29816795830588416,8.367259,7.051242,1.316017,32.0,32,19,RF,rf_probability,,,
Edelweiss Flexi Cap Fund,2024-05-01,2024-06-01,0.3716307614813806,8.725316,7.051242,1.674074,26.0,32,15,RF,rf_probability,,,
Franklin India ELSS Tax Saver Fund,2024-05-01,2024-06-01,0.3888632870397577,6.915345,7.051242,-0.135897,25.0,32,15,RF,rf_probability,,,
Franklin India Flexi Cap Fund,2024-05-01,2024-06-01,0.3470020366458447,6.790821,7.051242,-0.260421,30.0,32,18,RF,rf_probability,,,
Franklin India Focused Equity Fund,2024-05-01,2024-06-01,0.4349427384706797,6.51886,7.051242,-0.532382,17.0,32,10,RF,rf_probability,,,
Franklin India Opportunities Fund,2024-05-01,2024-06-01,0.5728481755172932,7.498378,7.051242,0.447136,6.0,32,3,RF,rf_probability,,,
HDFC ELSS Tax saver,2024-05-01,2024-06-01,0.5293657171260111,6.051424,7.051242,-0.999818,9.0,32,5,RF,rf_probability,,,
HDFC Flexi Cap Fund,2024-05-01,2024-06-01,0.49459809037711516,6.208431,7.051242,-0.842811,11.0,32,6,RF,rf_probability,,,
HDFC Focused Fund,2024-05-01,2024-06-01,0.45660729833462044,6.364508,7.051242,-0.686734,15.0,32,8,RF,rf_probability,,,
HDFC Value Fund,2024-05-01,2024-06-01,0.4774441225441226,7.475505,7.051242,0.424263,14.0,32,8,RF,rf_probability,,,
HSBC Flexi Cap Fund,2024-05-01,2024-06-01,0.4260282953974126,8.116271,7.051242,1.065029,18.0,32,10,RF,rf_probability,,,
ICICI Prudential ELSS Tax Saver Fund,2024-05-01,2024-06-01,0.3971256390238588,6.083416,7.051242,-0.967826,22.0,32,13,RF,rf_probability,,,
ICICI Prudential India Opportunities Fund,2024-05-01,2024-06-01,0.623741721488006,5.385779,7.051242,-1.665463,4.0,32,1,RF,rf_probability,,,
ITI ELSS Tax Saver Fund,2024-05-01,2024-06-01,0.6449293317793319,5.780891,7.051242,-1.270351,3.0,32,1,RF,rf_probability,,,
Kotak ELSS Tax Saver Fund,2024-05-01,2024-06-01,0.503530733782901,5.351887,7.051242,-1.699355,10.0,32,5,RF,rf_probability,,,
LIC MF ELSS Tax Saver,2024-05-01,2024-06-01,0.42093560965178634,8.539354,7.051242,1.488112,19.0,32,11,RF,rf_probability,,,
LIC MF Flexi Cap Fund,2024-05-01,2024-06-01,0.3955303437532539,8.578565,7.051242,1.527323,24.0,32,14,RF,rf_probability,,,
Motilal Oswal ELSS Tax Saver Fund,2024-05-01,2024-06-01,0.577105479118405,9.013836,7.051242,1.962594,5.0,32,2,RF,rf_probability,,,
Motilal Oswal Flexi Cap Fund,2024-05-01,2024-06-01,0.44624145588673486,9.078674,7.051242,2.027432,16.0,32,9,RF,rf_probability,,,
Navi Flexi Cap Fund,2024-05-01,2024-06-01,0.6852244312533015,7.593285,7.051242,0.542043,1.0,32,0,RF,rf_probability,,,
Parag Parikh ELSS Tax Saver Fund,2024-05-01,2024-06-01,0.368755895643744,5.210036,7.051242,-1.841206,27.0,32,16,RF,rf_probability,,,
Parag Parikh Flexi Cap Fund,2024-05-01,2024-06-01,0.5415571263412258,4.537794,7.051242,-2.513448,8.0,32,4,RF,rf_probability,,,
PGIM India Flexi Cap Fund,2024-05-01,2024-06-01,0.4876616131804215,7.99343,7.051242,0.942188,12.0,32,6,RF,rf_probability,,,
Shriram ELSS Tax Saver Fund,2024-05-01,2024-06-01,0.35125955232418077,5.103785,7.051242,-1.947457,29.0,32,17,RF,rf_probability,,,
Shriram Flexi Cap Fund,2024-05-01,2024-06-01,0.48067992552682975,4.568717,7.051242,-2.482525,13.0,32,7,RF,rf_probability,,,
Sundaram ELSS Tax Saver Fund,2024-05-01,2024-06-01,0.39901290396909606,5.823164,7.051242,-1.228078,21.0,32,12,RF,rf_probability,,,
UTI ELSS Tax Saver Fund,2024-05-01,2024-06-01,0.3562416106253567,7.975032,7.051242,0.92379,28.0,32,16,RF,rf_probability,,,
UTI Flexi Cap Fund,2024-05-01,2024-06-01,0.5723341975448012,7.216369,7.051242,0.165127,7.0,32,3,RF,rf_probability,,,
UTI Value Fund,2024-05-01,2024-06-01,0.3956374641698169,8.606123,7.051242,1.554881,23.0,32,13,RF,rf_probability,,,
Axis Flexi Cap Fund,2024-06-01,2024-07-01,0.36937859885212837,2.482014,4.390997,-1.908983,27.0,33,15,RF,rf_probability,,,
DSP ELSS Tax Saver Fund,2024-06-01,2024-07-01,0.6701892413142407,5.438025,4.390997,1.047028,1.0,33,0,RF,rf_probability,,,
DSP Flexi Cap Fund,2024-06-01,2024-07-01,0.39635608237651593,3.682852,4.390997,-0.708145,18.0,33,10,RF,rf_probability,,,
Edelweiss ELSS Tax saver Fund,2024-06-01,2024-07-01,0.3957071735454089,2.29958,4.390997,-2.091417,19.0,33,10,RF,rf_probability,,,
Edelweiss Flexi Cap Fund,2024-06-01,2024-07-01,0.35937528729440504,2.597585,4.390997,-1.793412,29.0,33,16,RF,rf_probability,,,
Franklin India ELSS Tax Saver Fund,2024-06-01,2024-07-01,0.5532771759286466,3.994447,4.390997,-0.39655,8.0,33,4,RF,rf_probability,,,
Franklin India Flexi Cap Fund,2024-06-01,2024-07-01,0.5626694416694417,3.920058,4.390997,-0.470939,7.0,33,3,RF,rf_probability,,,
Franklin India Focused Equity Fund,2024-06-01,2024-07-01,0.3431821728924673,2.404036,4.390997,-1.986961,31.0,33,18,RF,rf_probability,,,
Franklin India Opportunities Fund,2024-06-01,2024-07-01,0.6358862381082975,2.65292,4.390997,-1.738077,2.0,33,0,RF,rf_probability,,,
HDFC ELSS Tax saver,2024-06-01,2024-07-01,0.5042244413223514,2.903611,4.390997,-1.487386,12.0,33,6,RF,rf_probability,,,
HDFC Flexi Cap Fund,2024-06-01,2024-07-01,0.4984376149134661,2.890179,4.390997,-1.500818,13.0,33,7,RF,rf_probability,,,
HDFC Focused Fund,2024-06-01,2024-07-01,0.4305947010076268,2.360188,4.390997,-2.030809,17.0,33,9,RF,rf_probability,,,
HDFC Value Fund,2024-06-01,2024-07-01,0.6103515030720915,3.921894,4.390997,-0.469103,4.0,33,1,RF,rf_probability,,,
HSBC Flexi Cap Fund,2024-06-01,2024-07-01,0.46024292602822,2.97356,4.390997,-1.417437,14.0,33,7,RF,rf_probability,,,
ICICI Prudential ELSS Tax Saver Fund,2024-06-01,2024-07-01,0.25574066097301396,4.664275,4.390997,0.273278,33.0,33,19,RF,rf_probability,,,
ICICI Prudential India Opportunities Fund,2024-06-01,2024-07-01,0.5778434279514775,5.221113,4.390997,0.830116,6.0,33,3,RF,rf_probability,,,
ITI ELSS Tax Saver Fund,2024-06-01,2024-07-01,0.6260296814296813,3.049052,4.390997,-1.341945,3.0,33,1,RF,rf_probability,,,
Kotak ELSS Tax Saver Fund,2024-06-01,2024-07-01,0.38166215579226426,3.156319,4.390997,-1.234678,22.0,33,12,RF,rf_probability,,,
LIC MF ELSS Tax Saver,2024-06-01,2024-07-01,0.3060857453004511,3.070136,4.390997,-1.320861,32.0,33,18,RF,rf_probability,,,
LIC MF Flexi Cap Fund,2024-06-01,2024-07-01,0.3789330463653991,3.305034,4.390997,-1.085963,25.0,33,14,RF,rf_probability,,,
Motilal Oswal ELSS Tax Saver Fund,2024-06-01,2024-07-01,0.518500125768624,3.133506,4.390997,-1.257491,10.0,33,5,RF,rf_probability,,,
Motilal Oswal Flexi Cap Fund,2024-06-01,2024-07-01,0.3510384703102195,3.074992,4.390997,-1.316005,30.0,33,17,RF,rf_probability,,,
Navi Flexi Cap Fund,2024-06-01,2024-07-01,0.3892786017560009,3.831163,4.390997,-0.559834,21.0,33,12,RF,rf_probability,,,
Nippon India Value Fund,2024-06-01,2024-07-01,0.6046774880314043,3.335344,4.390997,-1.055653,5.0,33,2,RF,rf_probability,,,
Parag Parikh ELSS Tax Saver Fund,2024-06-01,2024-07-01,0.4360513417954599,4.793368,4.390997,0.402371,16.0,33,9,RF,rf_probability,,,
Parag Parikh Flexi Cap Fund,2024-06-01,2024-07-01,0.5241647952031514,2.903931,4.390997,-1.487066,9.0,33,4,RF,rf_probability,,,
PGIM India Flexi Cap Fund,2024-06-01,2024-07-01,0.3608159911983445,2.336096,4.390997,-2.054901,28.0,33,16,RF,rf_probability,,,
Shriram ELSS Tax Saver Fund,2024-06-01,2024-07-01,0.3791217548791079,3.009417,4.390997,-1.38158,24.0,33,13,RF,rf_probability,,,
Shriram Flexi Cap Fund,2024-06-01,2024-07-01,0.45382100086016514,2.333637,4.390997,-2.05736,15.0,33,8,RF,rf_probability,,,
Sundaram ELSS Tax Saver Fund,2024-06-01,2024-07-01,0.39302222826193434,2.775656,4.390997,-1.615341,20.0,33,11,RF,rf_probability,,,
UTI ELSS Tax Saver Fund,2024-06-01,2024-07-01,0.37669014743426515,3.403802,4.390997,-0.987195,26.0,33,15,RF,rf_probability,,,
UTI Flexi Cap Fund,2024-06-01,2024-07-01,0.37995600678131647,3.02596,4.390997,-1.365037,23.0,33,13,RF,rf_probability,,,
UTI Value Fund,2024-06-01,2024-07-01,0.5043737674863836,4.09342,4.390997,-0.297577,11.0,33,6,RF,rf_probability,,,
Axis Flexi Cap Fund,2024-07-01,2024-08-01,0.43506466308888897,2.508834,1.035556,1.473278,15.0,33,8,RF,rf_probability,,,
DSP ELSS Tax Saver Fund,2024-07-01,2024-08-01,0.3992076822987813,1.695555,1.035556,0.659999,20.0,33,11,RF,rf_probability,,,
DSP Flexi Cap Fund,2024-07-01,2024-08-01,0.37728398272395125,2.281496,1.035556,1.24594,25.0,33,14,RF,rf_probability,,,
Edelweiss ELSS Tax saver Fund,2024-07-01,2024-08-01,0.5067973211429092,2.20138,1.035556,1.165824,7.0,33,3,RF,rf_probability,,,
Edelweiss Flexi Cap Fund,2024-07-01,2024-08-01,0.38445365843307033,2.239335,1.035556,1.203779,22.0,33,12,RF,rf_probability,,,
Franklin India ELSS Tax Saver Fund,2024-07-01,2024-08-01,0.36824537096890014,1.724601,1.035556,0.689045,27.0,33,15,RF,rf_probability,,,
Franklin India Flexi Cap Fund,2024-07-01,2024-08-01,0.3787381176013528,1.738428,1.035556,0.702872,24.0,33,13,RF,rf_probability,,,
Franklin India Focused Equity Fund,2024-07-01,2024-08-01,0.46418692691897,2.022357,1.035556,0.986801,13.0,33,7,RF,rf_probability,,,
Franklin India Opportunities Fund,2024-07-01,2024-08-01,0.555815509653745,1.802703,1.035556,0.767147,2.0,33,0,RF,rf_probability,,,
HDFC ELSS Tax saver,2024-07-01,2024-08-01,0.3474469597396066,1.991641,1.035556,0.956085,28.0,33,16,RF,rf_probability,,,
HDFC Flexi Cap Fund,2024-07-01,2024-08-01,0.3700863189098483,1.768461,1.035556,0.732905,26.0,33,15,RF,rf_probability,,,
HDFC Focused Fund,2024-07-01,2024-08-01,0.3205070802950061,1.581999,1.035556,0.546443,31.0,33,18,RF,rf_probability,,,
HDFC Value Fund,2024-07-01,2024-08-01,0.42179167780963434,1.873672,1.035556,0.838116,17.0,33,9,RF,rf_probability,,,
HSBC Flexi Cap Fund,2024-07-01,2024-08-01,0.4494050913139145,2.06088,1.035556,1.025324,14.0,33,7,RF,rf_probability,,,
ICICI Prudential ELSS Tax Saver Fund,2024-07-01,2024-08-01,0.4191146853146855,2.794379,1.035556,1.758823,18.0,33,10,RF,rf_probability,,,
ICICI Prudential India Opportunities Fund,2024-07-01,2024-08-01,0.5075717129275954,2.982646,1.035556,1.94709,6.0,33,3,RF,rf_probability,,,
ITI ELSS Tax Saver Fund,2024-07-01,2024-08-01,0.5301259599877245,1.636609,1.035556,0.601053,5.0,33,2,RF,rf_probability,,,
Kotak ELSS Tax Saver Fund,2024-07-01,2024-08-01,0.39016419835754207,-0.83931,1.035556,-1.874866,21.0,33,12,RF,rf_probability,,,
LIC MF ELSS Tax Saver,2024-07-01,2024-08-01,0.25204935580415455,1.532421,1.035556,0.496865,33.0,33,19,RF,rf_probability,,,
LIC MF Flexi Cap Fund,2024-07-01,2024-08-01,0.4735244857052133,0.095282,1.035556,-0.940274,11.0,33,6,RF,rf_probability,,,
Motilal Oswal ELSS Tax Saver Fund,2024-07-01,2024-08-01,0.40335658589776235,4.061059,1.035556,3.025503,19.0,33,10,RF,rf_probability,,,
Motilal Oswal Flexi Cap Fund,2024-07-01,2024-08-01,0.3362486615895282,2.711336,1.035556,1.67578,29.0,33,16,RF,rf_probability,,,
Navi Flexi Cap Fund,2024-07-01,2024-08-01,0.48722587942673123,1.787335,1.035556,0.751779,10.0,33,5,RF,rf_probability,,,
Nippon India Value Fund,2024-07-01,2024-08-01,0.6098614919394335,2.115678,1.035556,1.080122,1.0,33,0,RF,rf_probability,,,
Parag Parikh ELSS Tax Saver Fund,2024-07-01,2024-08-01,0.4914280676753587,1.327908,1.035556,0.292352,9.0,33,4,RF,rf_probability,,,
Parag Parikh Flexi Cap Fund,2024-07-01,2024-08-01,0.4675042371027664,1.16076,1.035556,0.125204,12.0,33,6,RF,rf_probability,,,
PGIM India Flexi Cap Fund,2024-07-01,2024-08-01,0.5469962062275531,2.57732,1.035556,1.541764,3.0,33,1,RF,rf_probability,,,
Shriram ELSS Tax Saver Fund,2024-07-01,2024-08-01,0.27694085868551815,-0.881247,1.035556,-1.916803,32.0,33,18,RF,rf_probability,,,
Shriram Flexi Cap Fund,2024-07-01,2024-08-01,0.32510798126881724,-0.379166,1.035556,-1.414722,30.0,33,17,RF,rf_probability,,,
Sundaram ELSS Tax Saver Fund,2024-07-01,2024-08-01,0.5044306637497354,1.589401,1.035556,0.553845,8.0,33,4,RF,rf_probability,,,
UTI ELSS Tax Saver Fund,2024-07-01,2024-08-01,0.42684884913892607,1.956739,1.035556,0.921183,16.0,33,9,RF,rf_probability,,,
UTI Flexi Cap Fund,2024-07-01,2024-08-01,0.5320398337300816,3.214202,1.035556,2.178646,4.0,33,1,RF,rf_probability,,,
UTI Value Fund,2024-07-01,2024-08-01,0.3801215927777073,2.827207,1.035556,1.791651,23.0,33,13,RF,rf_probability,,,
Axis Flexi Cap Fund,2024-08-01,2024-09-01,0.34508603445058567,3.619442,2.166814,1.452628,22.0,33,12,RF,rf_probability,,,
DSP ELSS Tax Saver Fund,2024-08-01,2024-09-01,0.48616834256215025,1.859147,2.166814,-0.307667,8.0,33,4,RF,rf_probability,,,
DSP Flexi Cap Fund,2024-08-01,2024-09-01,0.248125996646972,2.503388,2.166814,0.336574,32.0,33,18,RF,rf_probability,,,
Edelweiss ELSS Tax saver Fund,2024-08-01,2024-09-01,0.37083291812246927,2.025028,2.166814,-0.141786,20.0,33,11,RF,rf_probability,,,
Edelweiss Flexi Cap Fund,2024-08-01,2024-09-01,0.2585946696664189,2.621639,2.166814,0.454825,30.0,33,17,RF,rf_probability,,,
Franklin India ELSS Tax Saver Fund,2024-08-01,2024-09-01,0.2881240134964122,1.999836,2.166814,-0.166978,27.0,33,15,RF,rf_probability,,,
Franklin India Flexi Cap Fund,2024-08-01,2024-09-01,0.2962554438737404,1.843844,2.166814,-0.32297,25.0,33,14,RF,rf_probability,,,
Franklin India Focused Equity Fund,2024-08-01,2024-09-01,0.33431968015644487,2.577702,2.166814,0.410888,24.0,33,13,RF,rf_probability,,,
Franklin India Opportunities Fund,2024-08-01,2024-09-01,0.49239630434924514,0.779048,2.166814,-1.387766,5.0,33,2,RF,rf_probability,,,
HDFC ELSS Tax saver,2024-08-01,2024-09-01,0.2552285929468897,2.300985,2.166814,0.134171,31.0,33,18,RF,rf_probability,,,
HDFC Flexi Cap Fund,2024-08-01,2024-09-01,0.2626115949122446,2.992151,2.166814,0.825337,29.0,33,16,RF,rf_probability,,,
HDFC Focused Fund,2024-08-01,2024-09-01,0.2895203568876947,3.480776,2.166814,1.313962,26.0,33,15,RF,rf_probability,,,
HDFC Value Fund,2024-08-01,2024-09-01,0.3526956231389196,2.268256,2.166814,0.101442,21.0,33,12,RF,rf_probability,,,
HSBC Flexi Cap Fund,2024-08-01,2024-09-01,0.42579490280960847,1.862276,2.166814,-0.304538,14.0,33,7,RF,rf_probability,,,
ICICI Prudential ELSS Tax Saver Fund,2024-08-01,2024-09-01,0.3885245255209186,3.364964,2.166814,1.19815,18.0,33,10,RF,rf_probability,,,
ICICI Prudential India Opportunities Fund,2024-08-01,2024-09-01,0.48779989548635055,2.369668,2.166814,0.202854,7.0,33,3,RF,rf_probability,,,
ITI ELSS Tax Saver Fund,2024-08-01,2024-09-01,0.5301001433207312,2.708076,2.166814,0.541262,3.0,33,1,RF,rf_probability,,,
Kotak ELSS Tax Saver Fund,2024-08-01,2024-09-01,0.43760405621210546,3.087091,2.166814,0.920277,13.0,33,7,RF,rf_probability,,,
LIC MF ELSS Tax Saver,2024-08-01,2024-09-01,0.19617969099184276,2.48218,2.166814,0.315366,33.0,33,19,RF,rf_probability,,,
LIC MF Flexi Cap Fund,2024-08-01,2024-09-01,0.5516389785652942,3.081102,2.166814,0.914288,1.0,33,0,RF,rf_probability,,,
Motilal Oswal ELSS Tax Saver Fund,2024-08-01,2024-09-01,0.38262518918989524,5.032987,2.166814,2.866173,19.0,33,10,RF,rf_probability,,,
Motilal Oswal Flexi Cap Fund,2024-08-01,2024-09-01,0.3433072234954589,6.662377,2.166814,4.495563,23.0,33,13,RF,rf_probability,,,
Navi Flexi Cap Fund,2024-08-01,2024-09-01,0.5312335406337728,1.386044,2.166814,-0.78077,2.0,33,0,RF,rf_probability,,,
Nippon India Value Fund,2024-08-01,2024-09-01,0.5280881073347016,2.290888,2.166814,0.124074,4.0,33,1,RF,rf_probability,,,
Parag Parikh ELSS Tax Saver Fund,2024-08-01,2024-09-01,0.47310683613771837,3.26813,2.166814,1.101316,10.0,33,5,RF,rf_probability,,,
Parag Parikh Flexi Cap Fund,2024-08-01,2024-09-01,0.46303212330325333,3.178253,2.166814,1.011439,11.0,33,6,RF,rf_probability,,,
PGIM India Flexi Cap Fund,2024-08-01,2024-09-01,0.4893982851943376,2.775784,2.166814,0.60897,6.0,33,3,RF,rf_probability,,,
Shriram ELSS Tax Saver Fund,2024-08-01,2024-09-01,0.4414649903158416,1.091026,2.166814,-1.075788,12.0,33,6,RF,rf_probability,,,
Shriram Flexi Cap Fund,2024-08-01,2024-09-01,0.3947251115155915,0.056761,2.166814,-2.110053,17.0,33,9,RF,rf_probability,,,
Sundaram ELSS Tax Saver Fund,2024-08-01,2024-09-01,0.483732379483262,2.024397,2.166814,-0.142417,9.0,33,4,RF,rf_probability,,,
UTI ELSS Tax Saver Fund,2024-08-01,2024-09-01,0.27460215472521976,2.306352,2.166814,0.139538,28.0,33,16,RF,rf_probability,,,
UTI Flexi Cap Fund,2024-08-01,2024-09-01,0.4005527595469546,3.455851,2.166814,1.289037,16.0,33,9,RF,rf_probability,,,
UTI Value Fund,2024-08-01,2024-09-01,0.40780006427181353,2.59996,2.166814,0.433146,15.0,33,8,RF,rf_probability,,,
Axis Flexi Cap Fund,2024-09-01,2024-10-01,0.23166376626170684,-6.169154,-6.352122,0.182968,30.0,33,17,RF,rf_probability,,,
DSP ELSS Tax Saver Fund,2024-09-01,2024-10-01,0.472400769448989,-5.348337,-6.352122,1.003785,5.0,33,2,RF,rf_probability,,,
DSP Flexi Cap Fund,2024-09-01,2024-10-01,0.2515863906647189,-5.223379,-6.352122,1.128743,27.0,33,15,RF,rf_probability,,,
Edelweiss ELSS Tax saver Fund,2024-09-01,2024-10-01,0.24407239450137216,-5.41923,-6.352122,0.932892,28.0,33,16,RF,rf_probability,,,
Edelweiss Flexi Cap Fund,2024-09-01,2024-10-01,0.2684521310818525,-5.877755,-6.352122,0.474367,23.0,33,13,RF,rf_probability,,,
Franklin India ELSS Tax Saver Fund,2024-09-01,2024-10-01,0.2773637964688577,-5.274571,-6.352122,1.077551,22.0,33,12,RF,rf_probability,,,
Franklin India Flexi Cap Fund,2024-09-01,2024-10-01,0.25575006285125423,-5.138116,-6.352122,1.214006,24.0,33,13,RF,rf_probability,,,
Franklin India Focused Equity Fund,2024-09-01,2024-10-01,0.32859780567430663,-7.147953,-6.352122,-0.795831,19.0,33,10,RF,rf_probability,,,
Franklin India Opportunities Fund,2024-09-01,2024-10-01,0.5205224726254137,-4.333196,-6.352122,2.018926,2.0,33,0,RF,rf_probability,,,
HDFC ELSS Tax saver,2024-09-01,2024-10-01,0.22404320056149715,-5.057553,-6.352122,1.294569,31.0,33,18,RF,rf_probability,,,
HDFC Flexi Cap Fund,2024-09-01,2024-10-01,0.23670813577547345,-3.806231,-6.352122,2.545891,29.0,33,16,RF,rf_probability,,,
HDFC Focused Fund,2024-09-01,2024-10-01,0.2553380217391829,-3.544983,-6.352122,2.807139,25.0,33,14,RF,rf_probability,,,
HDFC Value Fund,2024-09-01,2024-10-01,0.30860168178615477,-4.955691,-6.352122,1.396431,21.0,33,12,RF,rf_probability,,,
HSBC Flexi Cap Fund,2024-09-01,2024-10-01,0.33692221949577944,-4.661348,-6.352122,1.690774,17.0,33,9,RF,rf_probability,,,
ICICI Prudential ELSS Tax Saver Fund,2024-09-01,2024-10-01,0.2526775593399736,-6.017424,-6.352122,0.334698,26.0,33,15,RF,rf_probability,,,
ICICI Prudential India Opportunities Fund,2024-09-01,2024-10-01,0.42711252566662755,-5.023184,-6.352122,1.328938,12.0,33,6,RF,rf_probability,,,
ITI ELSS Tax Saver Fund,2024-09-01,2024-10-01,0.5014240558976626,-7.13458,-6.352122,-0.782458,3.0,33,1,RF,rf_probability,,,
Kotak ELSS Tax Saver Fund,2024-09-01,2024-10-01,0.44441234386528494,-5.978265,-6.352122,0.373857,9.0,33,4,RF,rf_probability,,,
LIC MF ELSS Tax Saver,2024-09-01,2024-10-01,0.19636013581361886,-5.627119,-6.352122,0.725003,33.0,33,19,RF,rf_probability,,,
LIC MF Flexi Cap Fund,2024-09-01,2024-10-01,0.5863904033874622,-5.838482,-6.352122,0.51364,1.0,33,0,RF,rf_probability,,,
Motilal Oswal ELSS Tax Saver Fund,2024-09-01,2024-10-01,0.32963096718383095,-3.805693,-6.352122,2.546429,18.0,33,10,RF,rf_probability,,,
Motilal Oswal Flexi Cap Fund,2024-09-01,2024-10-01,0.20734326533459674,-6.56817,-6.352122,-0.216048,32.0,33,18,RF,rf_probability,,,
Navi Flexi Cap Fund,2024-09-01,2024-10-01,0.4552976630924304,-5.026672,-6.352122,1.32545,7.0,33,3,RF,rf_probability,,,
Nippon India Value Fund,2024-09-01,2024-10-01,0.4954875507017923,-5.336331,-6.352122,1.015791,4.0,33,1,RF,rf_probability,,,
Parag Parikh ELSS Tax Saver Fund,2024-09-01,2024-10-01,0.37785222175485317,-4.403874,-6.352122,1.948248,15.0,33,8,RF,rf_probability,,,
Parag Parikh Flexi Cap Fund,2024-09-01,2024-10-01,0.39605925043308915,-3.006436,-6.352122,3.345686,13.0,33,7,RF,rf_probability,,,
PGIM India Flexi Cap Fund,2024-09-01,2024-10-01,0.3903802599761105,-6.068356,-6.352122,0.283766,14.0,33,7,RF,rf_probability,,,
Shriram ELSS Tax Saver Fund,2024-09-01,2024-10-01,0.4451170096845019,-6.715607,-6.352122,-0.363485,8.0,33,4,RF,rf_probability,,,
Shriram Flexi Cap Fund,2024-09-01,2024-10-01,0.4277362966668694,-6.720487,-6.352122,-0.368365,11.0,33,6,RF,rf_probability,,,
Sundaram ELSS Tax Saver Fund,2024-09-01,2024-10-01,0.4652222131789779,-5.593751,-6.352122,0.758371,6.0,33,3,RF,rf_probability,,,
UTI ELSS Tax Saver Fund,2024-09-01,2024-10-01,0.31789290253090574,-7.043841,-6.352122,-0.691719,20.0,33,11,RF,rf_probability,,,
UTI Flexi Cap Fund,2024-09-01,2024-10-01,0.33712345038862057,-6.273179,-6.352122,0.078943,16.0,33,9,RF,rf_probability,,,
UTI Value Fund,2024-09-01,2024-10-01,0.4307967322752928,-5.714124,-6.352122,0.637998,10.0,33,5,RF,rf_probability,,,
Axis Flexi Cap Fund,2024-10-01,2024-11-01,0.45283824574678994,1.272534,0.045826,1.226708,30.0,33,17,RF,rf_probability,,,
DSP ELSS Tax Saver Fund,2024-10-01,2024-11-01,0.533823877326664,0.125883,0.045826,0.080057,24.0,33,13,RF,rf_probability,,,
DSP Flexi Cap Fund,2024-10-01,2024-11-01,0.5253305302884248,0.074621,0.045826,0.028795,25.0,33,14,RF,rf_probability,,,
Edelweiss ELSS Tax saver Fund,2024-10-01,2024-11-01,0.6089120038458276,0.524626,0.045826,0.4788,8.0,33,4,RF,rf_probability,,,
Edelweiss Flexi Cap Fund,2024-10-01,2024-11-01,0.5530763872951953,0.515002,0.045826,0.469176,20.0,33,11,RF,rf_probability,,,
Franklin India ELSS Tax Saver Fund,2024-10-01,2024-11-01,0.6804340047980915,0.716843,0.045826,0.671017,3.0,33,1,RF,rf_probability,,,
Franklin India Flexi Cap Fund,2024-10-01,2024-11-01,0.6679121710762581,0.548324,0.045826,0.502498,4.0,33,1,RF,rf_probability,,,
Franklin India Focused Equity Fund,2024-10-01,2024-11-01,0.5603741754891141,1.080515,0.045826,1.034689,18.0,33,10,RF,rf_probability,,,
Franklin India Opportunities Fund,2024-10-01,2024-11-01,0.543043927649578,2.297428,0.045826,2.251602,23.0,33,13,RF,rf_probability,,,
HDFC ELSS Tax saver,2024-10-01,2024-11-01,0.6069987018227735,0.017741,0.045826,-0.028085,9.0,33,4,RF,rf_probability,,,
HDFC Flexi Cap Fund,2024-10-01,2024-11-01,0.64194354799827,0.416493,0.045826,0.370667,6.0,33,3,RF,rf_probability,,,
HDFC Focused Fund,2024-10-01,2024-11-01,0.6025503745566438,0.804786,0.045826,0.75896,10.0,33,5,RF,rf_probability,,,
HDFC Value Fund,2024-10-01,2024-11-01,0.5881606282606286,-0.568207,0.045826,-0.614033,12.0,33,6,RF,rf_probability,,,
HSBC Flexi Cap Fund,2024-10-01,2024-11-01,0.5880960272183956,1.932505,0.045826,1.886679,13.0,33,7,RF,rf_probability,,,
ICICI Prudential ELSS Tax Saver Fund,2024-10-01,2024-11-01,0.5925547330894081,-0.851567,0.045826,-0.897393,11.0,33,6,RF,rf_probability,,,
ICICI Prudential India Opportunities Fund,2024-10-01,2024-11-01,0.5863199209459271,-0.406394,0.045826,-0.45222,15.0,33,8,RF,rf_probability,,,
ITI ELSS Tax Saver Fund,2024-10-01,2024-11-01,0.4351509932877579,0.99409,0.045826,0.948264,31.0,33,18,RF,rf_probability,,,
Kotak ELSS Tax Saver Fund,2024-10-01,2024-11-01,0.5637688671235888,0.53034,0.045826,0.484514,16.0,33,9,RF,rf_probability,,,
LIC MF ELSS Tax Saver,2024-10-01,2024-11-01,0.5459267170192397,1.018699,0.045826,0.972873,22.0,33,12,RF,rf_probability,,,
LIC MF Flexi Cap Fund,2024-10-01,2024-11-01,0.7012373453258129,1.189527,0.045826,1.143701,1.0,33,0,RF,rf_probability,,,
Motilal Oswal ELSS Tax Saver Fund,2024-10-01,2024-11-01,0.5478614717326024,1.904544,0.045826,1.858718,21.0,33,12,RF,rf_probability,,,
Motilal Oswal Flexi Cap Fund,2024-10-01,2024-11-01,0.5604204089168489,3.833551,0.045826,3.787725,17.0,33,9,RF,rf_probability,,,
Navi Flexi Cap Fund,2024-10-01,2024-11-01,0.5535015566906436,-0.398355,0.045826,-0.444181,19.0,33,10,RF,rf_probability,,,
Nippon India Value Fund,2024-10-01,2024-11-01,0.634015146497809,-0.288773,0.045826,-0.334599,7.0,33,3,RF,rf_probability,,,
Parag Parikh ELSS Tax Saver Fund,2024-10-01,2024-11-01,0.6880961565867918,0.340966,0.045826,0.29514,2.0,33,0,RF,rf_probability,,,
Parag Parikh Flexi Cap Fund,2024-10-01,2024-11-01,0.655198248681144,0.274599,0.045826,0.228773,5.0,33,2,RF,rf_probability,,,
PGIM India Flexi Cap Fund,2024-10-01,2024-11-01,0.48145472249329757,0.345253,0.045826,0.299427,29.0,33,16,RF,rf_probability,,,
Shriram ELSS Tax Saver Fund,2024-10-01,2024-11-01,0.3101809507743719,0.099863,0.045826,0.054037,32.0,33,18,RF,rf_probability,,,
Shriram Flexi Cap Fund,2024-10-01,2024-11-01,0.255537391839327,0.16613,0.045826,0.120304,33.0,33,19,RF,rf_probability,,,
Sundaram ELSS Tax Saver Fund,2024-10-01,2024-11-01,0.5251551625533052,0.352726,0.045826,0.3069,26.0,33,15,RF,rf_probability,,,
UTI ELSS Tax Saver Fund,2024-10-01,2024-11-01,0.5103164447437668,-0.317364,0.045826,-0.36319,27.0,33,15,RF,rf_probability,,,
UTI Flexi Cap Fund,2024-10-01,2024-11-01,0.5873427752673881,1.169353,0.045826,1.123527,14.0,33,7,RF,rf_probability,,,
UTI Value Fund,2024-10-01,2024-11-01,0.5009930797702472,0.034214,0.045826,-0.011612,28.0,33,16,RF,rf_probability,,,
Axis Flexi Cap Fund,2024-11-01,2024-12-01,0.488598355883882,0.383944,-1.36551,1.749454,26.0,33,15,RF,rf_probability,,,
DSP ELSS Tax Saver Fund,2024-11-01,2024-12-01,0.5467737867481676,-1.276435,-1.36551,0.089075,18.0,33,10,RF,rf_probability,,,
DSP Flexi Cap Fund,2024-11-01,2024-12-01,0.48229974510353774,-1.596052,-1.36551,-0.230542,27.0,33,15,RF,rf_probability,,,
Edelweiss ELSS Tax saver Fund,2024-11-01,2024-12-01,0.5631420689217904,-0.755569,-1.36551,0.609941,14.0,33,7,RF,rf_probability,,,
Edelweiss Flexi Cap Fund,2024-11-01,2024-12-01,0.5517581388769471,-0.69535,-1.36551,0.67016,17.0,33,9,RF,rf_probability,,,
Franklin India ELSS Tax Saver Fund,2024-11-01,2024-12-01,0.6216899666123353,-0.143834,-1.36551,1.221676,7.0,33,3,RF,rf_probability,,,
Franklin India Flexi Cap Fund,2024-11-01,2024-12-01,0.6409369498922134,-0.144048,-1.36551,1.221462,6.0,33,3,RF,rf_probability,,,
Franklin India Focused Equity Fund,2024-11-01,2024-12-01,0.5616244266998913,-1.195273,-1.36551,0.170237,15.0,33,8,RF,rf_probability,,,
Franklin India Opportunities Fund,2024-11-01,2024-12-01,0.4983026280994548,0.245392,-1.36551,1.610902,24.0,33,13,RF,rf_probability,,,
HDFC ELSS Tax saver,2024-11-01,2024-12-01,0.5867628005895036,-1.356294,-1.36551,0.009216,9.0,33,4,RF,rf_probability,,,
HDFC Flexi Cap Fund,2024-11-01,2024-12-01,0.6648816535201987,-1.213239,-1.36551,0.152271,3.0,33,1,RF,rf_probability,,,
HDFC Focused Fund,2024-11-01,2024-12-01,0.5912697422632408,-1.54074,-1.36551,-0.17523,8.0,33,4,RF,rf_probability,,,
HDFC Value Fund,2024-11-01,2024-12-01,0.5745367415264475,-1.386799,-1.36551,-0.021289,10.0,33,5,RF,rf_probability,,,
HSBC Flexi Cap Fund,2024-11-01,2024-12-01,0.5007320613596927,-0.281478,-1.36551,1.084032,23.0,33,13,RF,rf_probability,,,
ICICI Prudential ELSS Tax Saver Fund,2024-11-01,2024-12-01,0.5657594640653464,-2.176505,-1.36551,-0.810995,13.0,33,7,RF,rf_probability,,,
ICICI Prudential India Opportunities Fund,2024-11-01,2024-12-01,0.5692222589330174,-1.468988,-1.36551,-0.103478,11.0,33,6,RF,rf_probability,,,
ITI ELSS Tax Saver Fund,2024-11-01,2024-12-01,0.5422266160310275,-1.209364,-1.36551,0.156146,20.0,33,11,RF,rf_probability,,,
Kotak ELSS Tax Saver Fund,2024-11-01,2024-12-01,0.5533603560268422,-0.625948,-1.36551,0.739562,16.0,33,9,RF,rf_probability,,,
LIC MF ELSS Tax Saver,2024-11-01,2024-12-01,0.5430021664523992,0.652999,-1.36551,2.018509,19.0,33,10,RF,rf_probability,,,
LIC MF Flexi Cap Fund,2024-11-01,2024-12-01,0.6680395307650727,-1.059455,-1.36551,0.306055,2.0,33,0,RF,rf_probability,,,
Motilal Oswal ELSS Tax Saver Fund,2024-11-01,2024-12-01,0.5246658244060722,3.906413,-1.36551,5.271923,21.0,33,12,RF,rf_probability,,,
Motilal Oswal Flexi Cap Fund,2024-11-01,2024-12-01,0.4492753364454604,2.734816,-1.36551,4.100326,30.0,33,17,RF,rf_probability,,,
Navi Flexi Cap Fund,2024-11-01,2024-12-01,0.5199285876662038,-1.659668,-1.36551,-0.294158,22.0,33,12,RF,rf_probability,,,
Nippon India Value Fund,2024-11-01,2024-12-01,0.6695367139396551,-0.014219,-1.36551,1.351291,1.0,33,0,RF,rf_probability,,,
Parag Parikh ELSS Tax Saver Fund,2024-11-01,2024-12-01,0.6643233125577559,0.501988,-1.36551,1.867498,4.0,33,1,RF,rf_probability,,,
Parag Parikh Flexi Cap Fund,2024-11-01,2024-12-01,0.6604348267745329,1.047786,-1.36551,2.413296,5.0,33,2,RF,rf_probability,,,
PGIM India Flexi Cap Fund,2024-11-01,2024-12-01,0.42272028996115674,0.221185,-1.36551,1.586695,31.0,33,18,RF,rf_probability,,,
Shriram ELSS Tax Saver Fund,2024-11-01,2024-12-01,0.38977487184298326,1.456944,-1.36551,2.822454,32.0,33,18,RF,rf_probability,,,
Shriram Flexi Cap Fund,2024-11-01,2024-12-01,0.31002688796411715,1.730334,-1.36551,3.095844,33.0,33,19,RF,rf_probability,,,
Sundaram ELSS Tax Saver Fund,2024-11-01,2024-12-01,0.45398302885624864,-0.538272,-1.36551,0.827238,29.0,33,16,RF,rf_probability,,,
UTI ELSS Tax Saver Fund,2024-11-01,2024-12-01,0.4950515141721022,-1.370693,-1.36551,-0.005183,25.0,33,14,RF,rf_probability,,,
UTI Flexi Cap Fund,2024-11-01,2024-12-01,0.5667107221124247,-0.622073,-1.36551,0.743437,12.0,33,6,RF,rf_probability,,,
UTI Value Fund,2024-11-01,2024-12-01,0.4700880424099468,-2.136573,-1.36551,-0.771063,28.0,33,16,RF,rf_probability,,,
Aditya Birla Sun Life ELSS Tax Saver Fund,2024-12-01,2025-01-01,0.3870282959214849,-4.208701,-3.470144,-0.738557,54.0,60,17,RF,rf_probability,,,
Aditya Birla Sun Life Flexi Cap Fund,2024-12-01,2025-01-01,0.4513208603917583,-3.919877,-3.470144,-0.449733,41.0,60,13,RF,rf_probability,,,
Axis ELSS Tax Saver Fund,2024-12-01,2025-01-01,0.4357175551886382,-3.643577,-3.470144,-0.173433,45.0,60,14,RF,rf_probability,,,
Axis Flexi Cap Fund,2024-12-01,2025-01-01,0.39619446438494427,-6.4036,-3.470144,-2.933456,53.0,60,17,RF,rf_probability,,,
Axis Focused Fund,2024-12-01,2025-01-01,0.4198379845271014,-4.879646,-3.470144,-1.409502,48.0,60,15,RF,rf_probability,,,
Baroda BNP Paribas ELSS Tax Saver Fund,2024-12-01,2025-01-01,0.41403299334824134,-6.285185,-3.470144,-2.815041,51.0,60,16,RF,rf_probability,,,
Baroda BNP Paribas Focused Fund,2024-12-01,2025-01-01,0.5607376337714575,-6.599403,-3.470144,-3.129259,16.0,60,5,RF,rf_probability,,,
DSP ELSS Tax Saver Fund,2024-12-01,2025-01-01,0.4845309882154312,-4.27113,-3.470144,-0.800986,32.0,60,10,RF,rf_probability,,,
DSP Flexi Cap Fund,2024-12-01,2025-01-01,0.557648566859697,-5.1035,-3.470144,-1.633356,18.0,60,5,RF,rf_probability,,,
DSP Focused Fund,2024-12-01,2025-01-01,0.5995048864534163,-3.790168,-3.470144,-0.320024,7.0,60,2,RF,rf_probability,,,
Edelweiss ELSS Tax saver Fund,2024-12-01,2025-01-01,0.524633513914706,-5.03479,-3.470144,-1.564646,24.0,60,7,RF,rf_probability,,,
Edelweiss Flexi Cap Fund,2024-12-01,2025-01-01,0.5039078511529751,-6.151445,-3.470144,-2.681301,27.0,60,8,RF,rf_probability,,,
Franklin India ELSS Tax Saver Fund,2024-12-01,2025-01-01,0.4723999758411524,-5.592759,-3.470144,-2.122615,35.0,60,11,RF,rf_probability,,,
Franklin India Flexi Cap Fund,2024-12-01,2025-01-01,0.5223985020225735,-5.41933,-3.470144,-1.949186,25.0,60,8,RF,rf_probability,,,
Franklin India Focused Equity Fund,2024-12-01,2025-01-01,0.49262568917151,-4.566456,-3.470144,-1.096312,30.0,60,9,RF,rf_probability,,,
Franklin India Opportunities Fund,2024-12-01,2025-01-01,0.46052061627742746,-6.435277,-3.470144,-2.965133,37.0,60,12,RF,rf_probability,,,
HDFC ELSS Tax saver,2024-12-01,2025-01-01,0.5700329453140599,-2.568971,-3.470144,0.901173,15.0,60,4,RF,rf_probability,,,
HDFC Flexi Cap Fund,2024-12-01,2025-01-01,0.6435607913328505,-2.726904,-3.470144,0.74324,2.0,60,0,RF,rf_probability,,,
HDFC Focused Fund,2024-12-01,2025-01-01,0.6183962888762425,-2.74642,-3.470144,0.723724,4.0,60,1,RF,rf_probability,,,
HDFC Value Fund,2024-12-01,2025-01-01,0.5513671555568616,-4.453804,-3.470144,-0.98366,20.0,60,6,RF,rf_probability,,,
HSBC Flexi Cap Fund,2024-12-01,2025-01-01,0.36965473021130907,-8.142979,-3.470144,-4.672835,58.0,60,19,RF,rf_probability,,,
HSBC Focused Fund,2024-12-01,2025-01-01,0.45542602127834325,-8.771084,-3.470144,-5.30094,39.0,60,12,RF,rf_probability,,,
HSBC Tax Saver Equity Fund,2024-12-01,2025-01-01,0.4251562470123617,-8.186671,-3.470144,-4.716527,47.0,60,15,RF,rf_probability,,,
ICICI Prudential ELSS Tax Saver Fund,2024-12-01,2025-01-01,0.5875091101279183,-2.786406,-3.470144,0.683738,10.0,60,3,RF,rf_probability,,,
ICICI Prudential India Opportunities Fund,2024-12-01,2025-01-01,0.5803469066880832,-1.291564,-3.470144,2.17858,13.0,60,4,RF,rf_probability,,,
ITI ELSS Tax Saver Fund,2024-12-01,2025-01-01,0.5952701508759561,-7.340815,-3.470144,-3.870671,8.0,60,2,RF,rf_probability,,,
Kotak ELSS Tax Saver Fund,2024-12-01,2025-01-01,0.4949670832865107,-6.293276,-3.470144,-2.823132,29.0,60,9,RF,rf_probability,,,
Kotak Flexi Cap Fund,2024-12-01,2025-01-01,0.5031997120526532,-2.893887,-3.470144,0.576257,28.0,60,9,RF,rf_probability,,,
Kotak Focused Fund,2024-12-01,2025-01-01,0.4702074296532501,-4.014195,-3.470144,-0.544051,36.0,60,11,RF,rf_probability,,,
LIC MF ELSS Tax Saver,2024-12-01,2025-01-01,0.5247434381322157,-5.094073,-3.470144,-1.623929,23.0,60,7,RF,rf_probability,,,
LIC MF Flexi Cap Fund,2024-12-01,2025-01-01,0.6864407355286616,-6.824417,-3.470144,-3.354273,1.0,60,0,RF,rf_probability,,,
LIC MF Focused Fund,2024-12-01,2025-01-01,0.5813518153243384,-2.333221,-3.470144,1.136923,12.0,60,3,RF,rf_probability,,,
Mahindra Manulife ELSS Tax Saver Fund,2024-12-01,2025-01-01,0.5438933780272014,-3.35736,-3.470144,0.112784,22.0,60,7,RF,rf_probability,,,
Mahindra Manulife Focused Fund,2024-12-01,2025-01-01,0.5441535336009022,-1.582456,-3.470144,1.887688,21.0,60,6,RF,rf_probability,,,
Mirae Asset ELSS Tax Saver Fund,2024-12-01,2025-01-01,0.5764208528399705,-4.658138,-3.470144,-1.187994,14.0,60,4,RF,rf_probability,,,
Mirae Asset Focused Fund,2024-12-01,2025-01-01,0.3770326898591609,-6.363076,-3.470144,-2.892932,56.0,60,18,RF,rf_probability,,,
Motilal Oswal ELSS Tax Saver Fund,2024-12-01,2025-01-01,0.4593912149511998,-15.028961,-3.470144,-11.558817,38.0,60,12,RF,rf_probability,,,
Motilal Oswal Flexi Cap Fund,2024-12-01,2025-01-01,0.4789714208564054,-11.891417,-3.470144,-8.421273,33.0,60,10,RF,rf_probability,,,
Motilal Oswal Focused Fund,2024-12-01,2025-01-01,0.38615893664299256,-9.702875,-3.470144,-6.232731,55.0,60,18,RF,rf_probability,,,
Navi Flexi Cap Fund,2024-12-01,2025-01-01,0.5843654978578352,-4.640898,-3.470144,-1.170754,11.0,60,3,RF,rf_probability,,,
Nippon India ELSS Tax Saver Fund,2024-12-01,2025-01-01,0.5879754232437668,-4.692683,-3.470144,-1.222539,9.0,60,2,RF,rf_probability,,,
Nippon India Value Fund,2024-12-01,2025-01-01,0.5049573883632704,-5.368608,-3.470144,-1.898464,26.0,60,8,RF,rf_probability,,,
Parag Parikh ELSS Tax Saver Fund,2024-12-01,2025-01-01,0.6305402208558556,-1.86081,-3.470144,1.609334,3.0,60,0,RF,rf_probability,,,
Parag Parikh Flexi Cap Fund,2024-12-01,2025-01-01,0.6061429428414722,-0.5807,-3.470144,2.889444,6.0,60,1,RF,rf_probability,,,
PGIM India ELSS Tax Saver Fund,2024-12-01,2025-01-01,0.42815068811477475,-4.616169,-3.470144,-1.146025,46.0,60,15,RF,rf_probability,,,
PGIM India Flexi Cap Fund,2024-12-01,2025-01-01,0.33294852822615983,-4.847747,-3.470144,-1.377603,60.0,60,19,RF,rf_probability,,,
Quant ELSS Tax Saver Fund,2024-12-01,2025-01-01,0.41870299422799384,-4.472322,-3.470144,-1.002178,49.0,60,16,RF,rf_probability,,,
Quant Focused Fund,2024-12-01,2025-01-01,0.5576838878355911,-1.981542,-3.470144,1.488602,17.0,60,5,RF,rf_probability,,,
Shriram ELSS Tax Saver Fund,2024-12-01,2025-01-01,0.4778128253669276,-12.464724,-3.470144,-8.99458,34.0,60,11,RF,rf_probability,,,
Shriram Flexi Cap Fund,2024-12-01,2025-01-01,0.3469590761749433,-12.756083,-3.470144,-9.285939,59.0,60,19,RF,rf_probability,,,
Sundaram ELSS Tax Saver Fund,2024-12-01,2025-01-01,0.45500652925505874,-3.942616,-3.470144,-0.472472,40.0,60,13,RF,rf_probability,,,
Sundaram Focused Fund,2024-12-01,2025-01-01,0.48691855725114225,-4.267578,-3.470144,-0.797434,31.0,60,10,RF,rf_probability,,,
Sundaram Value Fund,2024-12-01,2025-01-01,0.44743028505722027,-3.797437,-3.470144,-0.327293,42.0,60,13,RF,rf_probability,,,
Tata ELSS Fund,2024-12-01,2025-01-01,0.37134163304016254,-5.599734,-3.470144,-2.12959,57.0,60,18,RF,rf_probability,,,
Tata Flexi Cap Fund,2024-12-01,2025-01-01,0.4113801381624912,-1.37659,-3.470144,2.093554,52.0,60,17,RF,rf_probability,,,
Tata Focused Fund,2024-12-01,2025-01-01,0.5527103352529826,-7.453829,-3.470144,-3.983685,19.0,60,6,RF,rf_probability,,,
Tata Value Fund,2024-12-01,2025-01-01,0.6096452358443069,-6.967372,-3.470144,-3.497228,5.0,60,1,RF,rf_probability,,,
UTI ELSS Tax Saver Fund,2024-12-01,2025-01-01,0.44421653554563756,-4.239837,-3.470144,-0.769693,43.0,60,14,RF,rf_probability,,,
UTI Flexi Cap Fund,2024-12-01,2025-01-01,0.4169436667649517,-3.951754,-3.470144,-0.48161,50.0,60,16,RF,rf_probability,,,
UTI Value Fund,2024-12-01,2025-01-01,0.44283043580946074,-3.000438,-3.470144,0.469706,44.0,60,14,RF,rf_probability,,,
Aditya Birla Sun Life Dividend Yield Fund,2025-01-01,2025-02-01,0.4822742279736088,-7.236039,-7.786369,0.55033,12.0,71,3,RF,rf_probability,,,
Aditya Birla Sun Life ELSS Tax Saver Fund,2025-01-01,2025-02-01,0.44300992521970745,-5.212483,-7.786369,2.573886,25.0,71,6,RF,rf_probability,,,
Aditya Birla Sun Life Flexi Cap Fund,2025-01-01,2025-02-01,0.22385719639837293,-5.79981,-7.786369,1.986559,68.0,71,18,RF,rf_probability,,,
Aditya Birla Sun Life Focused Fund,2025-01-01,2025-02-01,0.2972912078117962,-5.465014,-7.786369,2.321355,57.0,71,15,RF,rf_probability,,,
Axis ELSS Tax Saver Fund,2025-01-01,2025-02-01,0.3171048985328396,-5.338428,-7.786369,2.447941,51.0,71,14,RF,rf_probability,,,
Axis Flexi Cap Fund,2025-01-01,2025-02-01,0.24834638466109057,-7.540127,-7.786369,0.246242,63.0,71,17,RF,rf_probability,,,
Axis Focused Fund,2025-01-01,2025-02-01,0.3674050965374492,-5.238508,-7.786369,2.547861,41.0,71,11,RF,rf_probability,,,
Axis Innovation Fund,2025-01-01,2025-02-01,0.35832864635364625,-6.07221,-7.786369,1.714159,43.0,71,11,RF,rf_probability,,,
Baroda BNP Paribas ELSS Tax Saver Fund,2025-01-01,2025-02-01,0.22728408843739975,-7.137244,-7.786369,0.649125,67.0,71,18,RF,rf_probability,,,
Baroda BNP Paribas Focused Fund,2025-01-01,2025-02-01,0.40968512697014164,-8.437424,-7.786369,-0.651055,34.0,71,9,RF,rf_probability,,,
DSP ELSS Tax Saver Fund,2025-01-01,2025-02-01,0.41658335570779725,-5.012894,-7.786369,2.773475,32.0,71,8,RF,rf_probability,,,
DSP Flexi Cap Fund,2025-01-01,2025-02-01,0.34316821129506847,-5.364658,-7.786369,2.421711,46.0,71,12,RF,rf_probability,,,
DSP Focused Fund,2025-01-01,2025-02-01,0.3752722225770817,-4.189949,-7.786369,3.59642,37.0,71,10,RF,rf_probability,,,
Edelweiss ELSS Tax saver Fund,2025-01-01,2025-02-01,0.2570481073132607,-7.284713,-7.786369,0.501656,61.0,71,16,RF,rf_probability,,,
Edelweiss Flexi Cap Fund,2025-01-01,2025-02-01,0.38460038757513876,-6.79194,-7.786369,0.994429,36.0,71,9,RF,rf_probability,,,
Franklin India ELSS Tax Saver Fund,2025-01-01,2025-02-01,0.3262806063501716,-5.88627,-7.786369,1.900099,49.0,71,13,RF,rf_probability,,,
Franklin India Flexi Cap Fund,2025-01-01,2025-02-01,0.3745127901536402,-5.649296,-7.786369,2.137073,38.0,71,10,RF,rf_probability,,,
Franklin India Focused Equity Fund,2025-01-01,2025-02-01,0.371249561180134,-4.508899,-7.786369,3.27747,40.0,71,10,RF,rf_probability,,,
Franklin India Opportunities Fund,2025-01-01,2025-02-01,0.45091650257207544,-9.034619,-7.786369,-1.24825,23.0,71,6,RF,rf_probability,,,
HDFC Dividend Yield Fund,2025-01-01,2025-02-01,0.5282881750860084,-6.882327,-7.786369,0.904042,1.0,71,0,RF,rf_probability,,,
HDFC ELSS Tax saver,2025-01-01,2025-02-01,0.4523604545866929,-3.811088,-7.786369,3.975281,21.0,71,5,RF,rf_probability,,,
HDFC Flexi Cap Fund,2025-01-01,2025-02-01,0.5080438515990376,-3.431157,-7.786369,4.355212,5.0,71,1,RF,rf_probability,,,
HDFC Focused Fund,2025-01-01,2025-02-01,0.5068415341280665,-2.837266,-7.786369,4.949103,6.0,71,1,RF,rf_probability,,,
HDFC Value Fund,2025-01-01,2025-02-01,0.3987285807415838,-6.176204,-7.786369,1.610165,35.0,71,9,RF,rf_probability,,,
HSBC Flexi Cap Fund,2025-01-01,2025-02-01,0.30891907308639366,-9.066471,-7.786369,-1.280102,52.0,71,14,RF,rf_probability,,,
HSBC Focused Fund,2025-01-01,2025-02-01,0.30474590771547305,-9.75888,-7.786369,-1.972511,54.0,71,14,RF,rf_probability,,,
HSBC Tax Saver Equity Fund,2025-01-01,2025-02-01,0.20897112554889502,-9.119677,-7.786369,-1.333308,70.0,71,19,RF,rf_probability,,,
ICICI Prudential Dividend Yield Equity Fund,2025-01-01,2025-02-01,0.45464918684686517,-4.475367,-7.786369,3.311002,17.0,71,4,RF,rf_probability,,,
ICICI Prudential ELSS Tax Saver Fund,2025-01-01,2025-02-01,0.3049412620059679,-4.650715,-7.786369,3.135654,53.0,71,14,RF,rf_probability,,,
ICICI Prudential India Opportunities Fund,2025-01-01,2025-02-01,0.4834218539630306,-3.64819,-7.786369,4.138179,11.0,71,2,RF,rf_probability,,,
ICICI Prudential Value Fund,2025-01-01,2025-02-01,0.44505450905303884,-4.035028,-7.786369,3.751341,24.0,71,6,RF,rf_probability,,,
ITI ELSS Tax Saver Fund,2025-01-01,2025-02-01,0.45287831787235805,-7.145335,-7.786369,0.641034,20.0,71,5,RF,rf_probability,,,
Kotak Contra Fund,2025-01-01,2025-02-01,0.4661002481436693,-6.745531,-7.786369,1.040838,16.0,71,4,RF,rf_probability,,,
Kotak ELSS Tax Saver Fund,2025-01-01,2025-02-01,0.44063018659187403,-7.891379,-7.786369,-0.10501,27.0,71,7,RF,rf_probability,,,
Kotak Flexi Cap Fund,2025-01-01,2025-02-01,0.33181410737525285,-5.767472,-7.786369,2.018897,47.0,71,12,RF,rf_probability,,,
Kotak Focused Fund,2025-01-01,2025-02-01,0.3289456897677489,-5.022978,-7.786369,2.763391,48.0,71,13,RF,rf_probability,,,
LIC MF Dividend Yield Fund,2025-01-01,2025-02-01,0.4936117143864048,-7.233696,-7.786369,0.552673,10.0,71,2,RF,rf_probability,,,
LIC MF ELSS Tax Saver,2025-01-01,2025-02-01,0.26815019509476035,-6.727254,-7.786369,1.059115,59.0,71,16,RF,rf_probability,,,
LIC MF Flexi Cap Fund,2025-01-01,2025-02-01,0.4514906371320457,-10.496342,-7.786369,-2.709973,22.0,71,5,RF,rf_probability,,,
LIC MF Focused Fund,2025-01-01,2025-02-01,0.5209801115551114,-7.358125,-7.786369,0.428244,2.0,71,0,RF,rf_probability,,,
LIC MF Value Fund,2025-01-01,2025-02-01,0.4697927132319379,-12.490715,-7.786369,-4.704346,14.0,71,3,RF,rf_probability,,,
Mahindra Manulife ELSS Tax Saver Fund,2025-01-01,2025-02-01,0.4544193183837145,-5.199549,-7.786369,2.58682,18.0,71,4,RF,rf_probability,,,
Mahindra Manulife Focused Fund,2025-01-01,2025-02-01,0.49362142043804474,-4.373572,-7.786369,3.412797,9.0,71,2,RF,rf_probability,,,
Mirae Asset ELSS Tax Saver Fund,2025-01-01,2025-02-01,0.3630179978088646,-5.902226,-7.786369,1.884143,42.0,71,11,RF,rf_probability,,,
Mirae Asset Focused Fund,2025-01-01,2025-02-01,0.28957760360554485,-6.560497,-7.786369,1.225872,58.0,71,16,RF,rf_probability,,,
Motilal Oswal ELSS Tax Saver Fund,2025-01-01,2025-02-01,0.5177693352253555,-10.750704,-7.786369,-2.964335,3.0,71,0,RF,rf_probability,,,
Motilal Oswal Flexi Cap Fund,2025-01-01,2025-02-01,0.4683285293937603,-5.477515,-7.786369,2.308854,15.0,71,3,RF,rf_probability,,,
Motilal Oswal Focused Fund,2025-01-01,2025-02-01,0.45408509406829844,-11.892751,-7.786369,-4.106382,19.0,71,5,RF,rf_probability,,,
Navi Flexi Cap Fund,2025-01-01,2025-02-01,0.513040419561967,-7.579686,-7.786369,0.206683,4.0,71,0,RF,rf_probability,,,
Nippon India ELSS Tax Saver Fund,2025-01-01,2025-02-01,0.4195178476808035,-6.196526,-7.786369,1.589843,31.0,71,8,RF,rf_probability,,,
Nippon India Value Fund,2025-01-01,2025-02-01,0.37149873087270785,-5.449836,-7.786369,2.336533,39.0,71,10,RF,rf_probability,,,
Parag Parikh ELSS Tax Saver Fund,2025-01-01,2025-02-01,0.43114840476262917,-3.277708,-7.786369,4.508661,29.0,71,7,RF,rf_probability,,,
Parag Parikh Flexi Cap Fund,2025-01-01,2025-02-01,0.34692008479398445,-3.281699,-7.786369,4.50467,45.0,71,12,RF,rf_probability,,,
PGIM India ELSS Tax Saver Fund,2025-01-01,2025-02-01,0.17697186105947715,-5.899865,-7.786369,1.886504,71.0,71,19,RF,rf_probability,,,
PGIM India Flexi Cap Fund,2025-01-01,2025-02-01,0.2217481461349109,-6.296968,-7.786369,1.489401,69.0,71,19,RF,rf_probability,,,
Quant ELSS Tax Saver Fund,2025-01-01,2025-02-01,0.41440596033653293,-7.464985,-7.786369,0.321384,33.0,71,9,RF,rf_probability,,,
Quant Flexi Cap Fund,2025-01-01,2025-02-01,0.4207883812266162,-7.97638,-7.786369,-0.190011,30.0,71,8,RF,rf_probability,,,
Quant Focused Fund,2025-01-01,2025-02-01,0.497827559368736,-7.564585,-7.786369,0.221784,7.0,71,1,RF,rf_probability,,,
Shriram ELSS Tax Saver Fund,2025-01-01,2025-02-01,0.4807075732145391,-7.029413,-7.786369,0.756956,13.0,71,3,RF,rf_probability,,,
Shriram Flexi Cap Fund,2025-01-01,2025-02-01,0.4941370430051546,-7.058566,-7.786369,0.727803,8.0,71,1,RF,rf_probability,,,
Sundaram ELSS Tax Saver Fund,2025-01-01,2025-02-01,0.22870000506029928,-5.477455,-7.786369,2.308914,66.0,71,18,RF,rf_probability,,,
Sundaram Focused Fund,2025-01-01,2025-02-01,0.2650987120035108,-4.291342,-7.786369,3.495027,60.0,71,16,RF,rf_probability,,,
Sundaram Value Fund,2025-01-01,2025-02-01,0.25223208719385204,-5.510104,-7.786369,2.276265,62.0,71,17,RF,rf_probability,,,
Tata ELSS Fund,2025-01-01,2025-02-01,0.23061309540133074,-6.747394,-7.786369,1.038975,65.0,71,18,RF,rf_probability,,,
Tata Flexi Cap Fund,2025-01-01,2025-02-01,0.3012808390697709,-4.391461,-7.786369,3.394908,56.0,71,15,RF,rf_probability,,,
Tata Focused Fund,2025-01-01,2025-02-01,0.35127666691753384,-4.993015,-7.786369,2.793354,44.0,71,12,RF,rf_probability,,,
Tata Value Fund,2025-01-01,2025-02-01,0.43714797472908934,-7.095713,-7.786369,0.690656,28.0,71,7,RF,rf_probability,,,
UTI Dividend Yield Fund,2025-01-01,2025-02-01,0.44264088329111567,-6.746851,-7.786369,1.039518,26.0,71,7,RF,rf_probability,,,
UTI ELSS Tax Saver Fund,2025-01-01,2025-02-01,0.32394758525787937,-5.968976,-7.786369,1.817393,50.0,71,13,RF,rf_probability,,,
UTI Flexi Cap Fund,2025-01-01,2025-02-01,0.2453748414983711,-5.510256,-7.786369,2.276113,64.0,71,17,RF,rf_probability,,,
UTI Value Fund,2025-01-01,2025-02-01,0.30416087839151157,-5.561363,-7.786369,2.225006,55.0,71,15,RF,rf_probability,,,
Aditya Birla Sun Life Dividend Yield Fund,2025-02-01,2025-03-01,0.5042647820703551,5.255744,7.352851,-2.097107,9.0,74,2,RF,rf_probability,,,
Aditya Birla Sun Life ELSS Tax Saver Fund,2025-02-01,2025-03-01,0.43858842334136444,6.742557,7.352851,-0.610294,24.0,74,6,RF,rf_probability,,,
Aditya Birla Sun Life Flexi Cap Fund,2025-02-01,2025-03-01,0.27244996799128224,7.799285,7.352851,0.446434,67.0,74,17,RF,rf_probability,,,
Aditya Birla Sun Life Focused Fund,2025-02-01,2025-03-01,0.3562678770859715,6.096442,7.352851,-1.256409,48.0,74,12,RF,rf_probability,,,
Aditya Birla Sun Life Value Fund,2025-02-01,2025-03-01,0.5112337102440048,9.259662,7.352851,1.906811,8.0,74,1,RF,rf_probability,,,
Axis ELSS Tax Saver Fund,2025-02-01,2025-03-01,0.29741789381331013,6.908471,7.352851,-0.44438,63.0,74,16,RF,rf_probability,,,
Axis Flexi Cap Fund,2025-02-01,2025-03-01,0.3583054622132627,8.437626,7.352851,1.084775,47.0,74,12,RF,rf_probability,,,
Axis Focused Fund,2025-02-01,2025-03-01,0.33940437359599746,7.541644,7.352851,0.188793,52.0,74,13,RF,rf_probability,,,
Axis Innovation Fund,2025-02-01,2025-03-01,0.29621799475034755,2.387886,7.352851,-4.964965,64.0,74,17,RF,rf_probability,,,
Baroda BNP Paribas ELSS Tax Saver Fund,2025-02-01,2025-03-01,0.23085748314554685,7.757537,7.352851,0.404686,72.0,74,19,RF,rf_probability,,,
Baroda BNP Paribas Focused Fund,2025-02-01,2025-03-01,0.48239078939636215,8.940257,7.352851,1.587406,15.0,74,3,RF,rf_probability,,,
DSP ELSS Tax Saver Fund,2025-02-01,2025-03-01,0.32110863762999964,8.093573,7.352851,0.740722,59.0,74,15,RF,rf_probability,,,
DSP Flexi Cap Fund,2025-02-01,2025-03-01,0.35470913228498335,8.149299,7.352851,0.796448,49.0,74,12,RF,rf_probability,,,
DSP Focused Fund,2025-02-01,2025-03-01,0.3270459163729286,8.114076,7.352851,0.761225,56.0,74,14,RF,rf_probability,,,
Edelweiss ELSS Tax saver Fund,2025-02-01,2025-03-01,0.3871523757314609,7.641076,7.352851,0.288225,37.0,74,9,RF,rf_probability,,,
Edelweiss Flexi Cap Fund,2025-02-01,2025-03-01,0.32024871415396033,7.14892,7.352851,-0.203931,60.0,74,15,RF,rf_probability,,,
Franklin India ELSS Tax Saver Fund,2025-02-01,2025-03-01,0.3453204792283736,6.464294,7.352851,-0.888557,51.0,74,13,RF,rf_probability,,,
Franklin India Flexi Cap Fund,2025-02-01,2025-03-01,0.3348520275562069,6.580458,7.352851,-0.772393,54.0,74,14,RF,rf_probability,,,
Franklin India Focused Equity Fund,2025-02-01,2025-03-01,0.38065860873993834,4.345691,7.352851,-3.00716,40.0,74,10,RF,rf_probability,,,
Franklin India Opportunities Fund,2025-02-01,2025-03-01,0.4528328679490442,6.798842,7.352851,-0.554009,22.0,74,5,RF,rf_probability,,,
HDFC Dividend Yield Fund,2025-02-01,2025-03-01,0.49939362038889934,7.000614,7.352851,-0.352237,10.0,74,2,RF,rf_probability,,,
HDFC ELSS Tax saver,2025-02-01,2025-03-01,0.457369503209209,6.4587,7.352851,-0.894151,20.0,74,5,RF,rf_probability,,,
HDFC Flexi Cap Fund,2025-02-01,2025-03-01,0.4056727646880125,6.490708,7.352851,-0.862143,33.0,74,8,RF,rf_probability,,,
HDFC Focused Fund,2025-02-01,2025-03-01,0.4355710820311437,6.031841,7.352851,-1.32101,26.0,74,6,RF,rf_probability,,,
HDFC Value Fund,2025-02-01,2025-03-01,0.39965382672882643,6.60474,7.352851,-0.748111,34.0,74,8,RF,rf_probability,,,
HSBC Flexi Cap Fund,2025-02-01,2025-03-01,0.44524733120598287,8.444021,7.352851,1.09117,23.0,74,5,RF,rf_probability,,,
HSBC Focused Fund,2025-02-01,2025-03-01,0.43124721259133003,7.046254,7.352851,-0.306597,28.0,74,7,RF,rf_probability,,,
HSBC Tax Saver Equity Fund,2025-02-01,2025-03-01,0.2140137883754422,8.207526,7.352851,0.854675,74.0,74,19,RF,rf_probability,,,
ICICI Prudential Business Cycle Fund,2025-02-01,2025-03-01,0.4549259958565688,7.509158,7.352851,0.156307,21.0,74,5,RF,rf_probability,,,
ICICI Prudential Dividend Yield Equity Fund,2025-02-01,2025-03-01,0.37731499721468775,7.440945,7.352851,0.088094,41.0,74,10,RF,rf_probability,,,
ICICI Prudential ELSS Tax Saver Fund,2025-02-01,2025-03-01,0.36378746648350213,7.240088,7.352851,-0.112763,45.0,74,11,RF,rf_probability,,,
ICICI Prudential India Opportunities Fund,2025-02-01,2025-03-01,0.36493127978832307,5.4887,7.352851,-1.864151,43.0,74,11,RF,rf_probability,,,
ICICI Prudential Value Fund,2025-02-01,2025-03-01,0.45759909318407815,5.928103,7.352851,-1.424748,19.0,74,4,RF,rf_probability,,,
ITI ELSS Tax Saver Fund,2025-02-01,2025-03-01,0.5173049190859396,8.328144,7.352851,0.975293,6.0,74,1,RF,rf_probability,,,
Kotak Contra Fund,2025-02-01,2025-03-01,0.498822510599136,7.392034,7.352851,0.039183,11.0,74,2,RF,rf_probability,,,
Kotak ELSS Tax Saver Fund,2025-02-01,2025-03-01,0.43477101048246536,7.595134,7.352851,0.242283,27.0,74,7,RF,rf_probability,,,
Kotak Flexi Cap Fund,2025-02-01,2025-03-01,0.3253010885597404,8.151917,7.352851,0.799066,58.0,74,15,RF,rf_probability,,,
Kotak Focused Fund,2025-02-01,2025-03-01,0.33764968535936013,6.544992,7.352851,-0.807859,53.0,74,14,RF,rf_probability,,,
LIC MF Dividend Yield Fund,2025-02-01,2025-03-01,0.5118394923703747,8.308985,7.352851,0.956134,7.0,74,1,RF,rf_probability,,,
LIC MF ELSS Tax Saver,2025-02-01,2025-03-01,0.24429281366470085,8.231762,7.352851,0.878911,71.0,74,18,RF,rf_probability,,,
LIC MF Flexi Cap Fund,2025-02-01,2025-03-01,0.5785923591114773,5.215601,7.352851,-2.13725,1.0,74,0,RF,rf_probability,,,
LIC MF Focused Fund,2025-02-01,2025-03-01,0.5416965477333129,5.849669,7.352851,-1.503182,2.0,74,0,RF,rf_probability,,,
LIC MF Value Fund,2025-02-01,2025-03-01,0.4789072153620749,7.111829,7.352851,-0.241022,17.0,74,4,RF,rf_probability,,,
Mahindra Manulife ELSS Tax Saver Fund,2025-02-01,2025-03-01,0.4195120766832066,7.311465,7.352851,-0.041386,30.0,74,7,RF,rf_probability,,,
Mahindra Manulife Focused Fund,2025-02-01,2025-03-01,0.48548079285695384,6.389038,7.352851,-0.963813,14.0,74,3,RF,rf_probability,,,
Mirae Asset ELSS Tax Saver Fund,2025-02-01,2025-03-01,0.38532421258651894,6.849461,7.352851,-0.50339,38.0,74,10,RF,rf_probability,,,
Mirae Asset Focused Fund,2025-02-01,2025-03-01,0.3019066521997468,5.100599,7.352851,-2.252252,62.0,74,16,RF,rf_probability,,,
Motilal Oswal ELSS Tax Saver Fund,2025-02-01,2025-03-01,0.5182674343484545,10.686443,7.352851,3.333592,5.0,74,1,RF,rf_probability,,,
Motilal Oswal Flexi Cap Fund,2025-02-01,2025-03-01,0.35905758006445165,8.214007,7.352851,0.861156,46.0,74,12,RF,rf_probability,,,
Motilal Oswal Focused Fund,2025-02-01,2025-03-01,0.4747763501891984,8.447434,7.352851,1.094583,18.0,74,4,RF,rf_probability,,,
Navi Flexi Cap Fund,2025-02-01,2025-03-01,0.5408936010068367,6.356716,7.352851,-0.996135,3.0,74,0,RF,rf_probability,,,
Nippon India ELSS Tax Saver Fund,2025-02-01,2025-03-01,0.48614366825984484,8.791235,7.352851,1.438384,13.0,74,3,RF,rf_probability,,,
Nippon India Value Fund,2025-02-01,2025-03-01,0.3267271367375688,6.203603,7.352851,-1.149248,57.0,74,15,RF,rf_probability,,,
Parag Parikh ELSS Tax Saver Fund,2025-02-01,2025-03-01,0.3744542742199694,5.359819,7.352851,-1.993032,42.0,74,11,RF,rf_probability,,,
Parag Parikh Flexi Cap Fund,2025-02-01,2025-03-01,0.33261904176236856,2.765318,7.352851,-4.587533,55.0,74,14,RF,rf_probability,,,
PGIM India ELSS Tax Saver Fund,2025-02-01,2025-03-01,0.21930811813147605,6.586137,7.352851,-0.766714,73.0,74,19,RF,rf_probability,,,
PGIM India Flexi Cap Fund,2025-02-01,2025-03-01,0.2610596975693725,7.27323,7.352851,-0.079621,69.0,74,18,RF,rf_probability,,,
Quant ELSS Tax Saver Fund,2025-02-01,2025-03-01,0.4104703093775848,8.134465,7.352851,0.781614,32.0,74,8,RF,rf_probability,,,
Quant Flexi Cap Fund,2025-02-01,2025-03-01,0.5258319827231592,8.766317,7.352851,1.413466,4.0,74,0,RF,rf_probability,,,
Quant Focused Fund,2025-02-01,2025-03-01,0.49840918701181897,6.028886,7.352851,-1.323965,12.0,74,2,RF,rf_probability,,,
Shriram ELSS Tax Saver Fund,2025-02-01,2025-03-01,0.3939060517483891,7.61167,7.352851,0.258819,36.0,74,9,RF,rf_probability,,,
Shriram Flexi Cap Fund,2025-02-01,2025-03-01,0.39653316596544147,7.845072,7.352851,0.492221,35.0,74,9,RF,rf_probability,,,
Sundaram Dividend Yield Fund,2025-02-01,2025-03-01,0.48063884448884475,7.614261,7.352851,0.26141,16.0,74,4,RF,rf_probability,,,
Sundaram ELSS Tax Saver Fund,2025-02-01,2025-03-01,0.27531322462628816,6.327295,7.352851,-1.025556,66.0,74,17,RF,rf_probability,,,
Sundaram Focused Fund,2025-02-01,2025-03-01,0.34669170008959344,3.473231,7.352851,-3.87962,50.0,74,13,RF,rf_probability,,,
Sundaram Value Fund,2025-02-01,2025-03-01,0.25448773734005936,6.030436,7.352851,-1.322415,70.0,74,18,RF,rf_probability,,,
Tata ELSS Fund,2025-02-01,2025-03-01,0.3640086726568924,5.425492,7.352851,-1.927359,44.0,74,11,RF,rf_probability,,,
Tata Flexi Cap Fund,2025-02-01,2025-03-01,0.2889179164772647,5.47014,7.352851,-1.882711,65.0,74,17,RF,rf_probability,,,
Tata Focused Fund,2025-02-01,2025-03-01,0.3826290903824793,4.232243,7.352851,-3.120608,39.0,74,10,RF,rf_probability,,,
Tata Value Fund,2025-02-01,2025-03-01,0.41200359215947446,6.698339,7.352851,-0.654512,31.0,74,8,RF,rf_probability,,,
UTI Dividend Yield Fund,2025-02-01,2025-03-01,0.43766133865274737,6.358923,7.352851,-0.993928,25.0,74,6,RF,rf_probability,,,
UTI ELSS Tax Saver Fund,2025-02-01,2025-03-01,0.42953371254909806,6.236512,7.352851,-1.116339,29.0,74,7,RF,rf_probability,,,
UTI Flexi Cap Fund,2025-02-01,2025-03-01,0.31471908875438287,5.040053,7.352851,-2.312798,61.0,74,16,RF,rf_probability,,,
UTI Value Fund,2025-02-01,2025-03-01,0.26918648205080087,5.887251,7.352851,-1.4656,68.0,74,18,RF,rf_probability,,,
Aditya Birla Sun Life Dividend Yield Fund,2025-03-01,2025-04-01,0.4939407019451133,0.723986,3.251256,-2.52727,8.0,75,1,RF,rf_probability,,,
Aditya Birla Sun Life ELSS Tax Saver Fund,2025-03-01,2025-04-01,0.31069384732914124,3.150123,3.251256,-0.101133,53.0,75,13,RF,rf_probability,,,
Aditya Birla Sun Life Flexi Cap Fund,2025-03-01,2025-04-01,0.2692711886324891,3.575423,3.251256,0.324167,63.0,75,16,RF,rf_probability,,,
Aditya Birla Sun Life Focused Fund,2025-03-01,2025-04-01,0.28321500047080567,3.551765,3.251256,0.300509,58.0,75,15,RF,rf_probability,,,
Aditya Birla Sun Life Value Fund,2025-03-01,2025-04-01,0.49340102740396874,0.553011,3.251256,-2.698245,9.0,75,2,RF,rf_probability,,,
Axis ELSS Tax Saver Fund,2025-03-01,2025-04-01,0.20172751072456954,3.088769,3.251256,-0.162487,71.0,75,18,RF,rf_probability,,,
Axis Flexi Cap Fund,2025-03-01,2025-04-01,0.2452296837149779,2.792256,3.251256,-0.459,68.0,75,17,RF,rf_probability,,,
Axis Focused Fund,2025-03-01,2025-04-01,0.22646333568392402,3.285106,3.251256,0.03385,69.0,75,18,RF,rf_probability,,,
Axis Innovation Fund,2025-03-01,2025-04-01,0.47707922828805194,3.356086,3.251256,0.10483,12.0,75,2,RF,rf_probability,,,
Baroda BNP Paribas ELSS Tax Saver Fund,2025-03-01,2025-04-01,0.2183050670889512,2.904757,3.251256,-0.346499,70.0,75,18,RF,rf_probability,,,
Baroda BNP Paribas Focused Fund,2025-03-01,2025-04-01,0.4392716499960309,5.450846,3.251256,2.19959,17.0,75,4,RF,rf_probability,,,
DSP ELSS Tax Saver Fund,2025-03-01,2025-04-01,0.3494774068466794,2.754592,3.251256,-0.496664,36.0,75,9,RF,rf_probability,,,
DSP Flexi Cap Fund,2025-03-01,2025-04-01,0.31933226910688195,1.800719,3.251256,-1.450537,49.0,75,12,RF,rf_probability,,,
DSP Focused Fund,2025-03-01,2025-04-01,0.2785694498424205,1.237758,3.251256,-2.013498,61.0,75,16,RF,rf_probability,,,
DSP Value Fund,2025-03-01,2025-04-01,0.35008765660985325,0.682181,3.251256,-2.569075,35.0,75,9,RF,rf_probability,,,
Edelweiss ELSS Tax saver Fund,2025-03-01,2025-04-01,0.3090879267275551,2.474916,3.251256,-0.77634,54.0,75,14,RF,rf_probability,,,
Edelweiss Flexi Cap Fund,2025-03-01,2025-04-01,0.3196079239903541,3.087169,3.251256,-0.164087,48.0,75,12,RF,rf_probability,,,
Franklin India ELSS Tax Saver Fund,2025-03-01,2025-04-01,0.2979667052245999,4.088567,3.251256,0.837311,57.0,75,14,RF,rf_probability,,,
Franklin India Flexi Cap Fund,2025-03-01,2025-04-01,0.32477661280068393,4.226786,3.251256,0.97553,45.0,75,11,RF,rf_probability,,,
Franklin India Focused Equity Fund,2025-03-01,2025-04-01,0.5033780799266092,4.899818,3.251256,1.648562,6.0,75,1,RF,rf_probability,,,
Franklin India Opportunities Fund,2025-03-01,2025-04-01,0.3433195892342951,4.337862,3.251256,1.086606,40.0,75,10,RF,rf_probability,,,
HDFC Dividend Yield Fund,2025-03-01,2025-04-01,0.5160598992768499,3.111421,3.251256,-0.139835,5.0,75,1,RF,rf_probability,,,
HDFC ELSS Tax saver,2025-03-01,2025-04-01,0.39577381445523896,4.437692,3.251256,1.186436,28.0,75,7,RF,rf_probability,,,
HDFC Flexi Cap Fund,2025-03-01,2025-04-01,0.3693657900407128,4.101172,3.251256,0.849916,32.0,75,8,RF,rf_probability,,,
HDFC Focused Fund,2025-03-01,2025-04-01,0.382559969485279,3.597155,3.251256,0.345899,30.0,75,7,RF,rf_probability,,,
HDFC Value Fund,2025-03-01,2025-04-01,0.31137456423865084,4.895407,3.251256,1.644151,52.0,75,13,RF,rf_probability,,,
HSBC Flexi Cap Fund,2025-03-01,2025-04-01,0.28210608382247565,2.953316,3.251256,-0.29794,59.0,75,15,RF,rf_probability,,,
HSBC Focused Fund,2025-03-01,2025-04-01,0.30743536626771917,2.221178,3.251256,-1.030078,55.0,75,14,RF,rf_probability,,,
HSBC Tax Saver Equity Fund,2025-03-01,2025-04-01,0.24696995738441435,4.313425,3.251256,1.062169,66.0,75,17,RF,rf_probability,,,
ICICI Prudential Business Cycle Fund,2025-03-01,2025-04-01,0.4083215297258644,3.534923,3.251256,0.283667,27.0,75,6,RF,rf_probability,,,
ICICI Prudential Dividend Yield Equity Fund,2025-03-01,2025-04-01,0.43794746082950453,3.206303,3.251256,-0.044953,18.0,75,4,RF,rf_probability,,,
ICICI Prudential ELSS Tax Saver Fund,2025-03-01,2025-04-01,0.28017122287756974,3.898955,3.251256,0.647699,60.0,75,15,RF,rf_probability,,,
ICICI Prudential India Opportunities Fund,2025-03-01,2025-04-01,0.43494339239192203,4.09015,3.251256,0.838894,21.0,75,5,RF,rf_probability,,,
ICICI Prudential Value Fund,2025-03-01,2025-04-01,0.3529945117661838,3.460431,3.251256,0.209175,34.0,75,8,RF,rf_probability,,,
ITI ELSS Tax Saver Fund,2025-03-01,2025-04-01,0.42849763066572527,1.688847,3.251256,-1.562409,25.0,75,6,RF,rf_probability,,,
Kotak Contra Fund,2025-03-01,2025-04-01,0.3452976849088304,2.281793,3.251256,-0.969463,39.0,75,10,RF,rf_probability,,,
Kotak ELSS Tax Saver Fund,2025-03-01,2025-04-01,0.341676380155792,3.639743,3.251256,0.388487,41.0,75,10,RF,rf_probability,,,
Kotak Flexi Cap Fund,2025-03-01,2025-04-01,0.24567573560172498,3.448395,3.251256,0.197139,67.0,75,17,RF,rf_probability,,,
Kotak Focused Fund,2025-03-01,2025-04-01,0.2706041345049861,2.967891,3.251256,-0.283365,62.0,75,16,RF,rf_probability,,,
LIC MF Dividend Yield Fund,2025-03-01,2025-04-01,0.43370944679077666,1.975731,3.251256,-1.275525,23.0,75,5,RF,rf_probability,,,
LIC MF ELSS Tax Saver,2025-03-01,2025-04-01,0.25593309213408144,0.411887,3.251256,-2.839369,65.0,75,17,RF,rf_probability,,,
LIC MF Flexi Cap Fund,2025-03-01,2025-04-01,0.5428101982554774,0.900648,3.251256,-2.350608,2.0,75,0,RF,rf_probability,,,
LIC MF Focused Fund,2025-03-01,2025-04-01,0.44866203579702063,4.009592,3.251256,0.758336,16.0,75,4,RF,rf_probability,,,
LIC MF Value Fund,2025-03-01,2025-04-01,0.4588381657412451,-0.189849,3.251256,-3.441105,13.0,75,3,RF,rf_probability,,,
Mahindra Manulife ELSS Tax Saver Fund,2025-03-01,2025-04-01,0.25845416253852793,3.438636,3.251256,0.18738,64.0,75,16,RF,rf_probability,,,
Mahindra Manulife Focused Fund,2025-03-01,2025-04-01,0.4956266365986955,3.032643,3.251256,-0.218613,7.0,75,1,RF,rf_probability,,,
Mirae Asset ELSS Tax Saver Fund,2025-03-01,2025-04-01,0.3407612579714746,3.750225,3.251256,0.498969,43.0,75,11,RF,rf_probability,,,
Mirae Asset Focused Fund,2025-03-01,2025-04-01,0.3456792261230341,3.907764,3.251256,0.656508,38.0,75,9,RF,rf_probability,,,
Motilal Oswal ELSS Tax Saver Fund,2025-03-01,2025-04-01,0.3943239563068512,1.690359,3.251256,-1.560897,29.0,75,7,RF,rf_probability,,,
Motilal Oswal Flexi Cap Fund,2025-03-01,2025-04-01,0.31582943766759586,0.232298,3.251256,-3.018958,51.0,75,13,RF,rf_probability,,,
Motilal Oswal Focused Fund,2025-03-01,2025-04-01,0.3639190327646212,0.676019,3.251256,-2.575237,33.0,75,8,RF,rf_probability,,,
Navi Flexi Cap Fund,2025-03-01,2025-04-01,0.42314087280968077,1.552898,3.251256,-1.698358,26.0,75,6,RF,rf_probability,,,
Nippon India ELSS Tax Saver Fund,2025-03-01,2025-04-01,0.3262657274871672,3.123557,3.251256,-0.127699,44.0,75,11,RF,rf_probability,,,
Nippon India Value Fund,2025-03-01,2025-04-01,0.4347387963343849,3.235885,3.251256,-0.015371,22.0,75,5,RF,rf_probability,,,
Parag Parikh ELSS Tax Saver Fund,2025-03-01,2025-04-01,0.44916501818614796,1.682883,3.251256,-1.568373,15.0,75,3,RF,rf_probability,,,
Parag Parikh Flexi Cap Fund,2025-03-01,2025-04-01,0.4806662272711807,1.878553,3.251256,-1.372703,11.0,75,2,RF,rf_probability,,,
PGIM India ELSS Tax Saver Fund,2025-03-01,2025-04-01,0.1831243630122888,3.804641,3.251256,0.553385,74.0,75,19,RF,rf_probability,,,
PGIM India Flexi Cap Fund,2025-03-01,2025-04-01,0.14870215829921712,3.402939,3.251256,0.151683,75.0,75,19,RF,rf_probability,,,
Quant ELSS Tax Saver Fund,2025-03-01,2025-04-01,0.436043820395291,3.550288,3.251256,0.299032,19.0,75,4,RF,rf_probability,,,
Quant Flexi Cap Fund,2025-03-01,2025-04-01,0.5869626179376183,3.578566,3.251256,0.32731,1.0,75,0,RF,rf_probability,,,
Quant Focused Fund,2025-03-01,2025-04-01,0.5325461297130801,2.298942,3.251256,-0.952314,3.0,75,0,RF,rf_probability,,,
Shriram ELSS Tax Saver Fund,2025-03-01,2025-04-01,0.29964874031197547,1.285968,3.251256,-1.965288,56.0,75,14,RF,rf_probability,,,
Shriram Flexi Cap Fund,2025-03-01,2025-04-01,0.32213240280531313,1.322701,3.251256,-1.928555,47.0,75,12,RF,rf_probability,,,
Sundaram Dividend Yield Fund,2025-03-01,2025-04-01,0.4853259655377305,2.42101,3.251256,-0.830246,10.0,75,2,RF,rf_probability,,,
Sundaram ELSS Tax Saver Fund,2025-03-01,2025-04-01,0.19242800491562106,3.38182,3.251256,0.130564,72.0,75,18,RF,rf_probability,,,
Sundaram Focused Fund,2025-03-01,2025-04-01,0.37138373972089156,1.775585,3.251256,-1.475671,31.0,75,8,RF,rf_probability,,,
Sundaram Value Fund,2025-03-01,2025-04-01,0.192032019648738,3.464306,3.251256,0.21305,73.0,75,19,RF,rf_probability,,,
Tata ELSS Fund,2025-03-01,2025-04-01,0.43579206800251685,-77.325687,3.251256,-80.576943,20.0,75,5,RF,rf_probability,,,
Tata Flexi Cap Fund,2025-03-01,2025-04-01,0.34945258450101924,4.572775,3.251256,1.321519,37.0,75,9,RF,rf_probability,,,
Tata Focused Fund,2025-03-01,2025-04-01,0.4334653464956097,2.938535,3.251256,-0.312721,24.0,75,6,RF,rf_probability,,,
Tata Value Fund,2025-03-01,2025-04-01,0.5302358427520193,2.484419,3.251256,-0.766837,4.0,75,0,RF,rf_probability,,,
UTI Dividend Yield Fund,2025-03-01,2025-04-01,0.4553826030007146,2.383853,3.251256,-0.867403,14.0,75,3,RF,rf_probability,,,
UTI ELSS Tax Saver Fund,2025-03-01,2025-04-01,0.3222002853355795,3.191272,3.251256,-0.059984,46.0,75,12,RF,rf_probability,,,
UTI Flexi Cap Fund,2025-03-01,2025-04-01,0.3176488899988901,3.451552,3.251256,0.200296,50.0,75,13,RF,rf_probability,,,
UTI Value Fund,2025-03-01,2025-04-01,0.34097282079805286,2.683566,3.251256,-0.56769,42.0,75,10,RF,rf_probability,,,
Aditya Birla Sun Life Dividend Yield Fund,2025-04-01,2025-05-01,0.4452175463425463,4.277842,3.652402,0.62544,56.0,75,14,RF,rf_probability,,,
Aditya Birla Sun Life ELSS Tax Saver Fund,2025-04-01,2025-05-01,0.491343471479501,4.66041,3.652402,1.008008,37.0,75,9,RF,rf_probability,,,
Aditya Birla Sun Life Flexi Cap Fund,2025-04-01,2025-05-01,0.4622106149569384,3.014799,3.652402,-0.637603,46.0,75,12,RF,rf_probability,,,
Aditya Birla Sun Life Focused Fund,2025-04-01,2025-05-01,0.6182407800532802,2.618279,3.652402,-1.034123,4.0,75,0,RF,rf_probability,,,
Aditya Birla Sun Life Value Fund,2025-04-01,2025-05-01,0.6045237540237539,6.061452,3.652402,2.40905,5.0,75,1,RF,rf_probability,,,
Axis ELSS Tax Saver Fund,2025-04-01,2025-05-01,0.4468724886224889,2.228007,3.652402,-1.424395,54.0,75,14,RF,rf_probability,,,
Axis Flexi Cap Fund,2025-04-01,2025-05-01,0.4758197496947496,4.273814,3.652402,0.621412,41.0,75,10,RF,rf_probability,,,
Axis Focused Fund,2025-04-01,2025-05-01,0.5310694513819512,2.966381,3.652402,-0.686021,16.0,75,4,RF,rf_probability,,,
Axis Innovation Fund,2025-04-01,2025-05-01,0.5207618276331512,5.668685,3.652402,2.016283,22.0,75,5,RF,rf_probability,,,
Baroda BNP Paribas ELSS Tax Saver Fund,2025-04-01,2025-05-01,0.3994329581237477,3.628056,3.652402,-0.024346,67.0,75,17,RF,rf_probability,,,
Baroda BNP Paribas Focused Fund,2025-04-01,2025-05-01,0.4245728454551982,2.495407,3.652402,-1.156995,62.0,75,16,RF,rf_probability,,,
DSP ELSS Tax Saver Fund,2025-04-01,2025-05-01,0.3456446841557135,2.525381,3.652402,-1.127021,74.0,75,19,RF,rf_probability,,,
DSP Flexi Cap Fund,2025-04-01,2025-05-01,0.457307572071891,4.236796,3.652402,0.584394,49.0,75,12,RF,rf_probability,,,
DSP Focused Fund,2025-04-01,2025-05-01,0.40667895763077655,4.085187,3.652402,0.432785,66.0,75,17,RF,rf_probability,,,
DSP Value Fund,2025-04-01,2025-05-01,0.6210912233191646,4.440173,3.652402,0.787771,3.0,75,0,RF,rf_probability,,,
Edelweiss ELSS Tax saver Fund,2025-04-01,2025-05-01,0.4427637219806338,3.891971,3.652402,0.239569,58.0,75,15,RF,rf_probability,,,
Edelweiss Flexi Cap Fund,2025-04-01,2025-05-01,0.507333628789511,2.485591,3.652402,-1.166811,28.0,75,7,RF,rf_probability,,,
Franklin India ELSS Tax Saver Fund,2025-04-01,2025-05-01,0.5171713494838497,2.415297,3.652402,-1.237105,23.0,75,5,RF,rf_probability,,,
Franklin India Flexi Cap Fund,2025-04-01,2025-05-01,0.49370994283494285,2.437813,3.652402,-1.214589,35.0,75,9,RF,rf_probability,,,
Franklin India Focused Equity Fund,2025-04-01,2025-05-01,0.5650679875679877,1.662454,3.652402,-1.989948,12.0,75,2,RF,rf_probability,,,
Franklin India Opportunities Fund,2025-04-01,2025-05-01,0.46887405853949976,3.955008,3.652402,0.302606,44.0,75,11,RF,rf_probability,,,
HDFC Dividend Yield Fund,2025-04-01,2025-05-01,0.5003734835640795,3.403173,3.652402,-0.249229,31.0,75,8,RF,rf_probability,,,
HDFC ELSS Tax saver,2025-04-01,2025-05-01,0.5454258380508382,1.580342,3.652402,-2.07206,14.0,75,3,RF,rf_probability,,,
HDFC Flexi Cap Fund,2025-04-01,2025-05-01,0.5281800095329507,1.365654,3.652402,-2.286748,18.0,75,4,RF,rf_probability,,,
HDFC Focused Fund,2025-04-01,2025-05-01,0.525711099766247,1.898383,3.652402,-1.754019,20.0,75,5,RF,rf_probability,,,
HDFC Value Fund,2025-04-01,2025-05-01,0.4480553335553335,2.747091,3.652402,-0.905311,53.0,75,13,RF,rf_probability,,,
HSBC Flexi Cap Fund,2025-04-01,2025-05-01,0.38726110989114076,5.08508,3.652402,1.432678,69.0,75,18,RF,rf_probability,,,
HSBC Focused Fund,2025-04-01,2025-05-01,0.3664106202534997,5.43859,3.652402,1.786188,72.0,75,18,RF,rf_probability,,,
HSBC Tax Saver Equity Fund,2025-04-01,2025-05-01,0.42614008147425364,4.468728,3.652402,0.816326,60.0,75,15,RF,rf_probability,,,
ICICI Prudential Business Cycle Fund,2025-04-01,2025-05-01,0.44427483872336837,3.373097,3.652402,-0.279305,57.0,75,14,RF,rf_probability,,,
ICICI Prudential Dividend Yield Equity Fund,2025-04-01,2025-05-01,0.4782118947229243,1.40245,3.652402,-2.249952,40.0,75,10,RF,rf_probability,,,
ICICI Prudential ELSS Tax Saver Fund,2025-04-01,2025-05-01,0.45024851470768673,2.226024,3.652402,-1.426378,52.0,75,13,RF,rf_probability,,,
ICICI Prudential India Opportunities Fund,2025-04-01,2025-05-01,0.425255001942502,2.298851,3.652402,-1.353551,61.0,75,16,RF,rf_probability,,,
ICICI Prudential Value Fund,2025-04-01,2025-05-01,0.5921465801355508,2.501966,3.652402,-1.150436,7.0,75,1,RF,rf_probability,,,
ITI ELSS Tax Saver Fund,2025-04-01,2025-05-01,0.34736816982037566,8.995687,3.652402,5.343285,73.0,75,19,RF,rf_probability,,,
Kotak Contra Fund,2025-04-01,2025-05-01,0.43680956094559037,4.271928,3.652402,0.619526,59.0,75,15,RF,rf_probability,,,
Kotak ELSS Tax Saver Fund,2025-04-01,2025-05-01,0.5781329451851895,3.304604,3.652402,-0.347798,10.0,75,2,RF,rf_probability,,,
Kotak Flexi Cap Fund,2025-04-01,2025-05-01,0.3261397617904971,4.251865,3.652402,0.599463,75.0,75,19,RF,rf_probability,,,
Kotak Focused Fund,2025-04-01,2025-05-01,0.5058667921131156,3.385306,3.652402,-0.267096,29.0,75,7,RF,rf_probability,,,
LIC MF Dividend Yield Fund,2025-04-01,2025-05-01,0.3700465429178665,6.901667,3.652402,3.249265,70.0,75,18,RF,rf_probability,,,
LIC MF ELSS Tax Saver,2025-04-01,2025-05-01,0.49452259546009564,2.936625,3.652402,-0.715777,34.0,75,8,RF,rf_probability,,,
LIC MF Flexi Cap Fund,2025-04-01,2025-05-01,0.4957428339634221,6.017997,3.652402,2.365595,33.0,75,8,RF,rf_probability,,,
LIC MF Focused Fund,2025-04-01,2025-05-01,0.49818661159102334,6.265645,3.652402,2.613243,32.0,75,8,RF,rf_probability,,,
LIC MF Value Fund,2025-04-01,2025-05-01,0.5160353437412263,7.391871,3.652402,3.739469,24.0,75,6,RF,rf_probability,,,
Mahindra Manulife ELSS Tax Saver Fund,2025-04-01,2025-05-01,0.49369348706848704,3.339705,3.652402,-0.312697,36.0,75,9,RF,rf_probability,,,
Mahindra Manulife Focused Fund,2025-04-01,2025-05-01,0.46556144631512303,1.505592,3.652402,-2.14681,45.0,75,11,RF,rf_probability,,,
Mirae Asset ELSS Tax Saver Fund,2025-04-01,2025-05-01,0.3664618877854173,3.630089,3.652402,-0.022313,71.0,75,18,RF,rf_probability,,,
Mirae Asset Focused Fund,2025-04-01,2025-05-01,0.5149646192086211,4.754292,3.652402,1.10189,25.0,75,6,RF,rf_probability,,,
Motilal Oswal ELSS Tax Saver Fund,2025-04-01,2025-05-01,0.41328318289038113,11.835143,3.652402,8.182741,64.0,75,16,RF,rf_probability,,,
Motilal Oswal Flexi Cap Fund,2025-04-01,2025-05-01,0.5213374834874448,5.026894,3.652402,1.374492,21.0,75,5,RF,rf_probability,,,
Motilal Oswal Focused Fund,2025-04-01,2025-05-01,0.4707038949612478,12.540357,3.652402,8.887955,43.0,75,11,RF,rf_probability,,,
Navi Flexi Cap Fund,2025-04-01,2025-05-01,0.5527494605068134,5.282337,3.652402,1.629935,13.0,75,3,RF,rf_probability,,,
Nippon India ELSS Tax Saver Fund,2025-04-01,2025-05-01,0.44547052008449084,4.085546,3.652402,0.433144,55.0,75,14,RF,rf_probability,,,
Nippon India Value Fund,2025-04-01,2025-05-01,0.4109539459723285,3.332376,3.652402,-0.320026,65.0,75,17,RF,rf_probability,,,
Parag Parikh ELSS Tax Saver Fund,2025-04-01,2025-05-01,0.5945176325867116,2.67236,3.652402,-0.980042,6.0,75,1,RF,rf_probability,,,
Parag Parikh Flexi Cap Fund,2025-04-01,2025-05-01,0.6600610130323753,2.713818,3.652402,-0.938584,1.0,75,0,RF,rf_probability,,,
PGIM India ELSS Tax Saver Fund,2025-04-01,2025-05-01,0.4156529157117393,1.663634,3.652402,-1.988768,63.0,75,16,RF,rf_probability,,,
PGIM India Flexi Cap Fund,2025-04-01,2025-05-01,0.5046487332112332,2.468212,3.652402,-1.18419,30.0,75,7,RF,rf_probability,,,
Quant ELSS Tax Saver Fund,2025-04-01,2025-05-01,0.4726992320330167,3.587392,3.652402,-0.06501,42.0,75,10,RF,rf_probability,,,
Quant Flexi Cap Fund,2025-04-01,2025-05-01,0.4537180364570071,2.133502,3.652402,-1.5189,51.0,75,13,RF,rf_probability,,,
Quant Focused Fund,2025-04-01,2025-05-01,0.4548678164156106,3.69653,3.652402,0.044128,50.0,75,13,RF,rf_probability,,,
Shriram ELSS Tax Saver Fund,2025-04-01,2025-05-01,0.5121372177444159,2.135588,3.652402,-1.516814,26.0,75,6,RF,rf_probability,,,
Shriram Flexi Cap Fund,2025-04-01,2025-05-01,0.484057541916288,1.506658,3.652402,-2.145744,38.0,75,9,RF,rf_probability,,,
Sundaram Dividend Yield Fund,2025-04-01,2025-05-01,0.5662928480832893,1.642087,3.652402,-2.010315,11.0,75,2,RF,rf_probability,,,
Sundaram ELSS Tax Saver Fund,2025-04-01,2025-05-01,0.48177568265068293,2.80303,3.652402,-0.849372,39.0,75,10,RF,rf_probability,,,
Sundaram Focused Fund,2025-04-01,2025-05-01,0.5118363804238418,2.631649,3.652402,-1.020753,27.0,75,6,RF,rf_probability,,,
Sundaram Value Fund,2025-04-01,2025-05-01,0.5437336225865641,2.486496,3.652402,-1.165906,15.0,75,3,RF,rf_probability,,,
Tata ELSS Fund,2025-04-01,2025-05-01,0.650316613941614,4.495324,3.652402,0.842922,2.0,75,0,RF,rf_probability,,,
Tata Flexi Cap Fund,2025-04-01,2025-05-01,0.39488468001296967,3.077916,3.652402,-0.574486,68.0,75,17,RF,rf_probability,,,
Tata Focused Fund,2025-04-01,2025-05-01,0.4603290457392626,2.394926,3.652402,-1.257476,48.0,75,12,RF,rf_probability,,,
Tata Value Fund,2025-04-01,2025-05-01,0.5285284416520869,3.326446,3.652402,-0.325956,17.0,75,4,RF,rf_probability,,,
UTI Dividend Yield Fund,2025-04-01,2025-05-01,0.5896150691628632,2.500943,3.652402,-1.151459,9.0,75,2,RF,rf_probability,,,
UTI ELSS Tax Saver Fund,2025-04-01,2025-05-01,0.5920137015762017,3.17944,3.652402,-0.472962,8.0,75,1,RF,rf_probability,,,
UTI Flexi Cap Fund,2025-04-01,2025-05-01,0.5275012438541851,2.079562,3.652402,-1.57284,19.0,75,4,RF,rf_probability,,,
UTI Value Fund,2025-04-01,2025-05-01,0.4606837455630027,2.330204,3.652402,-1.322198,47.0,75,12,RF,rf_probability,,,
Aditya Birla Sun Life Dividend Yield Fund,2025-05-01,2025-06-01,0.44340494434186406,4.060574,3.766898,0.293676,52.0,75,13,RF,rf_probability,,,
Aditya Birla Sun Life ELSS Tax Saver Fund,2025-05-01,2025-06-01,0.4689120185370188,4.164134,3.766898,0.397236,41.0,75,10,RF,rf_probability,,,
Aditya Birla Sun Life Flexi Cap Fund,2025-05-01,2025-06-01,0.4063138658726896,3.31688,3.766898,-0.450018,61.0,75,16,RF,rf_probability,,,
Aditya Birla Sun Life Focused Fund,2025-05-01,2025-06-01,0.611175303862804,3.87432,3.766898,0.107422,6.0,75,1,RF,rf_probability,,,
Aditya Birla Sun Life Value Fund,2025-05-01,2025-06-01,0.3936266392920804,3.645284,3.766898,-0.121614,65.0,75,17,RF,rf_probability,,,
Axis ELSS Tax Saver Fund,2025-05-01,2025-06-01,0.5666479721259134,3.466085,3.766898,-0.300813,12.0,75,2,RF,rf_probability,,,
Axis Flexi Cap Fund,2025-05-01,2025-06-01,0.5038291675429835,4.098645,3.766898,0.331747,34.0,75,8,RF,rf_probability,,,
Axis Focused Fund,2025-05-01,2025-06-01,0.5355412956926119,3.953265,3.766898,0.186367,22.0,75,5,RF,rf_probability,,,
Axis Innovation Fund,2025-05-01,2025-06-01,0.45510049328896074,3.385417,3.766898,-0.381481,43.0,75,11,RF,rf_probability,,,
Baroda BNP Paribas ELSS Tax Saver Fund,2025-05-01,2025-06-01,0.37109315570480433,2.923105,3.766898,-0.843793,70.0,75,18,RF,rf_probability,,,
Baroda BNP Paribas Focused Fund,2025-05-01,2025-06-01,0.40480593426181666,4.56482,3.766898,0.797922,62.0,75,16,RF,rf_probability,,,
DSP ELSS Tax Saver Fund,2025-05-01,2025-06-01,0.42034816327463403,2.9596,3.766898,-0.807298,58.0,75,15,RF,rf_probability,,,
DSP Flexi Cap Fund,2025-05-01,2025-06-01,0.42526633005367565,2.769299,3.766898,-0.997599,56.0,75,14,RF,rf_probability,,,
DSP Focused Fund,2025-05-01,2025-06-01,0.44583885032666004,1.96988,3.766898,-1.797018,48.0,75,12,RF,rf_probability,,,
DSP Value Fund,2025-05-01,2025-06-01,0.5529341997871409,2.58581,3.766898,-1.181088,17.0,75,4,RF,rf_probability,,,
Edelweiss ELSS Tax saver Fund,2025-05-01,2025-06-01,0.3980196555895085,4.555093,3.766898,0.788195,64.0,75,16,RF,rf_probability,,,
Edelweiss Flexi Cap Fund,2025-05-01,2025-06-01,0.4414882229698407,4.660808,3.766898,0.89391,53.0,75,13,RF,rf_probability,,,
Franklin India ELSS Tax Saver Fund,2025-05-01,2025-06-01,0.5664297695768284,2.917754,3.766898,-0.849144,13.0,75,3,RF,rf_probability,,,
Franklin India Flexi Cap Fund,2025-05-01,2025-06-01,0.5137600042930927,3.147418,3.766898,-0.61948,29.0,75,7,RF,rf_probability,,,
Franklin India Focused Equity Fund,2025-05-01,2025-06-01,0.4526294959125841,3.395775,3.766898,-0.371123,45.0,75,11,RF,rf_probability,,,
Franklin India Opportunities Fund,2025-05-01,2025-06-01,0.5247821546143914,2.784976,3.766898,-0.981922,26.0,75,6,RF,rf_probability,,,
HDFC Dividend Yield Fund,2025-05-01,2025-06-01,0.4717828789072982,3.302703,3.766898,-0.464195,39.0,75,10,RF,rf_probability,,,
HDFC ELSS Tax saver,2025-05-01,2025-06-01,0.6373679217024806,2.994768,3.766898,-0.77213,3.0,75,0,RF,rf_probability,,,
HDFC Flexi Cap Fund,2025-05-01,2025-06-01,0.6003795856920857,2.762676,3.766898,-1.004222,8.0,75,1,RF,rf_probability,,,
HDFC Focused Fund,2025-05-01,2025-06-01,0.5536761535033595,2.739683,3.766898,-1.027215,16.0,75,4,RF,rf_probability,,,
HDFC Value Fund,2025-05-01,2025-06-01,0.45223502067677773,4.379749,3.766898,0.612851,46.0,75,12,RF,rf_probability,,,
HSBC Flexi Cap Fund,2025-05-01,2025-06-01,0.38009046884917647,4.593736,3.766898,0.826838,69.0,75,18,RF,rf_probability,,,
HSBC Focused Fund,2025-05-01,2025-06-01,0.3871356414483351,3.981603,3.766898,0.214705,66.0,75,17,RF,rf_probability,,,
HSBC Tax Saver Equity Fund,2025-05-01,2025-06-01,0.4013771749406427,4.29233,3.766898,0.525432,63.0,75,16,RF,rf_probability,,,
ICICI Prudential Business Cycle Fund,2025-05-01,2025-06-01,0.5104250632408527,3.422205,3.766898,-0.344693,30.0,75,7,RF,rf_probability,,,
ICICI Prudential Dividend Yield Equity Fund,2025-05-01,2025-06-01,0.5262917295123177,3.028711,3.766898,-0.738187,25.0,75,6,RF,rf_probability,,,
ICICI Prudential ELSS Tax Saver Fund,2025-05-01,2025-06-01,0.484115425424249,2.690437,3.766898,-1.076461,36.0,75,9,RF,rf_probability,,,
ICICI Prudential India Opportunities Fund,2025-05-01,2025-06-01,0.588630402019721,2.717533,3.766898,-1.049365,11.0,75,2,RF,rf_probability,,,
ICICI Prudential Value Fund,2025-05-01,2025-06-01,0.6228080346940641,2.360253,3.766898,-1.406645,4.0,75,0,RF,rf_probability,,,
ITI ELSS Tax Saver Fund,2025-05-01,2025-06-01,0.26729255649321454,3.784685,3.766898,0.017787,73.0,75,19,RF,rf_probability,,,
Kotak Contra Fund,2025-05-01,2025-06-01,0.41381918938904244,4.145774,3.766898,0.378876,60.0,75,15,RF,rf_probability,,,
Kotak ELSS Tax Saver Fund,2025-05-01,2025-06-01,0.42122156723994947,3.685192,3.766898,-0.081706,57.0,75,14,RF,rf_probability,,,
Kotak Flexi Cap Fund,2025-05-01,2025-06-01,0.3863783716283718,4.482674,3.766898,0.715776,67.0,75,17,RF,rf_probability,,,
Kotak Focused Fund,2025-05-01,2025-06-01,0.5162413321972145,4.891101,3.766898,1.124203,28.0,75,7,RF,rf_probability,,,
LIC MF Dividend Yield Fund,2025-05-01,2025-06-01,0.27879144685723634,3.185384,3.766898,-0.581514,72.0,75,18,RF,rf_probability,,,
LIC MF ELSS Tax Saver,2025-05-01,2025-06-01,0.44430276083565595,3.336301,3.766898,-0.430597,50.0,75,13,RF,rf_probability,,,
LIC MF Flexi Cap Fund,2025-05-01,2025-06-01,0.24387135250370556,4.424458,3.766898,0.65756,75.0,75,19,RF,rf_probability,,,
LIC MF Focused Fund,2025-05-01,2025-06-01,0.5050339125743538,2.888897,3.766898,-0.878001,32.0,75,8,RF,rf_probability,,,
LIC MF Value Fund,2025-05-01,2025-06-01,0.441294614741983,2.82242,3.766898,-0.944478,54.0,75,14,RF,rf_probability,,,
Mahindra Manulife ELSS Tax Saver Fund,2025-05-01,2025-06-01,0.47675126956376973,3.618128,3.766898,-0.14877,37.0,75,9,RF,rf_probability,,,
Mahindra Manulife Focused Fund,2025-05-01,2025-06-01,0.49315077773533633,3.360275,3.766898,-0.406623,35.0,75,9,RF,rf_probability,,,
Mirae Asset ELSS Tax Saver Fund,2025-05-01,2025-06-01,0.44379035302932335,4.07404,3.766898,0.307142,51.0,75,13,RF,rf_probability,,,
Mirae Asset Focused Fund,2025-05-01,2025-06-01,0.5357661705984078,2.572674,3.766898,-1.194224,21.0,75,5,RF,rf_probability,,,
Motilal Oswal ELSS Tax Saver Fund,2025-05-01,2025-06-01,0.3681365435819771,3.16728,3.766898,-0.599618,71.0,75,18,RF,rf_probability,,,
Motilal Oswal Flexi Cap Fund,2025-05-01,2025-06-01,0.469491091424915,6.004555,3.766898,2.237657,40.0,75,10,RF,rf_probability,,,
Motilal Oswal Focused Fund,2025-05-01,2025-06-01,0.24873502486505586,1.116905,3.766898,-2.649993,74.0,75,19,RF,rf_probability,,,
Navi Flexi Cap Fund,2025-05-01,2025-06-01,0.4445280140611023,3.420694,3.766898,-0.346204,49.0,75,12,RF,rf_probability,,,
Nippon India ELSS Tax Saver Fund,2025-05-01,2025-06-01,0.452670482703571,2.708324,3.766898,-1.058574,44.0,75,11,RF,rf_probability,,,
Nippon India Value Fund,2025-05-01,2025-06-01,0.38242961613549864,3.208815,3.766898,-0.558083,68.0,75,17,RF,rf_probability,,,
Parag Parikh ELSS Tax Saver Fund,2025-05-01,2025-06-01,0.7150011655011654,3.500845,3.766898,-0.266053,1.0,75,0,RF,rf_probability,,,
Parag Parikh Flexi Cap Fund,2025-05-01,2025-06-01,0.6615093656343655,3.473778,3.766898,-0.29312,2.0,75,0,RF,rf_probability,,,
PGIM India ELSS Tax Saver Fund,2025-05-01,2025-06-01,0.5084054785084198,4.014319,3.766898,0.247421,31.0,75,8,RF,rf_probability,,,
PGIM India Flexi Cap Fund,2025-05-01,2025-06-01,0.5039841637121049,4.452555,3.766898,0.685657,33.0,75,8,RF,rf_probability,,,
Quant ELSS Tax Saver Fund,2025-05-01,2025-06-01,0.41607480172476285,4.658866,3.766898,0.891968,59.0,75,15,RF,rf_probability,,,
Quant Flexi Cap Fund,2025-05-01,2025-06-01,0.4571458585274374,3.286892,3.766898,-0.480006,42.0,75,10,RF,rf_probability,,,
Quant Focused Fund,2025-05-01,2025-06-01,0.43419648488766127,4.466797,3.766898,0.699899,55.0,75,14,RF,rf_probability,,,
Shriram ELSS Tax Saver Fund,2025-05-01,2025-06-01,0.5340021010336412,5.019285,3.766898,1.252387,23.0,75,5,RF,rf_probability,,,
Shriram Flexi Cap Fund,2025-05-01,2025-06-01,0.5420747246819226,5.002438,3.766898,1.23554,19.0,75,4,RF,rf_probability,,,
Sundaram Dividend Yield Fund,2025-05-01,2025-06-01,0.556250738124964,2.443107,3.766898,-1.323791,14.0,75,3,RF,rf_probability,,,
Sundaram ELSS Tax Saver Fund,2025-05-01,2025-06-01,0.5415994512023925,2.974578,3.766898,-0.79232,20.0,75,5,RF,rf_probability,,,
Sundaram Focused Fund,2025-05-01,2025-06-01,0.5198551831080858,3.742449,3.766898,-0.024449,27.0,75,6,RF,rf_probability,,,
Sundaram Value Fund,2025-05-01,2025-06-01,0.542129601607543,3.322756,3.766898,-0.444142,18.0,75,4,RF,rf_probability,,,
Tata ELSS Fund,2025-05-01,2025-06-01,0.6165656249280473,3.206392,3.766898,-0.560506,5.0,75,1,RF,rf_probability,,,
Tata Flexi Cap Fund,2025-05-01,2025-06-01,0.4725636607544503,3.772098,3.766898,0.0052,38.0,75,9,RF,rf_probability,,,
Tata Focused Fund,2025-05-01,2025-06-01,0.44816516969013137,2.810793,3.766898,-0.956105,47.0,75,12,RF,rf_probability,,,
Tata Value Fund,2025-05-01,2025-06-01,0.5560201345996624,4.001902,3.766898,0.235004,15.0,75,3,RF,rf_probability,,,
UTI Dividend Yield Fund,2025-05-01,2025-06-01,0.5997897111058879,3.350267,3.766898,-0.416631,9.0,75,2,RF,rf_probability,,,
UTI ELSS Tax Saver Fund,2025-05-01,2025-06-01,0.5968817465214523,3.69613,3.766898,-0.070768,10.0,75,2,RF,rf_probability,,,
UTI Flexi Cap Fund,2025-05-01,2025-06-01,0.6044167450196862,4.06725,3.766898,0.300352,7.0,75,1,RF,rf_probability,,,
UTI Value Fund,2025-05-01,2025-06-01,0.5276083679392505,4.082593,3.766898,0.315695,24.0,75,6,RF,rf_probability,,,
Aditya Birla Sun Life Dividend Yield Fund,2025-06-01,2025-07-01,0.4345802151280094,-3.783436,-2.826766,-0.95667,56.0,76,14,RF,rf_probability,,,
Aditya Birla Sun Life ELSS Tax Saver Fund,2025-06-01,2025-07-01,0.4025212112234171,-1.390312,-2.826766,1.436454,68.0,76,17,RF,rf_probability,,,
Aditya Birla Sun Life Flexi Cap Fund,2025-06-01,2025-07-01,0.430557627421598,-2.419581,-2.826766,0.407185,60.0,76,15,RF,rf_probability,,,
Aditya Birla Sun Life Focused Fund,2025-06-01,2025-07-01,0.6288489449147345,-3.519318,-2.826766,-0.692552,11.0,76,2,RF,rf_probability,,,
Aditya Birla Sun Life Value Fund,2025-06-01,2025-07-01,0.5407789849039848,-3.902245,-2.826766,-1.075479,29.0,76,7,RF,rf_probability,,,
Axis ELSS Tax Saver Fund,2025-06-01,2025-07-01,0.6465842768342768,-1.950935,-2.826766,0.875831,7.0,76,1,RF,rf_probability,,,
Axis Flexi Cap Fund,2025-06-01,2025-07-01,0.49966324361912595,-1.401869,-2.826766,1.424897,40.0,76,10,RF,rf_probability,,,
Axis Focused Fund,2025-06-01,2025-07-01,0.6067187534687535,-2.128973,-2.826766,0.697793,16.0,76,3,RF,rf_probability,,,
Axis Innovation Fund,2025-06-01,2025-07-01,0.5200683790109099,-0.151668,-2.826766,2.675098,33.0,76,8,RF,rf_probability,,,
Baroda BNP Paribas ELSS Tax Saver Fund,2025-06-01,2025-07-01,0.42242448566655244,-1.428475,-2.826766,1.398291,62.0,76,16,RF,rf_probability,,,
Baroda BNP Paribas Focused Fund,2025-06-01,2025-07-01,0.43298194819886,-2.70909,-2.826766,0.117676,58.0,76,15,RF,rf_probability,,,
DSP ELSS Tax Saver Fund,2025-06-01,2025-07-01,0.5246723023708317,-2.03088,-2.826766,0.795886,32.0,76,8,RF,rf_probability,,,
DSP Flexi Cap Fund,2025-06-01,2025-07-01,0.5057206938228611,-2.513713,-2.826766,0.313053,37.0,76,9,RF,rf_probability,,,
DSP Focused Fund,2025-06-01,2025-07-01,0.5018652805527806,-0.711622,-2.826766,2.115144,39.0,76,10,RF,rf_probability,,,
DSP Value Fund,2025-06-01,2025-07-01,0.6344097075310311,-0.686869,-2.826766,2.139897,10.0,76,2,RF,rf_probability,,,
Edelweiss ELSS Tax saver Fund,2025-06-01,2025-07-01,0.39163431176666486,-3.720372,-2.826766,-0.893606,71.0,76,18,RF,rf_probability,,,
Edelweiss Flexi Cap Fund,2025-06-01,2025-07-01,0.5046246090510798,-2.954352,-2.826766,-0.127586,38.0,76,9,RF,rf_probability,,,
Franklin India ELSS Tax Saver Fund,2025-06-01,2025-07-01,0.558692761894968,-2.163416,-2.826766,0.66335,26.0,76,6,RF,rf_probability,,,
Franklin India Flexi Cap Fund,2025-06-01,2025-07-01,0.5144630487976076,-2.28367,-2.826766,0.543096,34.0,76,8,RF,rf_probability,,,
Franklin India Focused Equity Fund,2025-06-01,2025-07-01,0.45863702447382126,-0.657649,-2.826766,2.169117,50.0,76,12,RF,rf_probability,,,
Franklin India Opportunities Fund,2025-06-01,2025-07-01,0.46763199186864063,-0.021947,-2.826766,2.804819,47.0,76,12,RF,rf_probability,,,
HDFC Dividend Yield Fund,2025-06-01,2025-07-01,0.4677525366790075,-2.141423,-2.826766,0.685343,46.0,76,11,RF,rf_probability,,,
HDFC ELSS Tax saver,2025-06-01,2025-07-01,0.6560221479287972,-1.692944,-2.826766,1.133822,5.0,76,1,RF,rf_probability,,,
HDFC Flexi Cap Fund,2025-06-01,2025-07-01,0.6350416016731807,-1.42336,-2.826766,1.403406,9.0,76,2,RF,rf_probability,,,
HDFC Focused Fund,2025-06-01,2025-07-01,0.6048495515921986,-1.426343,-2.826766,1.400423,17.0,76,4,RF,rf_probability,,,
HDFC Value Fund,2025-06-01,2025-07-01,0.44781141611656317,-1.924005,-2.826766,0.902761,53.0,76,13,RF,rf_probability,,,
HSBC Flexi Cap Fund,2025-06-01,2025-07-01,0.37810722052285534,-2.062491,-2.826766,0.764275,74.0,76,19,RF,rf_probability,,,
HSBC Focused Fund,2025-06-01,2025-07-01,0.43247524695376877,0.285526,-2.826766,3.112292,59.0,76,15,RF,rf_probability,,,
HSBC Tax Saver Equity Fund,2025-06-01,2025-07-01,0.4183252385729168,-0.685391,-2.826766,2.141375,64.0,76,16,RF,rf_probability,,,
ICICI Prudential Business Cycle Fund,2025-06-01,2025-07-01,0.5784237451145346,-1.269231,-2.826766,1.557535,21.0,76,5,RF,rf_probability,,,
ICICI Prudential Dividend Yield Equity Fund,2025-06-01,2025-07-01,0.6008761797842681,-1.05514,-2.826766,1.771626,19.0,76,4,RF,rf_probability,,,
ICICI Prudential ELSS Tax Saver Fund,2025-06-01,2025-07-01,0.5660968059718061,-1.293215,-2.826766,1.533551,24.0,76,6,RF,rf_probability,,,
ICICI Prudential India Opportunities Fund,2025-06-01,2025-07-01,0.6519981640091934,-1.703967,-2.826766,1.122799,6.0,76,1,RF,rf_probability,,,
ICICI Prudential Value Fund,2025-06-01,2025-07-01,0.6641686046796339,-1.449943,-2.826766,1.376823,3.0,76,0,RF,rf_probability,,,
ITI ELSS Tax Saver Fund,2025-06-01,2025-07-01,0.3792271062271062,-3.540241,-2.826766,-0.713475,73.0,76,18,RF,rf_probability,,,
Kotak Contra Fund,2025-06-01,2025-07-01,0.4117066846552141,-1.484519,-2.826766,1.342247,65.0,76,16,RF,rf_probability,,,
Kotak ELSS Tax Saver Fund,2025-06-01,2025-07-01,0.42769581929508405,-1.609406,-2.826766,1.21736,61.0,76,15,RF,rf_probability,,,
Kotak Flexi Cap Fund,2025-06-01,2025-07-01,0.4385991190611933,-2.698229,-2.826766,0.128537,55.0,76,14,RF,rf_probability,,,
Kotak Focused Fund,2025-06-01,2025-07-01,0.46120900137444265,-1.271156,-2.826766,1.55561,49.0,76,12,RF,rf_probability,,,
LIC MF Dividend Yield Fund,2025-06-01,2025-07-01,0.4077522824397824,-2.610832,-2.826766,0.215934,67.0,76,17,RF,rf_probability,,,
LIC MF ELSS Tax Saver,2025-06-01,2025-07-01,0.4334952929981958,-1.079761,-2.826766,1.747005,57.0,76,14,RF,rf_probability,,,
LIC MF Flexi Cap Fund,2025-06-01,2025-07-01,0.4398188547348766,0.247737,-2.826766,3.074503,54.0,76,13,RF,rf_probability,,,
LIC MF Focused Fund,2025-06-01,2025-07-01,0.7097531635031636,-3.669305,-2.826766,-0.842539,1.0,76,0,RF,rf_probability,,,
LIC MF Value Fund,2025-06-01,2025-07-01,0.38768077162775305,-0.402271,-2.826766,2.424495,72.0,76,18,RF,rf_probability,,,
Mahindra Manulife ELSS Tax Saver Fund,2025-06-01,2025-07-01,0.4877652895994615,-2.32814,-2.826766,0.498626,42.0,76,10,RF,rf_probability,,,
Mahindra Manulife Focused Fund,2025-06-01,2025-07-01,0.5946221952067539,-2.982759,-2.826766,-0.155993,20.0,76,5,RF,rf_probability,,,
Mirae Asset ELSS Tax Saver Fund,2025-06-01,2025-07-01,0.40876444363170367,-1.494619,-2.826766,1.332147,66.0,76,17,RF,rf_probability,,,
Mirae Asset Focused Fund,2025-06-01,2025-07-01,0.5652553550250923,0.298041,-2.826766,3.124807,25.0,76,6,RF,rf_probability,,,
Motilal Oswal ELSS Tax Saver Fund,2025-06-01,2025-07-01,0.4208593632244951,-2.598029,-2.826766,0.228737,63.0,76,16,RF,rf_probability,,,
Motilal Oswal Flexi Cap Fund,2025-06-01,2025-07-01,0.40216303141303145,-2.742449,-2.826766,0.084317,69.0,76,17,RF,rf_probability,,,
Motilal Oswal Focused Fund,2025-06-01,2025-07-01,0.3774905735604265,-1.285508,-2.826766,1.541258,75.0,76,19,RF,rf_probability,,,
Navi Flexi Cap Fund,2025-06-01,2025-07-01,0.5534904682735565,-2.182449,-2.826766,0.644317,27.0,76,6,RF,rf_probability,,,
Nippon India ELSS Tax Saver Fund,2025-06-01,2025-07-01,0.47835618997016055,-1.041355,-2.826766,1.785411,44.0,76,11,RF,rf_probability,,,
Nippon India Value Fund,2025-06-01,2025-07-01,0.44796357022750216,-2.144009,-2.826766,0.682757,52.0,76,13,RF,rf_probability,,,
Parag Parikh ELSS Tax Saver Fund,2025-06-01,2025-07-01,0.7008767670238256,-1.651004,-2.826766,1.175762,2.0,76,0,RF,rf_probability,,,
Parag Parikh Flexi Cap Fund,2025-06-01,2025-07-01,0.6568346979817568,-0.559352,-2.826766,2.267414,4.0,76,0,RF,rf_probability,,,
PGIM India ELSS Tax Saver Fund,2025-06-01,2025-07-01,0.5305847785255682,-1.576743,-2.826766,1.250023,31.0,76,7,RF,rf_probability,,,
PGIM India Flexi Cap Fund,2025-06-01,2025-07-01,0.44822527347953056,-1.260799,-2.826766,1.565967,51.0,76,13,RF,rf_probability,,,
Quant ELSS Tax Saver Fund,2025-06-01,2025-07-01,0.39469745684741825,-2.958102,-2.826766,-0.131336,70.0,76,18,RF,rf_probability,,,
Quant Flexi Cap Fund,2025-06-01,2025-07-01,0.4739514210204998,-2.744113,-2.826766,0.082653,45.0,76,11,RF,rf_probability,,,
Quant Focused Fund,2025-06-01,2025-07-01,0.575739584353555,-3.435639,-2.826766,-0.608873,22.0,76,5,RF,rf_probability,,,
Shriram ELSS Tax Saver Fund,2025-06-01,2025-07-01,0.5139064101747924,-1.942555,-2.826766,0.884211,35.0,76,8,RF,rf_probability,,,
Shriram Flexi Cap Fund,2025-06-01,2025-07-01,0.5120258671067492,-1.967353,-2.826766,0.859413,36.0,76,9,RF,rf_probability,,,
Sundaram Dividend Yield Fund,2025-06-01,2025-07-01,0.5440964354273176,-2.028501,-2.826766,0.798265,28.0,76,7,RF,rf_probability,,,
Sundaram ELSS Tax Saver Fund,2025-06-01,2025-07-01,0.5674724372849372,-0.654619,-2.826766,2.172147,23.0,76,5,RF,rf_probability,,,
Sundaram Focused Fund,2025-06-01,2025-07-01,0.4669036415940441,-1.146442,-2.826766,1.680324,48.0,76,12,RF,rf_probability,,,
Sundaram Value Fund,2025-06-01,2025-07-01,0.6011195769100182,-0.683409,-2.826766,2.143357,18.0,76,4,RF,rf_probability,,,
Tata Dividend Yield Fund,2025-06-01,2025-07-01,0.3469101078659903,-2.313772,-2.826766,0.512994,76.0,76,19,RF,rf_probability,,,
Tata ELSS Fund,2025-06-01,2025-07-01,0.6276570247562893,-2.089293,-2.826766,0.737473,14.0,76,3,RF,rf_probability,,,
Tata Flexi Cap Fund,2025-06-01,2025-07-01,0.5312279352054894,-2.553825,-2.826766,0.272941,30.0,76,7,RF,rf_probability,,,
Tata Focused Fund,2025-06-01,2025-07-01,0.4943242790706026,-0.762687,-2.826766,2.064079,41.0,76,10,RF,rf_probability,,,
Tata Value Fund,2025-06-01,2025-07-01,0.48771387017265494,-2.30186,-2.826766,0.524906,43.0,76,11,RF,rf_probability,,,
UTI Dividend Yield Fund,2025-06-01,2025-07-01,0.6394477573080514,-1.941778,-2.826766,0.884988,8.0,76,1,RF,rf_probability,,,
UTI ELSS Tax Saver Fund,2025-06-01,2025-07-01,0.6282814636344048,-3.081335,-2.826766,-0.254569,12.0,76,2,RF,rf_probability,,,
UTI Flexi Cap Fund,2025-06-01,2025-07-01,0.6282499396028809,-1.730453,-2.826766,1.096313,13.0,76,3,RF,rf_probability,,,
UTI Value Fund,2025-06-01,2025-07-01,0.6144223040031861,-1.868021,-2.826766,0.958745,15.0,76,3,RF,rf_probability,,,
Aditya Birla Sun Life Dividend Yield Fund,2025-07-01,2025-08-01,0.5203596215875627,-2.235785,-1.816508,-0.419277,76.0,77,19,RF,rf_probability,,,
Aditya Birla Sun Life ELSS Tax Saver Fund,2025-07-01,2025-08-01,0.6149695955231559,-1.35974,-1.816508,0.456768,52.0,77,13,RF,rf_probability,,,
Aditya Birla Sun Life Flexi Cap Fund,2025-07-01,2025-08-01,0.5641586917640324,-1.377552,-1.816508,0.438956,72.0,77,18,RF,rf_probability,,,
Aditya Birla Sun Life Focused Fund,2025-07-01,2025-08-01,0.6688526379623129,-1.774747,-1.816508,0.041761,23.0,77,5,RF,rf_probability,,,
Aditya Birla Sun Life Value Fund,2025-07-01,2025-08-01,0.6363154519457154,-4.554645,-1.816508,-2.738137,43.0,77,10,RF,rf_probability,,,
Axis ELSS Tax Saver Fund,2025-07-01,2025-08-01,0.667637097697624,-0.221685,-1.816508,1.594823,24.0,77,5,RF,rf_probability,,,
Axis Flexi Cap Fund,2025-07-01,2025-08-01,0.6405600180435317,-1.331512,-1.816508,0.484996,40.0,77,10,RF,rf_probability,,,
Axis Focused Fund,2025-07-01,2025-08-01,0.6801156276643894,-0.685368,-1.816508,1.13114,14.0,77,3,RF,rf_probability,,,
Axis Innovation Fund,2025-07-01,2025-08-01,0.6399447851168442,0.255754,-1.816508,2.072262,41.0,77,10,RF,rf_probability,,,
Baroda BNP Paribas ELSS Tax Saver Fund,2025-07-01,2025-08-01,0.7079981689878745,-1.409789,-1.816508,0.406719,3.0,77,0,RF,rf_probability,,,
Baroda BNP Paribas Focused Fund,2025-07-01,2025-08-01,0.6932758393567214,-4.557699,-1.816508,-2.741191,6.0,77,1,RF,rf_probability,,,
DSP ELSS Tax Saver Fund,2025-07-01,2025-08-01,0.6700125441551914,-3.255264,-1.816508,-1.438756,22.0,77,5,RF,rf_probability,,,
DSP Flexi Cap Fund,2025-07-01,2025-08-01,0.7000827837195481,-2.163934,-1.816508,-0.347426,4.0,77,0,RF,rf_probability,,,
DSP Focused Fund,2025-07-01,2025-08-01,0.7499946115202307,-4.057525,-1.816508,-2.241017,1.0,77,0,RF,rf_probability,,,
DSP Value Fund,2025-07-01,2025-08-01,0.5736125124875128,-0.692104,-1.816508,1.124404,71.0,77,18,RF,rf_probability,,,
Edelweiss ELSS Tax saver Fund,2025-07-01,2025-08-01,0.6983820585417332,-1.928887,-1.816508,-0.112379,5.0,77,1,RF,rf_probability,,,
Edelweiss Flexi Cap Fund,2025-07-01,2025-08-01,0.6897500479912242,-1.056184,-1.816508,0.760324,9.0,77,2,RF,rf_probability,,,
Franklin India ELSS Tax Saver Fund,2025-07-01,2025-08-01,0.6701882881480402,-2.625575,-1.816508,-0.809067,21.0,77,5,RF,rf_probability,,,
Franklin India Flexi Cap Fund,2025-07-01,2025-08-01,0.6768409244006764,-2.62848,-1.816508,-0.811972,16.0,77,3,RF,rf_probability,,,
Franklin India Focused Equity Fund,2025-07-01,2025-08-01,0.6496452855537994,-1.224724,-1.816508,0.591784,37.0,77,9,RF,rf_probability,,,
Franklin India Opportunities Fund,2025-07-01,2025-08-01,0.6063625429266288,-0.526166,-1.816508,1.290342,56.0,77,14,RF,rf_probability,,,
HDFC Dividend Yield Fund,2025-07-01,2025-08-01,0.5798694896177098,-2.171692,-1.816508,-0.355184,69.0,77,17,RF,rf_probability,,,
HDFC ELSS Tax saver,2025-07-01,2025-08-01,0.6739103079926609,-0.363345,-1.816508,1.453163,19.0,77,4,RF,rf_probability,,,
HDFC Flexi Cap Fund,2025-07-01,2025-08-01,0.6187122033195561,-0.075793,-1.816508,1.740715,49.0,77,12,RF,rf_probability,,,
HDFC Focused Fund,2025-07-01,2025-08-01,0.5916820196143724,0.393313,-1.816508,2.209821,64.0,77,16,RF,rf_probability,,,
HDFC Value Fund,2025-07-01,2025-08-01,0.5943253068397026,-2.742077,-1.816508,-0.925569,63.0,77,16,RF,rf_probability,,,
HSBC Flexi Cap Fund,2025-07-01,2025-08-01,0.6347595637936193,-2.462326,-1.816508,-0.645818,45.0,77,11,RF,rf_probability,,,
HSBC Focused Fund,2025-07-01,2025-08-01,0.6508262426342147,-2.550981,-1.816508,-0.734473,36.0,77,9,RF,rf_probability,,,
HSBC Tax Saver Equity Fund,2025-07-01,2025-08-01,0.5970758538846771,-3.798099,-1.816508,-1.981591,62.0,77,15,RF,rf_probability,,,
ICICI Prudential Business Cycle Fund,2025-07-01,2025-08-01,0.5299358042198601,-0.620155,-1.816508,1.196353,75.0,77,19,RF,rf_probability,,,
ICICI Prudential Dividend Yield Equity Fund,2025-07-01,2025-08-01,0.6153312401650639,-1.009064,-1.816508,0.807444,50.0,77,12,RF,rf_probability,,,
ICICI Prudential ELSS Tax Saver Fund,2025-07-01,2025-08-01,0.6392271157720851,-0.72658,-1.816508,1.089928,42.0,77,10,RF,rf_probability,,,
ICICI Prudential India Opportunities Fund,2025-07-01,2025-08-01,0.62037221618251,-2.005657,-1.816508,-0.189149,47.0,77,11,RF,rf_probability,,,
ICICI Prudential Value Fund,2025-07-01,2025-08-01,0.6594203375056319,-1.062324,-1.816508,0.754184,30.0,77,7,RF,rf_probability,,,
ITI ELSS Tax Saver Fund,2025-07-01,2025-08-01,0.6859175541348921,-3.482272,-1.816508,-1.665764,11.0,77,2,RF,rf_probability,,,
ITI Value Fund,2025-07-01,2025-08-01,0.6864228547596195,-4.120891,-1.816508,-2.304383,10.0,77,2,RF,rf_probability,,,
Kotak Contra Fund,2025-07-01,2025-08-01,0.6919062164615569,-1.301438,-1.816508,0.51507,8.0,77,1,RF,rf_probability,,,
Kotak ELSS Tax Saver Fund,2025-07-01,2025-08-01,0.640983608385079,-2.710737,-1.816508,-0.894229,39.0,77,9,RF,rf_probability,,,
Kotak Flexi Cap Fund,2025-07-01,2025-08-01,0.670753228754389,-2.806706,-1.816508,-0.990198,20.0,77,4,RF,rf_probability,,,
Kotak Focused Fund,2025-07-01,2025-08-01,0.6041674988324364,-0.581332,-1.816508,1.235176,59.0,77,15,RF,rf_probability,,,
LIC MF Dividend Yield Fund,2025-07-01,2025-08-01,0.6806775077777404,-2.737489,-1.816508,-0.920981,13.0,77,3,RF,rf_probability,,,
LIC MF ELSS Tax Saver,2025-07-01,2025-08-01,0.6352512856424619,-2.922574,-1.816508,-1.106066,44.0,77,11,RF,rf_probability,,,
LIC MF Flexi Cap Fund,2025-07-01,2025-08-01,0.6153059885333103,-0.543368,-1.816508,1.27314,51.0,77,12,RF,rf_probability,,,
LIC MF Focused Fund,2025-07-01,2025-08-01,0.6755419479213596,-0.784517,-1.816508,1.031991,18.0,77,4,RF,rf_probability,,,
LIC MF Value Fund,2025-07-01,2025-08-01,0.4931991219908403,-3.968272,-1.816508,-2.151764,77.0,77,19,RF,rf_probability,,,
Mahindra Manulife ELSS Tax Saver Fund,2025-07-01,2025-08-01,0.6666375199190213,-1.567433,-1.816508,0.249075,25.0,77,6,RF,rf_probability,,,
Mahindra Manulife Focused Fund,2025-07-01,2025-08-01,0.6268268474129932,-1.909094,-1.816508,-0.092586,46.0,77,11,RF,rf_probability,,,
Mirae Asset ELSS Tax Saver Fund,2025-07-01,2025-08-01,0.6411395993669217,-2.433477,-1.816508,-0.616969,38.0,77,9,RF,rf_probability,,,
Mirae Asset Focused Fund,2025-07-01,2025-08-01,0.5502198208224529,-1.954007,-1.816508,-0.137499,73.0,77,18,RF,rf_probability,,,
Motilal Oswal ELSS Tax Saver Fund,2025-07-01,2025-08-01,0.6766790996155546,-5.229307,-1.816508,-3.412799,17.0,77,4,RF,rf_probability,,,
Motilal Oswal Flexi Cap Fund,2025-07-01,2025-08-01,0.6562615911865911,-1.31247,-1.816508,0.504038,32.0,77,8,RF,rf_probability,,,
Motilal Oswal Focused Fund,2025-07-01,2025-08-01,0.5769007496545422,-4.504242,-1.816508,-2.687734,70.0,77,17,RF,rf_probability,,,
Navi Flexi Cap Fund,2025-07-01,2025-08-01,0.6823132226390737,-1.393999,-1.816508,0.422509,12.0,77,2,RF,rf_probability,,,
Nippon India ELSS Tax Saver Fund,2025-07-01,2025-08-01,0.6929700807018918,-2.615131,-1.816508,-0.798623,7.0,77,1,RF,rf_probability,,,
Nippon India Value Fund,2025-07-01,2025-08-01,0.6525119272883982,-2.777806,-1.816508,-0.961298,35.0,77,8,RF,rf_probability,,,
Parag Parikh ELSS Tax Saver Fund,2025-07-01,2025-08-01,0.6591533136797842,-1.788814,-1.816508,0.027694,31.0,77,7,RF,rf_probability,,,
Parag Parikh Flexi Cap Fund,2025-07-01,2025-08-01,0.6054412205643335,-0.911529,-1.816508,0.904979,58.0,77,14,RF,rf_probability,,,
PGIM India ELSS Tax Saver Fund,2025-07-01,2025-08-01,0.6771824797751266,-2.170117,-1.816508,-0.353609,15.0,77,3,RF,rf_probability,,,
PGIM India Flexi Cap Fund,2025-07-01,2025-08-01,0.6193649032340207,-1.084394,-1.816508,0.732114,48.0,77,12,RF,rf_probability,,,
Quant ELSS Tax Saver Fund,2025-07-01,2025-08-01,0.5447559997192348,-3.339504,-1.816508,-1.522996,74.0,77,18,RF,rf_probability,,,
Quant Flexi Cap Fund,2025-07-01,2025-08-01,0.6026292671380908,-4.92348,-1.816508,-3.106972,60.0,77,15,RF,rf_probability,,,
Quant Focused Fund,2025-07-01,2025-08-01,0.6651434498508028,-3.79339,-1.816508,-1.976882,29.0,77,7,RF,rf_probability,,,
Shriram ELSS Tax Saver Fund,2025-07-01,2025-08-01,0.5900662889398186,-3.319322,-1.816508,-1.502814,65.0,77,16,RF,rf_probability,,,
Shriram Flexi Cap Fund,2025-07-01,2025-08-01,0.5978683040815392,-3.284862,-1.816508,-1.468354,61.0,77,15,RF,rf_probability,,,
Sundaram Dividend Yield Fund,2025-07-01,2025-08-01,0.665837773741566,-1.81749,-1.816508,-0.000982,28.0,77,7,RF,rf_probability,,,
Sundaram ELSS Tax Saver Fund,2025-07-01,2025-08-01,0.6072359341552839,-1.113065,-1.816508,0.703443,55.0,77,14,RF,rf_probability,,,
Sundaram Focused Fund,2025-07-01,2025-08-01,0.5807571427282726,-2.269804,-1.816508,-0.453296,68.0,77,17,RF,rf_probability,,,
Sundaram Value Fund,2025-07-01,2025-08-01,0.6058278706501613,-1.478572,-1.816508,0.337936,57.0,77,14,RF,rf_probability,,,
Tata Dividend Yield Fund,2025-07-01,2025-08-01,0.6134992713255094,-3.030177,-1.816508,-1.213669,53.0,77,13,RF,rf_probability,,,
Tata ELSS Fund,2025-07-01,2025-08-01,0.654179841812814,-3.020901,-1.816508,-1.204393,34.0,77,8,RF,rf_probability,,,
Tata Flexi Cap Fund,2025-07-01,2025-08-01,0.7486152337858217,-1.512607,-1.816508,0.303901,2.0,77,0,RF,rf_probability,,,
Tata Focused Fund,2025-07-01,2025-08-01,0.5876489350518761,-0.752028,-1.816508,1.06448,67.0,77,17,RF,rf_probability,,,
Tata Value Fund,2025-07-01,2025-08-01,0.666297348403231,-3.715918,-1.816508,-1.89941,26.0,77,6,RF,rf_probability,,,
UTI Dividend Yield Fund,2025-07-01,2025-08-01,0.6100974252871316,-1.555419,-1.816508,0.261089,54.0,77,13,RF,rf_probability,,,
UTI ELSS Tax Saver Fund,2025-07-01,2025-08-01,0.5881272805539833,-1.897293,-1.816508,-0.080785,66.0,77,16,RF,rf_probability,,,
UTI Flexi Cap Fund,2025-07-01,2025-08-01,0.6661962528012064,-0.467385,-1.816508,1.349123,27.0,77,6,RF,rf_probability,,,
UTI Value Fund,2025-07-01,2025-08-01,0.6547147067328954,-1.772309,-1.816508,0.044199,33.0,77,8,RF,rf_probability,,,
Aditya Birla Sun Life Dividend Yield Fund,2025-08-01,2025-09-01,0.5545569970878799,1.522487,1.253765,0.268722,69.0,77,17,RF,rf_probability,,,
Aditya Birla Sun Life ELSS Tax Saver Fund,2025-08-01,2025-09-01,0.6687147154788796,0.449506,1.253765,-0.804259,14.0,77,3,RF,rf_probability,,,
Aditya Birla Sun Life Flexi Cap Fund,2025-08-01,2025-09-01,0.6243241579112316,1.01432,1.253765,-0.239445,41.0,77,10,RF,rf_probability,,,
Aditya Birla Sun Life Focused Fund,2025-08-01,2025-09-01,0.5876770900667962,0.591735,1.253765,-0.66203,60.0,77,15,RF,rf_probability,,,
Aditya Birla Sun Life Value Fund,2025-08-01,2025-09-01,0.5412575817972878,2.777751,1.253765,1.523986,73.0,77,18,RF,rf_probability,,,
Axis ELSS Tax Saver Fund,2025-08-01,2025-09-01,0.635963953684774,0.178955,1.253765,-1.07481,30.0,77,7,RF,rf_probability,,,
Axis Flexi Cap Fund,2025-08-01,2025-09-01,0.6353319810822124,1.107266,1.253765,-0.146499,32.0,77,8,RF,rf_probability,,,
Axis Focused Fund,2025-08-01,2025-09-01,0.6138956004693622,0.481464,1.253765,-0.772301,51.0,77,12,RF,rf_probability,,,
Axis Innovation Fund,2025-08-01,2025-09-01,0.546323634818914,1.22449,1.253765,-0.029275,72.0,77,18,RF,rf_probability,,,
Baroda BNP Paribas ELSS Tax Saver Fund,2025-08-01,2025-09-01,0.6273912447030091,0.395952,1.253765,-0.857813,38.0,77,9,RF,rf_probability,,,
Baroda BNP Paribas Focused Fund,2025-08-01,2025-09-01,0.642197244095774,0.86015,1.253765,-0.393615,27.0,77,6,RF,rf_probability,,,
DSP ELSS Tax Saver Fund,2025-08-01,2025-09-01,0.6468719747916346,1.903178,1.253765,0.649413,22.0,77,5,RF,rf_probability,,,
DSP Flexi Cap Fund,2025-08-01,2025-09-01,0.6609736125759341,1.956034,1.253765,0.702269,17.0,77,4,RF,rf_probability,,,
DSP Focused Fund,2025-08-01,2025-09-01,0.6143887474410695,2.348186,1.253765,1.094421,50.0,77,12,RF,rf_probability,,,
DSP Value Fund,2025-08-01,2025-09-01,0.6480098553407379,3.271937,1.253765,2.018172,20.0,77,4,RF,rf_probability,,,
Edelweiss ELSS Tax saver Fund,2025-08-01,2025-09-01,0.6020407886231415,1.4297,1.253765,0.175935,56.0,77,14,RF,rf_probability,,,
Edelweiss Flexi Cap Fund,2025-08-01,2025-09-01,0.6075299099593221,1.125473,1.253765,-0.128292,55.0,77,14,RF,rf_probability,,,
Franklin India ELSS Tax Saver Fund,2025-08-01,2025-09-01,0.624515089812149,0.291884,1.253765,-0.961881,40.0,77,10,RF,rf_probability,,,
Franklin India Flexi Cap Fund,2025-08-01,2025-09-01,0.6152203816565276,0.369215,1.253765,-0.88455,48.0,77,12,RF,rf_probability,,,
Franklin India Focused Equity Fund,2025-08-01,2025-09-01,0.5834948468198466,0.461932,1.253765,-0.791833,63.0,77,16,RF,rf_probability,,,
Franklin India Opportunities Fund,2025-08-01,2025-09-01,0.5929149285269248,0.721568,1.253765,-0.532197,59.0,77,15,RF,rf_probability,,,
HDFC Dividend Yield Fund,2025-08-01,2025-09-01,0.6182804088068795,1.400008,1.253765,0.146243,45.0,77,11,RF,rf_probability,,,
HDFC ELSS Tax saver,2025-08-01,2025-09-01,0.6891917857512286,0.88804,1.253765,-0.365725,7.0,77,1,RF,rf_probability,,,
HDFC Flexi Cap Fund,2025-08-01,2025-09-01,0.6292861069529027,1.726478,1.253765,0.472713,37.0,77,9,RF,rf_probability,,,
HDFC Focused Fund,2025-08-01,2025-09-01,0.5870496278231575,1.052288,1.253765,-0.201477,61.0,77,15,RF,rf_probability,,,
HDFC Value Fund,2025-08-01,2025-09-01,0.6899678846007792,1.335727,1.253765,0.081962,6.0,77,1,RF,rf_probability,,,
HSBC Flexi Cap Fund,2025-08-01,2025-09-01,0.6776495906827948,1.328194,1.253765,0.074429,9.0,77,2,RF,rf_probability,,,
HSBC Focused Fund,2025-08-01,2025-09-01,0.6458275985022888,0.753402,1.253765,-0.500363,23.0,77,5,RF,rf_probability,,,
HSBC Tax Saver Equity Fund,2025-08-01,2025-09-01,0.6250186261021397,0.102468,1.253765,-1.151297,39.0,77,9,RF,rf_probability,,,
ICICI Prudential Business Cycle Fund,2025-08-01,2025-09-01,0.5364878203066284,1.521061,1.253765,0.267296,74.0,77,18,RF,rf_probability,,,
ICICI Prudential Dividend Yield Equity Fund,2025-08-01,2025-09-01,0.6700391466376763,1.485833,1.253765,0.232068,13.0,77,3,RF,rf_probability,,,
ICICI Prudential ELSS Tax Saver Fund,2025-08-01,2025-09-01,0.6341431450902039,0.965793,1.253765,-0.287972,34.0,77,8,RF,rf_probability,,,
ICICI Prudential India Opportunities Fund,2025-08-01,2025-09-01,0.6935462504815448,1.52191,1.253765,0.268145,3.0,77,0,RF,rf_probability,,,
ICICI Prudential Value Fund,2025-08-01,2025-09-01,0.6906836321229517,0.656387,1.253765,-0.597378,5.0,77,1,RF,rf_probability,,,
ITI ELSS Tax Saver Fund,2025-08-01,2025-09-01,0.5981620481943242,3.159833,1.253765,1.906068,57.0,77,14,RF,rf_probability,,,
ITI Value Fund,2025-08-01,2025-09-01,0.6345981177663065,2.732355,1.253765,1.47859,33.0,77,8,RF,rf_probability,,,
Kotak Contra Fund,2025-08-01,2025-09-01,0.6655766349233843,1.857895,1.253765,0.60413,15.0,77,3,RF,rf_probability,,,
Kotak ELSS Tax Saver Fund,2025-08-01,2025-09-01,0.633822688422688,1.30329,1.253765,0.049525,35.0,77,8,RF,rf_probability,,,
Kotak Flexi Cap Fund,2025-08-01,2025-09-01,0.7017710202851842,1.690525,1.253765,0.43676,2.0,77,0,RF,rf_probability,,,
Kotak Focused Fund,2025-08-01,2025-09-01,0.6094992168306406,1.539914,1.253765,0.286149,53.0,77,13,RF,rf_probability,,,
LIC MF Dividend Yield Fund,2025-08-01,2025-09-01,0.6524113170627102,1.719891,1.253765,0.466126,19.0,77,4,RF,rf_probability,,,
LIC MF ELSS Tax Saver,2025-08-01,2025-09-01,0.5590833298967978,1.063058,1.253765,-0.190707,66.0,77,16,RF,rf_probability,,,
LIC MF Flexi Cap Fund,2025-08-01,2025-09-01,0.6127588725773713,2.050166,1.253765,0.796401,52.0,77,13,RF,rf_probability,,,
LIC MF Focused Fund,2025-08-01,2025-09-01,0.6225631220860325,-0.513774,1.253765,-1.767539,42.0,77,10,RF,rf_probability,,,
LIC MF Value Fund,2025-08-01,2025-09-01,0.5224487554928731,2.13509,1.253765,0.881325,76.0,77,19,RF,rf_probability,,,
Mahindra Manulife ELSS Tax Saver Fund,2025-08-01,2025-09-01,0.6751940480228406,0.372054,1.253765,-0.881711,10.0,77,2,RF,rf_probability,,,
Mahindra Manulife Focused Fund,2025-08-01,2025-09-01,0.5464037122062667,1.343392,1.253765,0.089627,71.0,77,18,RF,rf_probability,,,
Mirae Asset ELSS Tax Saver Fund,2025-08-01,2025-09-01,0.7102293647872592,1.578285,1.253765,0.32452,1.0,77,0,RF,rf_probability,,,
Mirae Asset Focused Fund,2025-08-01,2025-09-01,0.6222937260022402,-0.586373,1.253765,-1.840138,43.0,77,10,RF,rf_probability,,,
Motilal Oswal ELSS Tax Saver Fund,2025-08-01,2025-09-01,0.6356577980413118,3.393844,1.253765,2.140079,31.0,77,7,RF,rf_probability,,,
Motilal Oswal Flexi Cap Fund,2025-08-01,2025-09-01,0.6075950449876918,-2.041352,1.253765,-3.295117,54.0,77,13,RF,rf_probability,,,
Motilal Oswal Focused Fund,2025-08-01,2025-09-01,0.5817266426384075,0.941197,1.253765,-0.312568,64.0,77,16,RF,rf_probability,,,
Navi Flexi Cap Fund,2025-08-01,2025-09-01,0.6634319483578,1.33384,1.253765,0.080075,16.0,77,3,RF,rf_probability,,,
Nippon India ELSS Tax Saver Fund,2025-08-01,2025-09-01,0.693534925076643,1.307099,1.253765,0.053334,4.0,77,0,RF,rf_probability,,,
Nippon India Value Fund,2025-08-01,2025-09-01,0.5583921356335445,2.282302,1.253765,1.028537,67.0,77,17,RF,rf_probability,,,
Parag Parikh ELSS Tax Saver Fund,2025-08-01,2025-09-01,0.6732889048717695,0.770865,1.253765,-0.4829,11.0,77,2,RF,rf_probability,,,
Parag Parikh Flexi Cap Fund,2025-08-01,2025-09-01,0.5523226666981788,1.122058,1.253765,-0.131707,70.0,77,17,RF,rf_probability,,,
PGIM India ELSS Tax Saver Fund,2025-08-01,2025-09-01,0.6216125099101103,-0.229475,1.253765,-1.48324,44.0,77,11,RF,rf_probability,,,
PGIM India Flexi Cap Fund,2025-08-01,2025-09-01,0.6362309638503908,-0.119161,1.253765,-1.372926,29.0,77,7,RF,rf_probability,,,
Quant ELSS Tax Saver Fund,2025-08-01,2025-09-01,0.5936255561432033,3.63473,1.253765,2.380965,58.0,77,14,RF,rf_probability,,,
Quant Flexi Cap Fund,2025-08-01,2025-09-01,0.5253797937099021,3.653059,1.253765,2.399294,75.0,77,19,RF,rf_probability,,,
Quant Focused Fund,2025-08-01,2025-09-01,0.5002839862751629,2.394445,1.253765,1.14068,77.0,77,19,RF,rf_probability,,,
Shriram ELSS Tax Saver Fund,2025-08-01,2025-09-01,0.6174316600066598,1.083896,1.253765,-0.169869,47.0,77,11,RF,rf_probability,,,
Shriram Flexi Cap Fund,2025-08-01,2025-09-01,0.6147703086129556,1.036084,1.253765,-0.217681,49.0,77,12,RF,rf_probability,,,
Sundaram Dividend Yield Fund,2025-08-01,2025-09-01,0.671287151805882,2.01606,1.253765,0.762295,12.0,77,2,RF,rf_probability,,,
Sundaram ELSS Tax Saver Fund,2025-08-01,2025-09-01,0.6439859765191807,-0.182596,1.253765,-1.436361,25.0,77,6,RF,rf_probability,,,
Sundaram Focused Fund,2025-08-01,2025-09-01,0.5650698748533891,0.10275,1.253765,-1.151015,65.0,77,16,RF,rf_probability,,,
Sundaram Value Fund,2025-08-01,2025-09-01,0.6305246002363646,-0.607016,1.253765,-1.860781,36.0,77,9,RF,rf_probability,,,
Tata Dividend Yield Fund,2025-08-01,2025-09-01,0.6403696818231648,2.363147,1.253765,1.109382,28.0,77,7,RF,rf_probability,,,
Tata ELSS Fund,2025-08-01,2025-09-01,0.618263823268235,2.109164,1.253765,0.855399,46.0,77,11,RF,rf_probability,,,
Tata Flexi Cap Fund,2025-08-01,2025-09-01,0.6861763222072045,0.932419,1.253765,-0.321346,8.0,77,1,RF,rf_probability,,,
Tata Focused Fund,2025-08-01,2025-09-01,0.5860362625850245,0.615454,1.253765,-0.638311,62.0,77,15,RF,rf_probability,,,
Tata Value Fund,2025-08-01,2025-09-01,0.6429112227641638,2.354559,1.253765,1.100794,26.0,77,6,RF,rf_probability,,,
UTI Dividend Yield Fund,2025-08-01,2025-09-01,0.6570972448260373,1.00509,1.253765,-0.248675,18.0,77,4,RF,rf_probability,,,
UTI ELSS Tax Saver Fund,2025-08-01,2025-09-01,0.5557571359926625,0.909991,1.253765,-0.343774,68.0,77,17,RF,rf_probability,,,
UTI Flexi Cap Fund,2025-08-01,2025-09-01,0.645269018236665,-0.837716,1.253765,-2.091481,24.0,77,5,RF,rf_probability,,,
UTI Value Fund,2025-08-01,2025-09-01,0.6475991595006299,0.803216,1.253765,-0.450549,21.0,77,5,RF,rf_probability,,,
Aditya Birla Sun Life Dividend Yield Fund,2025-09-01,2025-10-01,0.550993661893662,2.906953,4.342917,-1.435964,74.0,81,18,RF,rf_probability,,,
Aditya Birla Sun Life ELSS Tax Saver Fund,2025-09-01,2025-10-01,0.650382518135459,3.450318,4.342917,-0.892599,29.0,81,6,RF,rf_probability,,,
Aditya Birla Sun Life Flexi Cap Fund,2025-09-01,2025-10-01,0.6804493180022589,4.339532,4.342917,-0.003385,15.0,81,3,RF,rf_probability,,,
Aditya Birla Sun Life Focused Fund,2025-09-01,2025-10-01,0.5897654903833696,4.923803,4.342917,0.580886,61.0,81,14,RF,rf_probability,,,
Aditya Birla Sun Life Value Fund,2025-09-01,2025-10-01,0.5452492339359991,3.896505,4.342917,-0.446412,76.0,81,18,RF,rf_probability,,,
Axis ELSS Tax Saver Fund,2025-09-01,2025-10-01,0.6037638846361761,3.033557,4.342917,-1.30936,55.0,81,13,RF,rf_probability,,,
Axis Flexi Cap Fund,2025-09-01,2025-10-01,0.6017232052261463,2.621723,4.342917,-1.721194,56.0,81,13,RF,rf_probability,,,
Axis Focused Fund,2025-09-01,2025-10-01,0.6200746762954971,3.053921,4.342917,-1.288996,48.0,81,11,RF,rf_probability,,,
Axis Innovation Fund,2025-09-01,2025-10-01,0.6579082152281844,2.198901,4.342917,-2.144016,24.0,81,5,RF,rf_probability,,,
Baroda BNP Paribas ELSS Tax Saver Fund,2025-09-01,2025-10-01,0.7044107482386894,4.189987,4.342917,-0.15293,8.0,81,1,RF,rf_probability,,,
Baroda BNP Paribas Focused Fund,2025-09-01,2025-10-01,0.5305341454297333,4.70739,4.342917,0.364473,78.0,81,19,RF,rf_probability,,,
DSP ELSS Tax Saver Fund,2025-09-01,2025-10-01,0.5507065758888516,2.521577,4.342917,-1.82134,75.0,81,18,RF,rf_probability,,,
DSP Flexi Cap Fund,2025-09-01,2025-10-01,0.6887188516505852,2.003973,4.342917,-2.338944,11.0,81,2,RF,rf_probability,,,
DSP Focused Fund,2025-09-01,2025-10-01,0.6261303159259041,2.61741,4.342917,-1.725507,47.0,81,11,RF,rf_probability,,,
DSP Value Fund,2025-09-01,2025-10-01,0.6013154908816675,2.66591,4.342917,-1.677007,57.0,81,13,RF,rf_probability,,,
Edelweiss ELSS Tax saver Fund,2025-09-01,2025-10-01,0.6139133400912813,4.352188,4.342917,0.009271,52.0,81,12,RF,rf_probability,,,
Edelweiss Flexi Cap Fund,2025-09-01,2025-10-01,0.6331095107506872,3.796142,4.342917,-0.546775,42.0,81,10,RF,rf_probability,,,
Franklin India ELSS Tax Saver Fund,2025-09-01,2025-10-01,0.5860282729826077,3.455896,4.342917,-0.887021,62.0,81,15,RF,rf_probability,,,
Franklin India Flexi Cap Fund,2025-09-01,2025-10-01,0.5767513277056624,3.426612,4.342917,-0.916305,67.0,81,16,RF,rf_probability,,,
Franklin India Focused Equity Fund,2025-09-01,2025-10-01,0.6319029308926362,2.6358,4.342917,-1.707117,44.0,81,10,RF,rf_probability,,,
Franklin India Opportunities Fund,2025-09-01,2025-10-01,0.5985081456039657,2.767311,4.342917,-1.575606,58.0,81,14,RF,rf_probability,,,
HDFC Dividend Yield Fund,2025-09-01,2025-10-01,0.5820019995054825,3.376437,4.342917,-0.96648,64.0,81,15,RF,rf_probability,,,
HDFC ELSS Tax saver,2025-09-01,2025-10-01,0.6854409502606099,2.707661,4.342917,-1.635256,12.0,81,2,RF,rf_probability,,,
HDFC Flexi Cap Fund,2025-09-01,2025-10-01,0.7154066887361002,2.47796,4.342917,-1.864957,4.0,81,0,RF,rf_probability,,,
HDFC Focused Fund,2025-09-01,2025-10-01,0.6625605737399856,2.283822,4.342917,-2.059095,21.0,81,4,RF,rf_probability,,,
HDFC Value Fund,2025-09-01,2025-10-01,0.728414392143804,4.177343,4.342917,-0.165574,2.0,81,0,RF,rf_probability,,,
HSBC Flexi Cap Fund,2025-09-01,2025-10-01,0.7073818643774524,3.099367,4.342917,-1.24355,5.0,81,0,RF,rf_probability,,,
HSBC Focused Fund,2025-09-01,2025-10-01,0.6387446944782084,1.896634,4.342917,-2.446283,35.0,81,8,RF,rf_probability,,,
HSBC Tax Saver Equity Fund,2025-09-01,2025-10-01,0.6575003529150589,2.391932,4.342917,-1.950985,26.0,81,6,RF,rf_probability,,,
ICICI Prudential Business Cycle Fund,2025-09-01,2025-10-01,0.5930246614067047,3.095147,4.342917,-1.24777,59.0,81,14,RF,rf_probability,,,
ICICI Prudential Dividend Yield Equity Fund,2025-09-01,2025-10-01,0.6430783572636514,3.364897,4.342917,-0.97802,31.0,81,7,RF,rf_probability,,,
ICICI Prudential ELSS Tax Saver Fund,2025-09-01,2025-10-01,0.630094615188733,2.404251,4.342917,-1.938666,45.0,81,10,RF,rf_probability,,,
ICICI Prudential India Opportunities Fund,2025-09-01,2025-10-01,0.6776512802556922,3.481823,4.342917,-0.861094,17.0,81,3,RF,rf_probability,,,
ICICI Prudential Value Fund,2025-09-01,2025-10-01,0.6659765087853328,3.047957,4.342917,-1.29496,20.0,81,4,RF,rf_probability,,,
ITI ELSS Tax Saver Fund,2025-09-01,2025-10-01,0.6058601912363524,4.29479,4.342917,-0.048127,54.0,81,13,RF,rf_probability,,,
ITI Value Fund,2025-09-01,2025-10-01,0.5800208067216578,3.508968,4.342917,-0.833949,65.0,81,15,RF,rf_probability,,,
Kotak Contra Fund,2025-09-01,2025-10-01,0.6717840054939903,2.736254,4.342917,-1.606663,18.0,81,4,RF,rf_probability,,,
Kotak ELSS Tax Saver Fund,2025-09-01,2025-10-01,0.6606050204697262,2.183299,4.342917,-2.159618,23.0,81,5,RF,rf_probability,,,
Kotak Flexi Cap Fund,2025-09-01,2025-10-01,0.7052318717230476,3.049818,4.342917,-1.293099,7.0,81,1,RF,rf_probability,,,
Kotak Focused Fund,2025-09-01,2025-10-01,0.6348214947161536,3.568897,4.342917,-0.77402,40.0,81,9,RF,rf_probability,,,
LIC MF Dividend Yield Fund,2025-09-01,2025-10-01,0.6356635470308843,3.444199,4.342917,-0.898718,38.0,81,9,RF,rf_probability,,,
LIC MF ELSS Tax Saver,2025-09-01,2025-10-01,0.5404764733202813,2.260217,4.342917,-2.0827,77.0,81,18,RF,rf_probability,,,
LIC MF Flexi Cap Fund,2025-09-01,2025-10-01,0.5517105039954886,2.889599,4.342917,-1.453318,73.0,81,17,RF,rf_probability,,,
LIC MF Focused Fund,2025-09-01,2025-10-01,0.5227988802047631,2.451418,4.342917,-1.891499,79.0,81,19,RF,rf_probability,,,
LIC MF Value Fund,2025-09-01,2025-10-01,0.6322743855817387,2.722552,4.342917,-1.620365,43.0,81,10,RF,rf_probability,,,
Mahindra Manulife ELSS Tax Saver Fund,2025-09-01,2025-10-01,0.6559875345672556,2.705725,4.342917,-1.637192,27.0,81,6,RF,rf_probability,,,
Mahindra Manulife Flexi Cap Fund,2025-09-01,2025-10-01,0.6837230532539353,2.766992,4.342917,-1.575925,13.0,81,2,RF,rf_probability,,,
Mahindra Manulife Focused Fund,2025-09-01,2025-10-01,0.5155032466587424,3.676527,4.342917,-0.66639,80.0,81,19,RF,rf_probability,,,
Mirae Asset ELSS Tax Saver Fund,2025-09-01,2025-10-01,0.7562205770493698,3.884757,4.342917,-0.45816,1.0,81,0,RF,rf_probability,,,
Mirae Asset Focused Fund,2025-09-01,2025-10-01,0.6124877633804102,2.485228,4.342917,-1.857689,53.0,81,12,RF,rf_probability,,,
Motilal Oswal ELSS Tax Saver Fund,2025-09-01,2025-10-01,0.6613372464910389,2.174987,4.342917,-2.16793,22.0,81,5,RF,rf_probability,,,
Motilal Oswal Flexi Cap Fund,2025-09-01,2025-10-01,0.5707924129649833,3.766802,4.342917,-0.576115,69.0,81,16,RF,rf_probability,,,
Motilal Oswal Focused Fund,2025-09-01,2025-10-01,0.641980867321085,3.689322,4.342917,-0.653595,33.0,81,7,RF,rf_probability,,,
Navi Flexi Cap Fund,2025-09-01,2025-10-01,0.7237594407999984,3.2688,4.342917,-1.074117,3.0,81,0,RF,rf_probability,,,
Nippon India ELSS Tax Saver Fund,2025-09-01,2025-10-01,0.7055973165723164,2.865032,4.342917,-1.477885,6.0,81,1,RF,rf_probability,,,
Nippon India Flexi Cap Fund,2025-09-01,2025-10-01,0.6493546293575703,2.629644,4.342917,-1.713273,30.0,81,7,RF,rf_probability,,,
Nippon India Value Fund,2025-09-01,2025-10-01,0.5850457533866198,3.673562,4.342917,-0.669355,63.0,81,15,RF,rf_probability,,,
Parag Parikh ELSS Tax Saver Fund,2025-09-01,2025-10-01,0.6353124710115118,1.326259,4.342917,-3.016658,39.0,81,9,RF,rf_probability,,,
Parag Parikh Flexi Cap Fund,2025-09-01,2025-10-01,0.5738500004755125,2.089556,4.342917,-2.253361,68.0,81,16,RF,rf_probability,,,
PGIM India ELSS Tax Saver Fund,2025-09-01,2025-10-01,0.5928363460069337,2.963526,4.342917,-1.379391,60.0,81,14,RF,rf_probability,,,
PGIM India Flexi Cap Fund,2025-09-01,2025-10-01,0.6162265497574323,3.191489,4.342917,-1.151428,50.0,81,12,RF,rf_probability,,,
Quant ELSS Tax Saver Fund,2025-09-01,2025-10-01,0.5634898061432891,3.415197,4.342917,-0.92772,71.0,81,17,RF,rf_probability,,,
Quant Flexi Cap Fund,2025-09-01,2025-10-01,0.5074059598038702,2.265863,4.342917,-2.077054,81.0,81,19,RF,rf_probability,,,
Quant Focused Fund,2025-09-01,2025-10-01,0.552294173336124,3.53156,4.342917,-0.811357,72.0,81,17,RF,rf_probability,,,
Shriram ELSS Tax Saver Fund,2025-09-01,2025-10-01,0.6811756324343009,3.583151,4.342917,-0.759766,14.0,81,3,RF,rf_probability,,,
Shriram Flexi Cap Fund,2025-09-01,2025-10-01,0.6359341932577229,3.568197,4.342917,-0.77472,37.0,81,8,RF,rf_probability,,,
Sundaram Dividend Yield Fund,2025-09-01,2025-10-01,0.5683727554952791,3.505759,4.342917,-0.837158,70.0,81,17,RF,rf_probability,,,
Sundaram ELSS Tax Saver Fund,2025-09-01,2025-10-01,0.642059893374599,2.766445,4.342917,-1.576472,32.0,81,7,RF,rf_probability,,,
Sundaram Focused Fund,2025-09-01,2025-10-01,0.616087752563913,2.007546,4.342917,-2.335371,51.0,81,12,RF,rf_probability,,,
Sundaram Value Fund,2025-09-01,2025-10-01,0.6342446824417409,2.940219,4.342917,-1.402698,41.0,81,9,RF,rf_probability,,,
Tata Business Cycle Fund,2025-09-01,2025-10-01,0.6373618801133503,3.625547,4.342917,-0.71737,36.0,81,8,RF,rf_probability,,,
Tata Dividend Yield Fund,2025-09-01,2025-10-01,0.6783108749094043,4.815051,4.342917,0.472134,16.0,81,3,RF,rf_probability,,,
Tata ELSS Fund,2025-09-01,2025-10-01,0.6299801554224926,3.48408,4.342917,-0.858837,46.0,81,11,RF,rf_probability,,,
Tata Flexi Cap Fund,2025-09-01,2025-10-01,0.6990132844279903,2.279892,4.342917,-2.063025,9.0,81,1,RF,rf_probability,,,
Tata Focused Fund,2025-09-01,2025-10-01,0.6556233299380353,2.262413,4.342917,-2.080504,28.0,81,6,RF,rf_probability,,,
Tata Value Fund,2025-09-01,2025-10-01,0.5767740587843528,2.77354,4.342917,-1.569377,66.0,81,16,RF,rf_probability,,,
UTI Dividend Yield Fund,2025-09-01,2025-10-01,0.6897896993873,2.400042,4.342917,-1.942875,10.0,81,2,RF,rf_probability,,,
UTI ELSS Tax Saver Fund,2025-09-01,2025-10-01,0.6167266354474558,2.732675,4.342917,-1.610242,49.0,81,11,RF,rf_probability,,,
UTI Flexi Cap Fund,2025-09-01,2025-10-01,0.6406013747690223,2.078302,4.342917,-2.264615,34.0,81,8,RF,rf_probability,,,
UTI Focused Fund,2025-09-01,2025-10-01,0.6664441103272372,2.981026,4.342917,-1.361891,19.0,81,4,RF,rf_probability,,,
UTI Value Fund,2025-09-01,2025-10-01,0.6577540417099242,2.818632,4.342917,-1.524285,25.0,81,5,RF,rf_probability,,,
Aditya Birla Sun Life Dividend Yield Fund,2025-10-01,2025-11-01,0.36924784002547184,0.661296,0.996498,-0.335202,76.0,81,18,RF,rf_probability,,,
Aditya Birla Sun Life ELSS Tax Saver Fund,2025-10-01,2025-11-01,0.557687381735911,-0.39576,0.996498,-1.392258,11.0,81,2,RF,rf_probability,,,
Aditya Birla Sun Life Flexi Cap Fund,2025-10-01,2025-11-01,0.538195049429415,0.256392,0.996498,-0.740106,16.0,81,3,RF,rf_probability,,,
Aditya Birla Sun Life Focused Fund,2025-10-01,2025-11-01,0.4239135274168554,0.995937,0.996498,-0.000561,67.0,81,16,RF,rf_probability,,,
Aditya Birla Sun Life Value Fund,2025-10-01,2025-11-01,0.48689526466997074,0.836782,0.996498,-0.159716,39.0,81,9,RF,rf_probability,,,
Axis ELSS Tax Saver Fund,2025-10-01,2025-11-01,0.43093141248156697,0.662767,0.996498,-0.333731,64.0,81,15,RF,rf_probability,,,
Axis Flexi Cap Fund,2025-10-01,2025-11-01,0.44687062577944947,-0.066357,0.996498,-1.062855,56.0,81,13,RF,rf_probability,,,
Axis Focused Fund,2025-10-01,2025-11-01,0.457677044317911,0.030869,0.996498,-0.965629,51.0,81,12,RF,rf_probability,,,
Axis Innovation Fund,2025-10-01,2025-11-01,0.4998901142974674,0.0489,0.996498,-0.947598,28.0,81,6,RF,rf_probability,,,
Baroda BNP Paribas ELSS Tax Saver Fund,2025-10-01,2025-11-01,0.5489364968364968,2.567804,0.996498,1.571306,14.0,81,3,RF,rf_probability,,,
Baroda BNP Paribas Focused Fund,2025-10-01,2025-11-01,0.45725326225202395,1.579985,0.996498,0.583487,52.0,81,12,RF,rf_probability,,,
DSP ELSS Tax Saver Fund,2025-10-01,2025-11-01,0.40516222858668666,1.115211,0.996498,0.118713,73.0,81,17,RF,rf_probability,,,
DSP Flexi Cap Fund,2025-10-01,2025-11-01,0.4529595269453628,0.183116,0.996498,-0.813382,54.0,81,13,RF,rf_probability,,,
DSP Focused Fund,2025-10-01,2025-11-01,0.4816750554055504,1.331841,0.996498,0.335343,41.0,81,9,RF,rf_probability,,,
DSP Value Fund,2025-10-01,2025-11-01,0.5412878817948478,-0.198689,0.996498,-1.195187,15.0,81,3,RF,rf_probability,,,
Edelweiss ELSS Tax saver Fund,2025-10-01,2025-11-01,0.4949826031381761,1.46994,0.996498,0.473442,32.0,81,7,RF,rf_probability,,,
Edelweiss Flexi Cap Fund,2025-10-01,2025-11-01,0.5176550866316348,0.555374,0.996498,-0.441124,22.0,81,5,RF,rf_probability,,,
Franklin India ELSS Tax Saver Fund,2025-10-01,2025-11-01,0.481541208954444,-0.511135,0.996498,-1.507633,42.0,81,10,RF,rf_probability,,,
Franklin India Flexi Cap Fund,2025-10-01,2025-11-01,0.48257926289396863,-0.264536,0.996498,-1.261034,40.0,81,9,RF,rf_probability,,,
Franklin India Focused Equity Fund,2025-10-01,2025-11-01,0.4988001137751136,-0.151397,0.996498,-1.147895,29.0,81,6,RF,rf_probability,,,
Franklin India Opportunities Fund,2025-10-01,2025-11-01,0.5163082630132169,-1.193813,0.996498,-2.190311,23.0,81,5,RF,rf_probability,,,
HDFC Dividend Yield Fund,2025-10-01,2025-11-01,0.4295105469693708,-1.294041,0.996498,-2.290539,66.0,81,16,RF,rf_probability,,,
HDFC ELSS Tax saver,2025-10-01,2025-11-01,0.6364465088403171,-0.670636,0.996498,-1.667134,2.0,81,0,RF,rf_probability,,,
HDFC Flexi Cap Fund,2025-10-01,2025-11-01,0.6534686960098727,-0.535729,0.996498,-1.532227,1.0,81,0,RF,rf_probability,,,
HDFC Focused Fund,2025-10-01,2025-11-01,0.6304649141192488,-0.636634,0.996498,-1.633132,3.0,81,0,RF,rf_probability,,,
HDFC Value Fund,2025-10-01,2025-11-01,0.4782817282906293,0.316546,0.996498,-0.679952,45.0,81,10,RF,rf_probability,,,
HSBC Flexi Cap Fund,2025-10-01,2025-11-01,0.48986038166340035,-1.147941,0.996498,-2.144439,36.0,81,8,RF,rf_probability,,,
HSBC Focused Fund,2025-10-01,2025-11-01,0.5283337910025989,0.598939,0.996498,-0.397559,18.0,81,4,RF,rf_probability,,,
HSBC Tax Saver Equity Fund,2025-10-01,2025-11-01,0.48818273327979184,-0.537712,0.996498,-1.53421,37.0,81,8,RF,rf_probability,,,
ICICI Prudential Business Cycle Fund,2025-10-01,2025-11-01,0.552152518147487,0.550257,0.996498,-0.446241,13.0,81,2,RF,rf_probability,,,
ICICI Prudential Dividend Yield Equity Fund,2025-10-01,2025-11-01,0.5525728283154755,-0.032368,0.996498,-1.028866,12.0,81,2,RF,rf_probability,,,
ICICI Prudential ELSS Tax Saver Fund,2025-10-01,2025-11-01,0.5902507688390042,-0.145126,0.996498,-1.141624,8.0,81,1,RF,rf_probability,,,
ICICI Prudential India Opportunities Fund,2025-10-01,2025-11-01,0.5991505103857275,0.808031,0.996498,-0.188467,6.0,81,1,RF,rf_probability,,,
ICICI Prudential Value Fund,2025-10-01,2025-11-01,0.5955844374923327,1.448954,0.996498,0.452456,7.0,81,1,RF,rf_probability,,,
ITI ELSS Tax Saver Fund,2025-10-01,2025-11-01,0.43867877677877654,-1.498191,0.996498,-2.494689,62.0,81,15,RF,rf_probability,,,
ITI Value Fund,2025-10-01,2025-11-01,0.4450265391471275,0.334082,0.996498,-0.662416,60.0,81,14,RF,rf_probability,,,
Kotak Contra Fund,2025-10-01,2025-11-01,0.5626499527132656,0.019459,0.996498,-0.977039,10.0,81,2,RF,rf_probability,,,
Kotak ELSS Tax Saver Fund,2025-10-01,2025-11-01,0.494898038803302,0.034485,0.996498,-0.962013,33.0,81,7,RF,rf_probability,,,
Kotak Flexi Cap Fund,2025-10-01,2025-11-01,0.4811197732436122,0.134333,0.996498,-0.862165,43.0,81,10,RF,rf_probability,,,
Kotak Focused Fund,2025-10-01,2025-11-01,0.627447299432594,0.55813,0.996498,-0.438368,4.0,81,0,RF,rf_probability,,,
LIC MF Dividend Yield Fund,2025-10-01,2025-11-01,0.436870381604979,-0.971298,0.996498,-1.967796,63.0,81,15,RF,rf_probability,,,
LIC MF ELSS Tax Saver,2025-10-01,2025-11-01,0.4225976845308113,-0.935491,0.996498,-1.931989,68.0,81,16,RF,rf_probability,,,
LIC MF Flexi Cap Fund,2025-10-01,2025-11-01,0.46431427714872014,-0.280365,0.996498,-1.276863,49.0,81,11,RF,rf_probability,,,
LIC MF Focused Fund,2025-10-01,2025-11-01,0.6106155648273297,-1.697854,0.996498,-2.694352,5.0,81,0,RF,rf_probability,,,
LIC MF Value Fund,2025-10-01,2025-11-01,0.5224736954222251,1.252646,0.996498,0.256148,19.0,81,4,RF,rf_probability,,,
Mahindra Manulife ELSS Tax Saver Fund,2025-10-01,2025-11-01,0.46302978850355,0.528946,0.996498,-0.467552,50.0,81,12,RF,rf_probability,,,
Mahindra Manulife Flexi Cap Fund,2025-10-01,2025-11-01,0.44663320763344005,0.504372,0.996498,-0.492126,57.0,81,13,RF,rf_probability,,,
Mahindra Manulife Focused Fund,2025-10-01,2025-11-01,0.46619165304080146,-0.170218,0.996498,-1.166716,48.0,81,11,RF,rf_probability,,,
Mirae Asset ELSS Tax Saver Fund,2025-10-01,2025-11-01,0.4970173612335378,-0.092815,0.996498,-1.089313,31.0,81,7,RF,rf_probability,,,
Mirae Asset Focused Fund,2025-10-01,2025-11-01,0.4979977482934946,-1.096241,0.996498,-2.092739,30.0,81,7,RF,rf_probability,,,
Motilal Oswal ELSS Tax Saver Fund,2025-10-01,2025-11-01,0.5052396222198853,-2.553751,0.996498,-3.550249,25.0,81,5,RF,rf_probability,,,
Motilal Oswal Flexi Cap Fund,2025-10-01,2025-11-01,0.4921297827559436,-1.265599,0.996498,-2.262097,35.0,81,8,RF,rf_probability,,,
Motilal Oswal Focused Fund,2025-10-01,2025-11-01,0.3111782759723936,-0.346109,0.996498,-1.342607,77.0,81,18,RF,rf_probability,,,
Navi Flexi Cap Fund,2025-10-01,2025-11-01,0.5756515247824071,0.662427,0.996498,-0.334071,9.0,81,1,RF,rf_probability,,,
Nippon India ELSS Tax Saver Fund,2025-10-01,2025-11-01,0.4924429775247115,-0.542994,0.996498,-1.539492,34.0,81,8,RF,rf_probability,,,
Nippon India Flexi Cap Fund,2025-10-01,2025-11-01,0.5010847334382166,-0.926996,0.996498,-1.923494,27.0,81,6,RF,rf_probability,,,
Nippon India Value Fund,2025-10-01,2025-11-01,0.3965248473748475,-0.359742,0.996498,-1.35624,75.0,81,18,RF,rf_probability,,,
Parag Parikh ELSS Tax Saver Fund,2025-10-01,2025-11-01,0.4017665440081075,-1.274815,0.996498,-2.271313,74.0,81,18,RF,rf_probability,,,
Parag Parikh Flexi Cap Fund,2025-10-01,2025-11-01,0.5023009678831664,-0.659295,0.996498,-1.655793,26.0,81,6,RF,rf_probability,,,
PGIM India ELSS Tax Saver Fund,2025-10-01,2025-11-01,0.4464782889710905,-0.267705,0.996498,-1.264203,58.0,81,14,RF,rf_probability,,,
PGIM India Flexi Cap Fund,2025-10-01,2025-11-01,0.5185037483672162,-0.521424,0.996498,-1.517922,21.0,81,4,RF,rf_probability,,,
Quant ELSS Tax Saver Fund,2025-10-01,2025-11-01,0.4755931774108244,-0.513725,0.996498,-1.510223,46.0,81,11,RF,rf_probability,,,
Quant Flexi Cap Fund,2025-10-01,2025-11-01,0.41645135750042866,0.055666,0.996498,-0.940832,69.0,81,16,RF,rf_probability,,,
Quant Focused Fund,2025-10-01,2025-11-01,0.529659154442049,-1.926096,0.996498,-2.922594,17.0,81,3,RF,rf_probability,,,
Shriram ELSS Tax Saver Fund,2025-10-01,2025-11-01,0.2304351038400884,0.333122,0.996498,-0.663376,81.0,81,19,RF,rf_probability,,,
Shriram Flexi Cap Fund,2025-10-01,2025-11-01,0.26047353342735685,0.333295,0.996498,-0.663203,80.0,81,19,RF,rf_probability,,,
Sundaram Dividend Yield Fund,2025-10-01,2025-11-01,0.430526015539328,0.014557,0.996498,-0.981941,65.0,81,15,RF,rf_probability,,,
Sundaram ELSS Tax Saver Fund,2025-10-01,2025-11-01,0.5147619659752013,0.20528,0.996498,-0.791218,24.0,81,5,RF,rf_probability,,,
Sundaram Focused Fund,2025-10-01,2025-11-01,0.30196776099717265,-0.311329,0.996498,-1.307827,78.0,81,19,RF,rf_probability,,,
Sundaram Value Fund,2025-10-01,2025-11-01,0.4526515461662518,0.08461,0.996498,-0.911888,55.0,81,13,RF,rf_probability,,,
Tata Business Cycle Fund,2025-10-01,2025-11-01,0.44624951649657524,-1.046159,0.996498,-2.042657,59.0,81,14,RF,rf_probability,,,
Tata Dividend Yield Fund,2025-10-01,2025-11-01,0.48798483229876416,0.433565,0.996498,-0.562933,38.0,81,9,RF,rf_probability,,,
Tata ELSS Fund,2025-10-01,2025-11-01,0.30170689521296673,0.96081,0.996498,-0.035688,79.0,81,19,RF,rf_probability,,,
Tata Flexi Cap Fund,2025-10-01,2025-11-01,0.5208782631970714,-0.599422,0.996498,-1.59592,20.0,81,4,RF,rf_probability,,,
Tata Focused Fund,2025-10-01,2025-11-01,0.4697052251583983,-0.075896,0.996498,-1.072394,47.0,81,11,RF,rf_probability,,,
Tata Value Fund,2025-10-01,2025-11-01,0.4075626363832244,0.949455,0.996498,-0.047043,71.0,81,17,RF,rf_probability,,,
UTI Dividend Yield Fund,2025-10-01,2025-11-01,0.45340680509720754,-0.078471,0.996498,-1.074969,53.0,81,12,RF,rf_probability,,,
UTI ELSS Tax Saver Fund,2025-10-01,2025-11-01,0.4099828869960449,-0.504879,0.996498,-1.501377,70.0,81,17,RF,rf_probability,,,
UTI Flexi Cap Fund,2025-10-01,2025-11-01,0.40732332939678123,-1.31449,0.996498,-2.310988,72.0,81,17,RF,rf_probability,,,
UTI Focused Fund,2025-10-01,2025-11-01,0.4441614763633339,-0.553406,0.996498,-1.549904,61.0,81,14,RF,rf_probability,,,
UTI Value Fund,2025-10-01,2025-11-01,0.4799104377648495,-0.294882,0.996498,-1.29138,44.0,81,10,RF,rf_probability,,,
Aditya Birla Sun Life Dividend Yield Fund,2025-11-01,2025-12-01,0.3807636297053482,0.875295,-0.257308,1.132603,67.0,81,16,RF,rf_probability,,,
Aditya Birla Sun Life ELSS Tax Saver Fund,2025-11-01,2025-12-01,0.45871146846191607,-1.006521,-0.257308,-0.749213,32.0,81,7,RF,rf_probability,,,
Aditya Birla Sun Life Flexi Cap Fund,2025-11-01,2025-12-01,0.461452848733654,0.448899,-0.257308,0.706207,30.0,81,7,RF,rf_probability,,,
Aditya Birla Sun Life Focused Fund,2025-11-01,2025-12-01,0.4701570594438242,0.443551,-0.257308,0.700859,27.0,81,6,RF,rf_probability,,,
Aditya Birla Sun Life Value Fund,2025-11-01,2025-12-01,0.47139341491841513,0.600421,-0.257308,0.857729,25.0,81,5,RF,rf_probability,,,
Axis ELSS Tax Saver Fund,2025-11-01,2025-12-01,0.33411226137983085,-1.249233,-0.257308,-0.991925,76.0,81,18,RF,rf_probability,,,
Axis Flexi Cap Fund,2025-11-01,2025-12-01,0.3425642930942465,-1.996672,-0.257308,-1.739364,75.0,81,18,RF,rf_probability,,,
Axis Focused Fund,2025-11-01,2025-12-01,0.42652621466940377,-2.444685,-0.257308,-2.187377,44.0,81,10,RF,rf_probability,,,
Axis Innovation Fund,2025-11-01,2025-12-01,0.42415022946609643,-1.074219,-0.257308,-0.816911,46.0,81,11,RF,rf_probability,,,
Baroda BNP Paribas ELSS Tax Saver Fund,2025-11-01,2025-12-01,0.47101534982307275,-0.718519,-0.257308,-0.461211,26.0,81,6,RF,rf_probability,,,
Baroda BNP Paribas Focused Fund,2025-11-01,2025-12-01,0.4928245070976498,-0.7412,-0.257308,-0.483892,14.0,81,3,RF,rf_probability,,,
DSP ELSS Tax Saver Fund,2025-11-01,2025-12-01,0.40012493095140145,0.721761,-0.257308,0.979069,54.0,81,13,RF,rf_probability,,,
DSP Flexi Cap Fund,2025-11-01,2025-12-01,0.3951368820807674,-0.038401,-0.257308,0.218907,57.0,81,13,RF,rf_probability,,,
DSP Focused Fund,2025-11-01,2025-12-01,0.5008771757997763,-0.243902,-0.257308,0.013406,12.0,81,2,RF,rf_probability,,,
DSP Value Fund,2025-11-01,2025-12-01,0.5067674709363564,1.323691,-0.257308,1.580999,9.0,81,1,RF,rf_probability,,,
Edelweiss ELSS Tax saver Fund,2025-11-01,2025-12-01,0.49256234584988445,0.014472,-0.257308,0.27178,15.0,81,3,RF,rf_probability,,,
Edelweiss Flexi Cap Fund,2025-11-01,2025-12-01,0.44790517902290344,0.563087,-0.257308,0.820395,37.0,81,8,RF,rf_probability,,,
Franklin India ELSS Tax Saver Fund,2025-11-01,2025-12-01,0.39771076129752586,-0.978379,-0.257308,-0.721071,55.0,81,13,RF,rf_probability,,,
Franklin India Flexi Cap Fund,2025-11-01,2025-12-01,0.3916912654339124,-0.818623,-0.257308,-0.561315,61.0,81,14,RF,rf_probability,,,
Franklin India Focused Equity Fund,2025-11-01,2025-12-01,0.39169865080739663,-0.94424,-0.257308,-0.686932,60.0,81,14,RF,rf_probability,,,
Franklin India Opportunities Fund,2025-11-01,2025-12-01,0.4719260853955126,-0.816971,-0.257308,-0.559663,23.0,81,5,RF,rf_probability,,,
HDFC Dividend Yield Fund,2025-11-01,2025-12-01,0.3916094284370601,-0.418594,-0.257308,-0.161286,62.0,81,15,RF,rf_probability,,,
HDFC ELSS Tax saver,2025-11-01,2025-12-01,0.5050857864787434,-0.476055,-0.257308,-0.218747,11.0,81,2,RF,rf_probability,,,
HDFC Flexi Cap Fund,2025-11-01,2025-12-01,0.5958433432580494,-0.441986,-0.257308,-0.184678,3.0,81,0,RF,rf_probability,,,
HDFC Focused Fund,2025-11-01,2025-12-01,0.6326356458900576,-0.513616,-0.257308,-0.256308,1.0,81,0,RF,rf_probability,,,
HDFC Value Fund,2025-11-01,2025-12-01,0.42038569706269246,-0.069914,-0.257308,0.187394,48.0,81,11,RF,rf_probability,,,
HSBC Flexi Cap Fund,2025-11-01,2025-12-01,0.45495224922136734,-0.722643,-0.257308,-0.465335,34.0,81,8,RF,rf_probability,,,
HSBC Focused Fund,2025-11-01,2025-12-01,0.487680563708737,0.996909,-0.257308,1.254217,18.0,81,4,RF,rf_probability,,,
HSBC Tax Saver Equity Fund,2025-11-01,2025-12-01,0.44003740360946225,-0.743702,-0.257308,-0.486394,39.0,81,9,RF,rf_probability,,,
ICICI Prudential Business Cycle Fund,2025-11-01,2025-12-01,0.4411033375121612,-0.619082,-0.257308,-0.361774,38.0,81,9,RF,rf_probability,,,
ICICI Prudential Dividend Yield Equity Fund,2025-11-01,2025-12-01,0.46121896012484226,-0.46918,-0.257308,-0.211872,31.0,81,7,RF,rf_probability,,,
ICICI Prudential ELSS Tax Saver Fund,2025-11-01,2025-12-01,0.5567661389264335,-1.015928,-0.257308,-0.75862,6.0,81,1,RF,rf_probability,,,
ICICI Prudential India Opportunities Fund,2025-11-01,2025-12-01,0.5741044004783004,0.24266,-0.257308,0.499968,4.0,81,0,RF,rf_probability,,,
ICICI Prudential Value Fund,2025-11-01,2025-12-01,0.5662429157443868,0.218962,-0.257308,0.47627,5.0,81,0,RF,rf_probability,,,
ITI ELSS Tax Saver Fund,2025-11-01,2025-12-01,0.41833410445763386,-0.870535,-0.257308,-0.613227,49.0,81,11,RF,rf_probability,,,
ITI Value Fund,2025-11-01,2025-12-01,0.3898536579433639,1.058074,-0.257308,1.315382,63.0,81,15,RF,rf_probability,,,
Kotak Contra Fund,2025-11-01,2025-12-01,0.45056973431027453,0.61292,-0.257308,0.870228,36.0,81,8,RF,rf_probability,,,
Kotak ELSS Tax Saver Fund,2025-11-01,2025-12-01,0.4690994996403667,-0.590431,-0.257308,-0.333123,28.0,81,6,RF,rf_probability,,,
Kotak Flexi Cap Fund,2025-11-01,2025-12-01,0.45850706662618423,-0.574098,-0.257308,-0.31679,33.0,81,7,RF,rf_probability,,,
Kotak Focused Fund,2025-11-01,2025-12-01,0.47453242802948686,0.643076,-0.257308,0.900384,22.0,81,5,RF,rf_probability,,,
LIC MF Dividend Yield Fund,2025-11-01,2025-12-01,0.47170191363504027,-0.847703,-0.257308,-0.590395,24.0,81,5,RF,rf_probability,,,
LIC MF ELSS Tax Saver,2025-11-01,2025-12-01,0.37421457751914405,0.012206,-0.257308,0.269514,71.0,81,17,RF,rf_probability,,,
LIC MF Flexi Cap Fund,2025-11-01,2025-12-01,0.4112518359951022,-0.850554,-0.257308,-0.593246,51.0,81,12,RF,rf_probability,,,
LIC MF Focused Fund,2025-11-01,2025-12-01,0.6156962565470306,0.399745,-0.257308,0.657053,2.0,81,0,RF,rf_probability,,,
LIC MF Value Fund,2025-11-01,2025-12-01,0.4890160538206202,-1.769481,-0.257308,-1.512173,17.0,81,3,RF,rf_probability,,,
Mahindra Manulife ELSS Tax Saver Fund,2025-11-01,2025-12-01,0.4834062473474239,-0.27296,-0.257308,-0.015652,20.0,81,4,RF,rf_probability,,,
Mahindra Manulife Flexi Cap Fund,2025-11-01,2025-12-01,0.4834598318348321,-0.429738,-0.257308,-0.17243,19.0,81,4,RF,rf_probability,,,
Mahindra Manulife Focused Fund,2025-11-01,2025-12-01,0.4061068082244553,-0.06558,-0.257308,0.191728,53.0,81,12,RF,rf_probability,,,
Mirae Asset ELSS Tax Saver Fund,2025-11-01,2025-12-01,0.3860680842033785,0.250034,-0.257308,0.507342,64.0,81,15,RF,rf_probability,,,
Mirae Asset Focused Fund,2025-11-01,2025-12-01,0.3930337624427441,-0.514004,-0.257308,-0.256696,59.0,81,14,RF,rf_probability,,,
Motilal Oswal ELSS Tax Saver Fund,2025-11-01,2025-12-01,0.4898775414643833,-2.384463,-0.257308,-2.127155,16.0,81,3,RF,rf_probability,,,
Motilal Oswal Flexi Cap Fund,2025-11-01,2025-12-01,0.4331145695807459,-3.170298,-0.257308,-2.91299,42.0,81,10,RF,rf_probability,,,
Motilal Oswal Focused Fund,2025-11-01,2025-12-01,0.3021290732229587,-0.208017,-0.257308,0.049291,81.0,81,19,RF,rf_probability,,,
Navi Flexi Cap Fund,2025-11-01,2025-12-01,0.37461477104168944,-0.245595,-0.257308,0.011713,70.0,81,17,RF,rf_probability,,,
Nippon India ELSS Tax Saver Fund,2025-11-01,2025-12-01,0.48208164895819716,-1.203181,-0.257308,-0.945873,21.0,81,4,RF,rf_probability,,,
Nippon India Flexi Cap Fund,2025-11-01,2025-12-01,0.45457585519915256,-0.517432,-0.257308,-0.260124,35.0,81,8,RF,rf_probability,,,
Nippon India Value Fund,2025-11-01,2025-12-01,0.3790997118894177,-0.685983,-0.257308,-0.428675,68.0,81,16,RF,rf_probability,,,
Parag Parikh ELSS Tax Saver Fund,2025-11-01,2025-12-01,0.3849280544618783,0.007526,-0.257308,0.264834,65.0,81,15,RF,rf_probability,,,
Parag Parikh Flexi Cap Fund,2025-11-01,2025-12-01,0.4931244993568527,0.243417,-0.257308,0.500725,13.0,81,2,RF,rf_probability,,,
PGIM India ELSS Tax Saver Fund,2025-11-01,2025-12-01,0.3444686587320488,-1.4174,-0.257308,-1.160092,74.0,81,18,RF,rf_probability,,,
PGIM India Flexi Cap Fund,2025-11-01,2025-12-01,0.4074994877671347,-1.367366,-0.257308,-1.110058,52.0,81,12,RF,rf_probability,,,
Quant ELSS Tax Saver Fund,2025-11-01,2025-12-01,0.4335264721260852,-0.744707,-0.257308,-0.487399,41.0,81,9,RF,rf_probability,,,
Quant Flexi Cap Fund,2025-11-01,2025-12-01,0.4278704661351722,-0.763537,-0.257308,-0.506229,43.0,81,10,RF,rf_probability,,,
Quant Focused Fund,2025-11-01,2025-12-01,0.5204974686304408,-0.601642,-0.257308,-0.344334,8.0,81,1,RF,rf_probability,,,
Shriram ELSS Tax Saver Fund,2025-11-01,2025-12-01,0.31272625317063407,-0.508466,-0.257308,-0.251158,79.0,81,19,RF,rf_probability,,,
Shriram Flexi Cap Fund,2025-11-01,2025-12-01,0.3181930301071479,-0.539523,-0.257308,-0.282215,78.0,81,19,RF,rf_probability,,,
Sundaram Dividend Yield Fund,2025-11-01,2025-12-01,0.426359863339275,0.114626,-0.257308,0.371934,45.0,81,10,RF,rf_probability,,,
Sundaram ELSS Tax Saver Fund,2025-11-01,2025-12-01,0.4355168891565952,0.090844,-0.257308,0.348152,40.0,81,9,RF,rf_probability,,,
Sundaram Focused Fund,2025-11-01,2025-12-01,0.3041293774852598,0.380988,-0.257308,0.638296,80.0,81,19,RF,rf_probability,,,
Sundaram Value Fund,2025-11-01,2025-12-01,0.3826534480225657,0.544504,-0.257308,0.801812,66.0,81,16,RF,rf_probability,,,
Tata Business Cycle Fund,2025-11-01,2025-12-01,0.5424563067651302,-0.385275,-0.257308,-0.127967,7.0,81,1,RF,rf_probability,,,
Tata Dividend Yield Fund,2025-11-01,2025-12-01,0.3962444289370763,0.271851,-0.257308,0.529159,56.0,81,13,RF,rf_probability,,,
Tata ELSS Fund,2025-11-01,2025-12-01,0.31938620166420684,-0.153249,-0.257308,0.104059,77.0,81,18,RF,rf_probability,,,
Tata Flexi Cap Fund,2025-11-01,2025-12-01,0.5056931037916333,0.319714,-0.257308,0.577022,10.0,81,2,RF,rf_probability,,,
Tata Focused Fund,2025-11-01,2025-12-01,0.37859413229529326,-0.690823,-0.257308,-0.433515,69.0,81,16,RF,rf_probability,,,
Tata Value Fund,2025-11-01,2025-12-01,0.41135865327482984,0.451082,-0.257308,0.70839,50.0,81,12,RF,rf_probability,,,
UTI Dividend Yield Fund,2025-11-01,2025-12-01,0.4675216349525948,0.468304,-0.257308,0.725612,29.0,81,6,RF,rf_probability,,,
UTI ELSS Tax Saver Fund,2025-11-01,2025-12-01,0.36513846915038856,0.052909,-0.257308,0.310217,72.0,81,17,RF,rf_probability,,,
UTI Flexi Cap Fund,2025-11-01,2025-12-01,0.3632868769603287,-2.017164,-0.257308,-1.759856,73.0,81,17,RF,rf_probability,,,
UTI Focused Fund,2025-11-01,2025-12-01,0.393829463115144,-0.474165,-0.257308,-0.216857,58.0,81,14,RF,rf_probability,,,
UTI Value Fund,2025-11-01,2025-12-01,0.4238864865526632,0.429924,-0.257308,0.687232,47.0,81,11,RF,rf_probability,,,
Aditya Birla Sun Life Dividend Yield Fund,2025-12-01,2026-01-01,0.37403507166208394,1.245475,-3.273242,4.518717,70.0,85,16,RF,rf_probability,,,
Aditya Birla Sun Life ELSS Tax Saver Fund,2025-12-01,2026-01-01,0.45050787231344513,-1.933267,-3.273242,1.339975,25.0,85,5,RF,rf_probability,,,
Aditya Birla Sun Life Flexi Cap Fund,2025-12-01,2026-01-01,0.44125978857743564,-2.968614,-3.273242,0.304628,32.0,85,7,RF,rf_probability,,,
Aditya Birla Sun Life Focused Fund,2025-12-01,2026-01-01,0.38984561174119975,-1.492715,-3.273242,1.780527,63.0,85,14,RF,rf_probability,,,
Aditya Birla Sun Life Value Fund,2025-12-01,2026-01-01,0.4159714315096668,-2.418382,-3.273242,0.85486,47.0,85,10,RF,rf_probability,,,
Axis ELSS Tax Saver Fund,2025-12-01,2026-01-01,0.4054918838643297,-3.041023,-3.273242,0.232219,52.0,85,12,RF,rf_probability,,,
Axis Flexi Cap Fund,2025-12-01,2026-01-01,0.49365919400516933,-2.67434,-3.273242,0.598902,13.0,85,2,RF,rf_probability,,,
Axis Focused Fund,2025-12-01,2026-01-01,0.4803038903133329,-3.766419,-3.273242,-0.493177,16.0,85,3,RF,rf_probability,,,
Axis Innovation Fund,2025-12-01,2026-01-01,0.5046768300327124,-3.656126,-3.273242,-0.382884,10.0,85,2,RF,rf_probability,,,
Baroda BNP Paribas ELSS Tax Saver Fund,2025-12-01,2026-01-01,0.4763976634760521,-2.727373,-3.273242,0.545869,17.0,85,3,RF,rf_probability,,,
Baroda BNP Paribas Focused Fund,2025-12-01,2026-01-01,0.36677046998409224,-4.319112,-3.273242,-1.04587,74.0,85,17,RF,rf_probability,,,
DSP ELSS Tax Saver Fund,2025-12-01,2026-01-01,0.362697059880264,-1.944057,-3.273242,1.329185,77.0,85,17,RF,rf_probability,,,
DSP Flexi Cap Fund,2025-12-01,2026-01-01,0.3477069764514811,-2.753139,-3.273242,0.520103,82.0,85,19,RF,rf_probability,,,
DSP Focused Fund,2025-12-01,2026-01-01,0.40676036626771916,-2.584701,-3.273242,0.688541,50.0,85,11,RF,rf_probability,,,
DSP Value Fund,2025-12-01,2026-01-01,0.4875791463524437,0.847281,-3.273242,4.120523,14.0,85,3,RF,rf_probability,,,
Edelweiss ELSS Tax saver Fund,2025-12-01,2026-01-01,0.5109573209238677,-2.365794,-3.273242,0.907448,8.0,85,1,RF,rf_probability,,,
Edelweiss Flexi Cap Fund,2025-12-01,2026-01-01,0.4449267437095442,-1.936081,-3.273242,1.337161,29.0,85,6,RF,rf_probability,,,
Franklin India ELSS Tax Saver Fund,2025-12-01,2026-01-01,0.40579433202676224,-2.751835,-3.273242,0.521407,51.0,85,11,RF,rf_probability,,,
Franklin India Flexi Cap Fund,2025-12-01,2026-01-01,0.383233662536294,-2.490162,-3.273242,0.78308,65.0,85,15,RF,rf_probability,,,
Franklin India Focused Equity Fund,2025-12-01,2026-01-01,0.39946969794910975,-2.921789,-3.273242,0.351453,57.0,85,13,RF,rf_probability,,,
Franklin India Opportunities Fund,2025-12-01,2026-01-01,0.5323593849391064,-2.718802,-3.273242,0.55444,5.0,85,0,RF,rf_probability,,,
HDFC Dividend Yield Fund,2025-12-01,2026-01-01,0.3949609737871349,-2.824484,-3.273242,0.448758,58.0,85,13,RF,rf_probability,,,
HDFC ELSS Tax saver,2025-12-01,2026-01-01,0.42310313064988,-2.297385,-3.273242,0.975857,43.0,85,9,RF,rf_probability,,,
HDFC Flexi Cap Fund,2025-12-01,2026-01-01,0.40404049936991127,-1.269667,-3.273242,2.003575,53.0,85,12,RF,rf_probability,,,
HDFC Focused Fund,2025-12-01,2026-01-01,0.46577844328873774,-1.894084,-3.273242,1.379158,20.0,85,4,RF,rf_probability,,,
HDFC Value Fund,2025-12-01,2026-01-01,0.4432038944715417,-2.075634,-3.273242,1.197608,30.0,85,6,RF,rf_probability,,,
HSBC Business Cycles Fund,2025-12-01,2026-01-01,0.5550994283494283,-4.150956,-3.273242,-0.877714,2.0,85,0,RF,rf_probability,,,
HSBC ELSS Tax saver Fund,2025-12-01,2026-01-01,0.4516927433677434,-3.033578,-3.273242,0.239664,24.0,85,5,RF,rf_probability,,,
HSBC Flexi Cap Fund,2025-12-01,2026-01-01,0.42502952211187517,-2.871356,-3.273242,0.401886,40.0,85,9,RF,rf_probability,,,
HSBC Focused Fund,2025-12-01,2026-01-01,0.48658769758792975,-2.772649,-3.273242,0.500593,15.0,85,3,RF,rf_probability,,,
HSBC Tax Saver Equity Fund,2025-12-01,2026-01-01,0.4332724065666013,-6.151567,-3.273242,-2.878325,38.0,85,8,RF,rf_probability,,,
HSBC Value Fund,2025-12-01,2026-01-01,0.4166966910540441,-1.561298,-3.273242,1.711944,46.0,85,10,RF,rf_probability,,,
ICICI Prudential Business Cycle Fund,2025-12-01,2026-01-01,0.46959051373463123,-2.345181,-3.273242,0.928061,19.0,85,4,RF,rf_probability,,,
ICICI Prudential Dividend Yield Equity Fund,2025-12-01,2026-01-01,0.45582379809732776,-1.674252,-3.273242,1.59899,23.0,85,5,RF,rf_probability,,,
ICICI Prudential ELSS Tax Saver Fund,2025-12-01,2026-01-01,0.40300343500668595,-3.292927,-3.273242,-0.019685,54.0,85,12,RF,rf_probability,,,
ICICI Prudential India Opportunities Fund,2025-12-01,2026-01-01,0.4980419888703002,-1.258775,-3.273242,2.014467,12.0,85,2,RF,rf_probability,,,
ICICI Prudential Value Fund,2025-12-01,2026-01-01,0.532911565395389,-2.559901,-3.273242,0.713341,4.0,85,0,RF,rf_probability,,,
ITI ELSS Tax Saver Fund,2025-12-01,2026-01-01,0.4400704466328305,-6.064342,-3.273242,-2.7911,35.0,85,8,RF,rf_probability,,,
ITI Value Fund,2025-12-01,2026-01-01,0.4014058133301168,-2.782515,-3.273242,0.490727,56.0,85,12,RF,rf_probability,,,
Kotak Contra Fund,2025-12-01,2026-01-01,0.5003286232455567,-2.366371,-3.273242,0.906871,11.0,85,2,RF,rf_probability,,,
Kotak ELSS Tax Saver Fund,2025-12-01,2026-01-01,0.4699548869001657,-2.052376,-3.273242,1.220866,18.0,85,4,RF,rf_probability,,,
Kotak Flexi Cap Fund,2025-12-01,2026-01-01,0.382220835614334,-0.401855,-3.273242,2.871387,67.0,85,15,RF,rf_probability,,,
Kotak Focused Fund,2025-12-01,2026-01-01,0.3610582869744637,-1.187609,-3.273242,2.085633,78.0,85,18,RF,rf_probability,,,
LIC MF Dividend Yield Fund,2025-12-01,2026-01-01,0.44938145794693735,-3.964291,-3.273242,-0.691049,26.0,85,5,RF,rf_probability,,,
LIC MF ELSS Tax Saver,2025-12-01,2026-01-01,0.37288756361457587,-3.502648,-3.273242,-0.229406,72.0,85,16,RF,rf_probability,,,
LIC MF Flexi Cap Fund,2025-12-01,2026-01-01,0.39222661595370534,-4.295341,-3.273242,-1.022099,61.0,85,14,RF,rf_probability,,,
LIC MF Focused Fund,2025-12-01,2026-01-01,0.6037066625411054,-5.09452,-3.273242,-1.821278,1.0,85,0,RF,rf_probability,,,
LIC MF Value Fund,2025-12-01,2026-01-01,0.3593577748446942,-2.469631,-3.273242,0.803611,80.0,85,18,RF,rf_probability,,,
Mahindra Manulife ELSS Tax Saver Fund,2025-12-01,2026-01-01,0.34681347243228056,-3.154434,-3.273242,0.118808,83.0,85,19,RF,rf_probability,,,
Mahindra Manulife Flexi Cap Fund,2025-12-01,2026-01-01,0.3641906877006722,-3.080662,-3.273242,0.19258,75.0,85,17,RF,rf_probability,,,
Mahindra Manulife Focused Fund,2025-12-01,2026-01-01,0.36056196385314027,-1.030986,-3.273242,2.242256,79.0,85,18,RF,rf_probability,,,
Mirae Asset ELSS Tax Saver Fund,2025-12-01,2026-01-01,0.4307175793444977,-3.476272,-3.273242,-0.20303,39.0,85,8,RF,rf_probability,,,
Mirae Asset Focused Fund,2025-12-01,2026-01-01,0.38623849405668287,-5.6938,-3.273242,-2.420558,64.0,85,14,RF,rf_probability,,,
Motilal Oswal ELSS Tax Saver Fund,2025-12-01,2026-01-01,0.42328697658550585,-3.672223,-3.273242,-0.398981,42.0,85,9,RF,rf_probability,,,
Motilal Oswal Flexi Cap Fund,2025-12-01,2026-01-01,0.44015332649806355,-4.562469,-3.273242,-1.289227,34.0,85,7,RF,rf_probability,,,
Motilal Oswal Focused Fund,2025-12-01,2026-01-01,0.4596783635868773,-3.717558,-3.273242,-0.444316,22.0,85,4,RF,rf_probability,,,
Navi Flexi Cap Fund,2025-12-01,2026-01-01,0.43512371242710135,-3.643171,-3.273242,-0.369929,37.0,85,8,RF,rf_probability,,,
Nippon India ELSS Tax Saver Fund,2025-12-01,2026-01-01,0.46118634690902477,-2.023484,-3.273242,1.249758,21.0,85,4,RF,rf_probability,,,
Nippon India Flexi Cap Fund,2025-12-01,2026-01-01,0.4028227814668992,-4.065307,-3.273242,-0.792065,55.0,85,12,RF,rf_probability,,,
Nippon India Value Fund,2025-12-01,2026-01-01,0.35873823186617326,-2.169738,-3.273242,1.103504,81.0,85,18,RF,rf_probability,,,
Parag Parikh ELSS Tax Saver Fund,2025-12-01,2026-01-01,0.4428647049802627,-3.387181,-3.273242,-0.113939,31.0,85,7,RF,rf_probability,,,
Parag Parikh Flexi Cap Fund,2025-12-01,2026-01-01,0.5265735968280089,-1.733408,-3.273242,1.539834,7.0,85,1,RF,rf_probability,,,
PGIM India ELSS Tax Saver Fund,2025-12-01,2026-01-01,0.4068833026794329,-4.015865,-3.273242,-0.742623,49.0,85,11,RF,rf_probability,,,
PGIM India Flexi Cap Fund,2025-12-01,2026-01-01,0.4491778726605349,-3.465804,-3.273242,-0.192562,27.0,85,6,RF,rf_probability,,,
Quant ELSS Tax Saver Fund,2025-12-01,2026-01-01,0.3829336731809643,-5.288602,-3.273242,-2.01536,66.0,85,15,RF,rf_probability,,,
Quant Flexi Cap Fund,2025-12-01,2026-01-01,0.4244715466593949,-5.294112,-3.273242,-2.02087,41.0,85,9,RF,rf_probability,,,
Quant Focused Fund,2025-12-01,2026-01-01,0.5087034132104566,-4.184327,-3.273242,-0.911085,9.0,85,1,RF,rf_probability,,,
Quant Value Fund,2025-12-01,2026-01-01,0.5426841833879916,-5.237872,-3.273242,-1.96463,3.0,85,0,RF,rf_probability,,,
Shriram ELSS Tax Saver Fund,2025-12-01,2026-01-01,0.37891499196881573,-3.167371,-3.273242,0.105871,68.0,85,15,RF,rf_probability,,,
Shriram Flexi Cap Fund,2025-12-01,2026-01-01,0.3941320118770121,-3.178671,-3.273242,0.094571,59.0,85,13,RF,rf_probability,,,
Sundaram Dividend Yield Fund,2025-12-01,2026-01-01,0.3929292943210898,-1.114532,-3.273242,2.15871,60.0,85,13,RF,rf_probability,,,
Sundaram ELSS Tax Saver Fund,2025-12-01,2026-01-01,0.44036116808028614,-3.385803,-3.273242,-0.112561,33.0,85,7,RF,rf_probability,,,
Sundaram Focused Fund,2025-12-01,2026-01-01,0.3723184586569259,-3.504511,-3.273242,-0.231269,73.0,85,16,RF,rf_probability,,,
Sundaram Value Fund,2025-12-01,2026-01-01,0.40918268659445123,-3.132766,-3.273242,0.140476,48.0,85,11,RF,rf_probability,,,
Tata Business Cycle Fund,2025-12-01,2026-01-01,0.5291070506720664,-3.658567,-3.273242,-0.385325,6.0,85,1,RF,rf_probability,,,
Tata Dividend Yield Fund,2025-12-01,2026-01-01,0.37650691326217667,-2.313505,-3.273242,0.959737,69.0,85,16,RF,rf_probability,,,
Tata ELSS Fund,2025-12-01,2026-01-01,0.28677775474701034,-3.419167,-3.273242,-0.145925,85.0,85,19,RF,rf_probability,,,
Tata Flexi Cap Fund,2025-12-01,2026-01-01,0.39157352712646826,-3.336799,-3.273242,-0.063557,62.0,85,14,RF,rf_probability,,,
Tata Focused Fund,2025-12-01,2026-01-01,0.3739017604944075,-2.838867,-3.273242,0.434375,71.0,85,16,RF,rf_probability,,,
Tata Value Fund,2025-12-01,2026-01-01,0.3630711949814891,-2.577982,-3.273242,0.69526,76.0,85,17,RF,rf_probability,,,
UTI Dividend Yield Fund,2025-12-01,2026-01-01,0.4450483665543262,-1.288746,-3.273242,1.984496,28.0,85,6,RF,rf_probability,,,
UTI ELSS Tax Saver Fund,2025-12-01,2026-01-01,0.3443780020117479,-3.362167,-3.273242,-0.088925,84.0,85,19,RF,rf_probability,,,
UTI Flexi Cap Fund,2025-12-01,2026-01-01,0.4389506776762971,-4.759621,-3.273242,-1.486379,36.0,85,8,RF,rf_probability,,,
UTI Focused Fund,2025-12-01,2026-01-01,0.42135280552780535,-2.978688,-3.273242,0.294554,44.0,85,10,RF,rf_probability,,,
UTI Value Fund,2025-12-01,2026-01-01,0.4196371945048416,-2.980569,-3.273242,0.292673,45.0,85,10,RF,rf_probability,,,
Axis Flexi Cap Fund,2024-01-01,2024-02-01,,3.476749,1.574078,1.902671,25.0,32,15,XGBoost,xgb_probability,0.5155280828475952,,
DSP ELSS Tax Saver Fund,2024-01-01,2024-02-01,,3.724196,1.574078,2.150118,26.0,32,15,XGBoost,xgb_probability,0.48478347063064575,,
DSP Flexi Cap Fund,2024-01-01,2024-02-01,,0.885235,1.574078,-0.688843,14.0,32,8,XGBoost,xgb_probability,0.9266477823257446,,
Edelweiss ELSS Tax saver Fund,2024-01-01,2024-02-01,,3.105058,1.574078,1.53098,30.0,32,18,XGBoost,xgb_probability,0.23203317821025848,,
Edelweiss Flexi Cap Fund,2024-01-01,2024-02-01,,3.113537,1.574078,1.539459,28.0,32,16,XGBoost,xgb_probability,0.2644803822040558,,
Franklin India ELSS Tax Saver Fund,2024-01-01,2024-02-01,,3.185397,1.574078,1.611319,4.0,32,1,XGBoost,xgb_probability,0.9929252862930298,,
Franklin India Flexi Cap Fund,2024-01-01,2024-02-01,,2.999653,1.574078,1.425575,10.0,32,5,XGBoost,xgb_probability,0.964905858039856,,
Franklin India Focused Equity Fund,2024-01-01,2024-02-01,,4.49679,1.574078,2.922712,18.0,32,10,XGBoost,xgb_probability,0.8229528665542603,,
Franklin India Opportunities Fund,2024-01-01,2024-02-01,,4.346663,1.574078,2.772585,2.0,32,0,XGBoost,xgb_probability,0.997058629989624,,
HDFC ELSS Tax saver,2024-01-01,2024-02-01,,4.055237,1.574078,2.481159,13.0,32,7,XGBoost,xgb_probability,0.9414414763450623,,
HDFC Flexi Cap Fund,2024-01-01,2024-02-01,,4.252392,1.574078,2.678314,12.0,32,6,XGBoost,xgb_probability,0.9503148794174194,,
HDFC Focused Fund,2024-01-01,2024-02-01,,4.036855,1.574078,2.462777,24.0,32,14,XGBoost,xgb_probability,0.6493470668792725,,
HDFC Value Fund,2024-01-01,2024-02-01,,3.384377,1.574078,1.810299,8.0,32,4,XGBoost,xgb_probability,0.9827579855918884,,
HSBC Flexi Cap Fund,2024-01-01,2024-02-01,,4.262429,1.574078,2.688351,32.0,32,19,XGBoost,xgb_probability,0.1608465164899826,,
ICICI Prudential ELSS Tax Saver Fund,2024-01-01,2024-02-01,,3.919917,1.574078,2.345839,31.0,32,18,XGBoost,xgb_probability,0.20732778310775757,,
ICICI Prudential India Opportunities Fund,2024-01-01,2024-02-01,,3.343363,1.574078,1.769285,23.0,32,13,XGBoost,xgb_probability,0.7026804685592651,,
ITI ELSS Tax Saver Fund,2024-01-01,2024-02-01,,2.920871,1.574078,1.346793,5.0,32,2,XGBoost,xgb_probability,0.984655499458313,,
Kotak ELSS Tax Saver Fund,2024-01-01,2024-02-01,,5.421958,1.574078,3.84788,17.0,32,10,XGBoost,xgb_probability,0.829630434513092,,
LIC MF ELSS Tax Saver,2024-01-01,2024-02-01,,3.340626,1.574078,1.766548,11.0,32,6,XGBoost,xgb_probability,0.9541323781013489,,
LIC MF Flexi Cap Fund,2024-01-01,2024-02-01,,2.408153,1.574078,0.834075,3.0,32,1,XGBoost,xgb_probability,0.9951062202453613,,
Motilal Oswal ELSS Tax Saver Fund,2024-01-01,2024-02-01,,4.861023,1.574078,3.286945,27.0,32,16,XGBoost,xgb_probability,0.4311957359313965,,
Motilal Oswal Flexi Cap Fund,2024-01-01,2024-02-01,,3.849571,1.574078,2.275493,1.0,32,0,XGBoost,xgb_probability,0.9974107146263123,,
Navi Flexi Cap Fund,2024-01-01,2024-02-01,,2.41256,1.574078,0.838482,19.0,32,11,XGBoost,xgb_probability,0.8053442239761353,,
Parag Parikh ELSS Tax Saver Fund,2024-01-01,2024-02-01,,4.29321,1.574078,2.719132,7.0,32,3,XGBoost,xgb_probability,0.9830591678619385,,
Parag Parikh Flexi Cap Fund,2024-01-01,2024-02-01,,4.294344,1.574078,2.720266,16.0,32,9,XGBoost,xgb_probability,0.8591344952583313,,
PGIM India Flexi Cap Fund,2024-01-01,2024-02-01,,3.532847,1.574078,1.958769,22.0,32,13,XGBoost,xgb_probability,0.7142347097396851,,
Shriram ELSS Tax Saver Fund,2024-01-01,2024-02-01,,1.89555,1.574078,0.321472,20.0,32,11,XGBoost,xgb_probability,0.778285026550293,,
Shriram Flexi Cap Fund,2024-01-01,2024-02-01,,2.221846,1.574078,0.647768,9.0,32,5,XGBoost,xgb_probability,0.981289267539978,,
Sundaram ELSS Tax Saver Fund,2024-01-01,2024-02-01,,4.489883,1.574078,2.915805,6.0,32,3,XGBoost,xgb_probability,0.9833711385726929,,
UTI ELSS Tax Saver Fund,2024-01-01,2024-02-01,,0.783845,1.574078,-0.790233,21.0,32,12,XGBoost,xgb_probability,0.737125039100647,,
UTI Flexi Cap Fund,2024-01-01,2024-02-01,,1.239782,1.574078,-0.334296,15.0,32,8,XGBoost,xgb_probability,0.9107410311698914,,
UTI Value Fund,2024-01-01,2024-02-01,,2.61172,1.574078,1.037642,29.0,32,17,XGBoost,xgb_probability,0.2536075711250305,,
Axis Flexi Cap Fund,2024-02-01,2024-03-01,,1.792414,3.2e-05,1.792382,22.0,32,13,XGBoost,xgb_probability,0.737488329410553,,
DSP ELSS Tax Saver Fund,2024-02-01,2024-03-01,,-2.308027,3.2e-05,-2.308059,20.0,32,11,XGBoost,xgb_probability,0.7998411655426025,,
DSP Flexi Cap Fund,2024-02-01,2024-03-01,,-0.903344,3.2e-05,-0.903376,23.0,32,13,XGBoost,xgb_probability,0.7308475375175476,,
Edelweiss ELSS Tax saver Fund,2024-02-01,2024-03-01,,0.0,3.2e-05,-3.2e-05,15.0,32,8,XGBoost,xgb_probability,0.851108968257904,,
Edelweiss Flexi Cap Fund,2024-02-01,2024-03-01,,0.340023,3.2e-05,0.339991,30.0,32,18,XGBoost,xgb_probability,0.4559893012046814,,
Franklin India ELSS Tax Saver Fund,2024-02-01,2024-03-01,,-0.60335,3.2e-05,-0.603382,16.0,32,9,XGBoost,xgb_probability,0.8282175660133362,,
Franklin India Flexi Cap Fund,2024-02-01,2024-03-01,,-0.540696,3.2e-05,-0.540728,28.0,32,16,XGBoost,xgb_probability,0.5701576471328735,,
Franklin India Focused Equity Fund,2024-02-01,2024-03-01,,0.749428,3.2e-05,0.749396,29.0,32,17,XGBoost,xgb_probability,0.5050674080848694,,
Franklin India Opportunities Fund,2024-02-01,2024-03-01,,-1.198766,3.2e-05,-1.198798,1.0,32,0,XGBoost,xgb_probability,0.9994606375694275,,
HDFC ELSS Tax saver,2024-02-01,2024-03-01,,-0.079831,3.2e-05,-0.079863,17.0,32,10,XGBoost,xgb_probability,0.8117681741714478,,
HDFC Flexi Cap Fund,2024-02-01,2024-03-01,,0.116542,3.2e-05,0.11651,7.0,32,3,XGBoost,xgb_probability,0.985929548740387,,
HDFC Focused Fund,2024-02-01,2024-03-01,,0.411954,3.2e-05,0.411922,8.0,32,4,XGBoost,xgb_probability,0.9570968151092529,,
HDFC Value Fund,2024-02-01,2024-03-01,,-1.045843,3.2e-05,-1.045875,5.0,32,2,XGBoost,xgb_probability,0.9872164130210876,,
HSBC Flexi Cap Fund,2024-02-01,2024-03-01,,-0.677776,3.2e-05,-0.677808,11.0,32,6,XGBoost,xgb_probability,0.9374454617500305,,
ICICI Prudential ELSS Tax Saver Fund,2024-02-01,2024-03-01,,0.462177,3.2e-05,0.462145,26.0,32,15,XGBoost,xgb_probability,0.6648367047309875,,
ICICI Prudential India Opportunities Fund,2024-02-01,2024-03-01,,1.857783,3.2e-05,1.857751,21.0,32,12,XGBoost,xgb_probability,0.7503368258476257,,
ITI ELSS Tax Saver Fund,2024-02-01,2024-03-01,,0.388914,3.2e-05,0.388882,2.0,32,0,XGBoost,xgb_probability,0.9976702332496643,,
Kotak ELSS Tax Saver Fund,2024-02-01,2024-03-01,,0.674743,3.2e-05,0.674711,31.0,32,18,XGBoost,xgb_probability,0.4254641532897949,,
LIC MF ELSS Tax Saver,2024-02-01,2024-03-01,,0.275848,3.2e-05,0.275816,13.0,32,7,XGBoost,xgb_probability,0.9124423265457153,,
LIC MF Flexi Cap Fund,2024-02-01,2024-03-01,,-0.355827,3.2e-05,-0.355859,12.0,32,6,XGBoost,xgb_probability,0.9140751957893372,,
Motilal Oswal ELSS Tax Saver Fund,2024-02-01,2024-03-01,,1.885959,3.2e-05,1.885927,27.0,32,16,XGBoost,xgb_probability,0.5732055902481079,,
Motilal Oswal Flexi Cap Fund,2024-02-01,2024-03-01,,1.280927,3.2e-05,1.280895,19.0,32,11,XGBoost,xgb_probability,0.8074544668197632,,
Navi Flexi Cap Fund,2024-02-01,2024-03-01,,-3.145843,3.2e-05,-3.145875,4.0,32,1,XGBoost,xgb_probability,0.988679826259613,,
Parag Parikh ELSS Tax Saver Fund,2024-02-01,2024-03-01,,-1.805614,3.2e-05,-1.805646,24.0,32,14,XGBoost,xgb_probability,0.7246413230895996,,
Parag Parikh Flexi Cap Fund,2024-02-01,2024-03-01,,-0.745715,3.2e-05,-0.745747,9.0,32,5,XGBoost,xgb_probability,0.954778790473938,,
PGIM India Flexi Cap Fund,2024-02-01,2024-03-01,,0.36384,3.2e-05,0.363808,25.0,32,15,XGBoost,xgb_probability,0.6861544251441956,,
Shriram ELSS Tax Saver Fund,2024-02-01,2024-03-01,,-2.030433,3.2e-05,-2.030465,3.0,32,1,XGBoost,xgb_probability,0.9913143515586853,,
Shriram Flexi Cap Fund,2024-02-01,2024-03-01,,-1.775879,3.2e-05,-1.775911,6.0,32,3,XGBoost,xgb_probability,0.9861425757408142,,
Sundaram ELSS Tax Saver Fund,2024-02-01,2024-03-01,,0.516676,3.2e-05,0.516644,18.0,32,10,XGBoost,xgb_probability,0.8110968470573425,,
UTI ELSS Tax Saver Fund,2024-02-01,2024-03-01,,0.338275,3.2e-05,0.338243,14.0,32,8,XGBoost,xgb_probability,0.8798418045043945,,
UTI Flexi Cap Fund,2024-02-01,2024-03-01,,0.136222,3.2e-05,0.13619,10.0,32,5,XGBoost,xgb_probability,0.953413724899292,,
UTI Value Fund,2024-02-01,2024-03-01,,-0.620759,3.2e-05,-0.620791,32.0,32,19,XGBoost,xgb_probability,0.19116300344467163,,
Axis Flexi Cap Fund,2024-03-01,2024-04-01,,3.685504,4.533622,-0.848118,13.0,32,7,XGBoost,xgb_probability,0.9454852342605591,,
DSP ELSS Tax Saver Fund,2024-03-01,2024-04-01,,5.889785,4.533622,1.356163,24.0,32,14,XGBoost,xgb_probability,0.7022948861122131,,
DSP Flexi Cap Fund,2024-03-01,2024-04-01,,5.082646,4.533622,0.549024,16.0,32,9,XGBoost,xgb_probability,0.895010232925415,,
Edelweiss ELSS Tax saver Fund,2024-03-01,2024-04-01,,3.328773,4.533622,-1.204849,29.0,32,17,XGBoost,xgb_probability,0.3008255660533905,,
Edelweiss Flexi Cap Fund,2024-03-01,2024-04-01,,4.391548,4.533622,-0.142074,7.0,32,3,XGBoost,xgb_probability,0.9830315113067627,,
Franklin India ELSS Tax Saver Fund,2024-03-01,2024-04-01,,3.897104,4.533622,-0.636518,3.0,32,1,XGBoost,xgb_probability,0.9940333962440491,,
Franklin India Flexi Cap Fund,2024-03-01,2024-04-01,,4.020038,4.533622,-0.513584,2.0,32,0,XGBoost,xgb_probability,0.9971103072166443,,
Franklin India Focused Equity Fund,2024-03-01,2024-04-01,,3.601527,4.533622,-0.932095,27.0,32,16,XGBoost,xgb_probability,0.502528965473175,,
Franklin India Opportunities Fund,2024-03-01,2024-04-01,,10.286075,4.533622,5.752453,6.0,32,3,XGBoost,xgb_probability,0.9871828556060791,,
HDFC ELSS Tax saver,2024-03-01,2024-04-01,,3.603967,4.533622,-0.929655,22.0,32,13,XGBoost,xgb_probability,0.7520641088485718,,
HDFC Flexi Cap Fund,2024-03-01,2024-04-01,,3.323035,4.533622,-1.210587,15.0,32,8,XGBoost,xgb_probability,0.9125003218650818,,
HDFC Focused Fund,2024-03-01,2024-04-01,,3.601527,4.533622,-0.932095,12.0,32,6,XGBoost,xgb_probability,0.9734703302383423,,
HDFC Value Fund,2024-03-01,2024-04-01,,4.623961,4.533622,0.090339,10.0,32,5,XGBoost,xgb_probability,0.979750394821167,,
HSBC Flexi Cap Fund,2024-03-01,2024-04-01,,4.05967,4.533622,-0.473952,19.0,32,11,XGBoost,xgb_probability,0.8086438775062561,,
ICICI Prudential ELSS Tax Saver Fund,2024-03-01,2024-04-01,,2.956655,4.533622,-1.576967,20.0,32,11,XGBoost,xgb_probability,0.7911837697029114,,
ICICI Prudential India Opportunities Fund,2024-03-01,2024-04-01,,2.610063,4.533622,-1.923559,5.0,32,2,XGBoost,xgb_probability,0.9881630539894104,,
ITI ELSS Tax Saver Fund,2024-03-01,2024-04-01,,6.41467,4.533622,1.881048,9.0,32,5,XGBoost,xgb_probability,0.9807008504867554,,
Kotak ELSS Tax Saver Fund,2024-03-01,2024-04-01,,5.497173,4.533622,0.963551,30.0,32,18,XGBoost,xgb_probability,0.19574320316314697,,
LIC MF ELSS Tax Saver,2024-03-01,2024-04-01,,4.109112,4.533622,-0.42451,26.0,32,15,XGBoost,xgb_probability,0.6516934037208557,,
LIC MF Flexi Cap Fund,2024-03-01,2024-04-01,,4.089111,4.533622,-0.444511,32.0,32,19,XGBoost,xgb_probability,0.16442875564098358,,
Motilal Oswal ELSS Tax Saver Fund,2024-03-01,2024-04-01,,6.604114,4.533622,2.070492,11.0,32,6,XGBoost,xgb_probability,0.9754045605659485,,
Motilal Oswal Flexi Cap Fund,2024-03-01,2024-04-01,,4.220808,4.533622,-0.312814,21.0,32,12,XGBoost,xgb_probability,0.7542005181312561,,
Navi Flexi Cap Fund,2024-03-01,2024-04-01,,3.392367,4.533622,-1.141255,1.0,32,0,XGBoost,xgb_probability,0.9981513619422913,,
Parag Parikh ELSS Tax Saver Fund,2024-03-01,2024-04-01,,2.756612,4.533622,-1.77701,23.0,32,13,XGBoost,xgb_probability,0.7197014093399048,,
Parag Parikh Flexi Cap Fund,2024-03-01,2024-04-01,,2.799175,4.533622,-1.734447,18.0,32,10,XGBoost,xgb_probability,0.8438184857368469,,
PGIM India Flexi Cap Fund,2024-03-01,2024-04-01,,3.011712,4.533622,-1.52191,31.0,32,18,XGBoost,xgb_probability,0.1812269240617752,,
Shriram ELSS Tax Saver Fund,2024-03-01,2024-04-01,,4.380169,4.533622,-0.153453,25.0,32,15,XGBoost,xgb_probability,0.6820016503334045,,
Shriram Flexi Cap Fund,2024-03-01,2024-04-01,,4.441339,4.533622,-0.092283,8.0,32,4,XGBoost,xgb_probability,0.9809429049491882,,
Sundaram ELSS Tax Saver Fund,2024-03-01,2024-04-01,,3.655039,4.533622,-0.878583,4.0,32,1,XGBoost,xgb_probability,0.9925611615180969,,
UTI ELSS Tax Saver Fund,2024-03-01,2024-04-01,,4.284869,4.533622,-0.248753,17.0,32,10,XGBoost,xgb_probability,0.8682090640068054,,
UTI Flexi Cap Fund,2024-03-01,2024-04-01,,1.91143,4.533622,-2.622192,14.0,32,8,XGBoost,xgb_probability,0.9412869215011597,,
UTI Value Fund,2024-03-01,2024-04-01,,4.710377,4.533622,0.176755,28.0,32,16,XGBoost,xgb_probability,0.3639136850833893,,
Axis Flexi Cap Fund,2024-04-01,2024-05-01,,1.342812,0.731367,0.611445,19.0,32,11,XGBoost,xgb_probability,0.09437721222639084,,
DSP ELSS Tax Saver Fund,2024-04-01,2024-05-01,,2.480496,0.731367,1.749129,3.0,32,1,XGBoost,xgb_probability,0.7272090315818787,,
DSP Flexi Cap Fund,2024-04-01,2024-05-01,,2.098992,0.731367,1.367625,12.0,32,6,XGBoost,xgb_probability,0.34659436345100403,,
Edelweiss ELSS Tax saver Fund,2024-04-01,2024-05-01,,1.897617,0.731367,1.16625,13.0,32,7,XGBoost,xgb_probability,0.31310901045799255,,
Edelweiss Flexi Cap Fund,2024-04-01,2024-05-01,,2.507192,0.731367,1.775825,21.0,32,12,XGBoost,xgb_probability,0.06644192337989807,,
Franklin India ELSS Tax Saver Fund,2024-04-01,2024-05-01,,0.864446,0.731367,0.133079,23.0,32,13,XGBoost,xgb_probability,0.05490468442440033,,
Franklin India Flexi Cap Fund,2024-04-01,2024-05-01,,0.885017,0.731367,0.15365,27.0,32,16,XGBoost,xgb_probability,0.020274311304092407,,
Franklin India Focused Equity Fund,2024-04-01,2024-05-01,,0.864442,0.731367,0.133075,14.0,32,8,XGBoost,xgb_probability,0.28337985277175903,,
Franklin India Opportunities Fund,2024-04-01,2024-05-01,,4.345069,0.731367,3.613702,7.0,32,3,XGBoost,xgb_probability,0.6303156614303589,,
HDFC ELSS Tax saver,2024-04-01,2024-05-01,,2.317903,0.731367,1.586536,32.0,32,19,XGBoost,xgb_probability,0.004267476499080658,,
HDFC Flexi Cap Fund,2024-04-01,2024-05-01,,2.17523,0.731367,1.443863,29.0,32,17,XGBoost,xgb_probability,0.018258491531014442,,
HDFC Focused Fund,2024-04-01,2024-05-01,,2.336364,0.731367,1.604997,24.0,32,14,XGBoost,xgb_probability,0.05386419966816902,,
HDFC Value Fund,2024-04-01,2024-05-01,,1.756638,0.731367,1.025271,30.0,32,18,XGBoost,xgb_probability,0.017715012654662132,,
HSBC Flexi Cap Fund,2024-04-01,2024-05-01,,1.317161,0.731367,0.585794,31.0,32,18,XGBoost,xgb_probability,0.012220587581396103,,
ICICI Prudential ELSS Tax Saver Fund,2024-04-01,2024-05-01,,-1.73968,0.731367,-2.471047,22.0,32,13,XGBoost,xgb_probability,0.05880900099873543,,
ICICI Prudential India Opportunities Fund,2024-04-01,2024-05-01,,0.398406,0.731367,-0.332961,1.0,32,0,XGBoost,xgb_probability,0.9449513554573059,,
ITI ELSS Tax Saver Fund,2024-04-01,2024-05-01,,2.332572,0.731367,1.601205,2.0,32,0,XGBoost,xgb_probability,0.8271093368530273,,
Kotak ELSS Tax Saver Fund,2024-04-01,2024-05-01,,2.526659,0.731367,1.795292,20.0,32,11,XGBoost,xgb_probability,0.07337559759616852,,
LIC MF ELSS Tax Saver,2024-04-01,2024-05-01,,2.278237,0.731367,1.54687,28.0,32,16,XGBoost,xgb_probability,0.01893387921154499,,
LIC MF Flexi Cap Fund,2024-04-01,2024-05-01,,1.635679,0.731367,0.904312,25.0,32,15,XGBoost,xgb_probability,0.04832559823989868,,
Motilal Oswal ELSS Tax Saver Fund,2024-04-01,2024-05-01,,1.485936,0.731367,0.754569,4.0,32,1,XGBoost,xgb_probability,0.6847044229507446,,
Motilal Oswal Flexi Cap Fund,2024-04-01,2024-05-01,,0.30065,0.731367,-0.430717,8.0,32,4,XGBoost,xgb_probability,0.5602515339851379,,
Navi Flexi Cap Fund,2024-04-01,2024-05-01,,0.432494,0.731367,-0.298873,10.0,32,5,XGBoost,xgb_probability,0.45514893531799316,,
Parag Parikh ELSS Tax Saver Fund,2024-04-01,2024-05-01,,0.333982,0.731367,-0.397385,16.0,32,9,XGBoost,xgb_probability,0.19663022458553314,,
Parag Parikh Flexi Cap Fund,2024-04-01,2024-05-01,,1.046461,0.731367,0.315094,15.0,32,8,XGBoost,xgb_probability,0.21313665807247162,,
PGIM India Flexi Cap Fund,2024-04-01,2024-05-01,,-1.732539,0.731367,-2.463906,11.0,32,6,XGBoost,xgb_probability,0.3750852048397064,,
Shriram ELSS Tax Saver Fund,2024-04-01,2024-05-01,,2.694394,0.731367,1.963027,26.0,32,15,XGBoost,xgb_probability,0.030453216284513474,,
Shriram Flexi Cap Fund,2024-04-01,2024-05-01,,1.890275,0.731367,1.158908,18.0,32,10,XGBoost,xgb_probability,0.1518595814704895,,
Sundaram ELSS Tax Saver Fund,2024-04-01,2024-05-01,,-0.168575,0.731367,-0.899942,6.0,32,3,XGBoost,xgb_probability,0.6427395343780518,,
UTI ELSS Tax Saver Fund,2024-04-01,2024-05-01,,0.912111,0.731367,0.180744,5.0,32,2,XGBoost,xgb_probability,0.6508985757827759,,
UTI Flexi Cap Fund,2024-04-01,2024-05-01,,0.680787,0.731367,-0.05058,17.0,32,10,XGBoost,xgb_probability,0.1586233675479889,,
UTI Value Fund,2024-04-01,2024-05-01,,2.645571,0.731367,1.914204,9.0,32,5,XGBoost,xgb_probability,0.49503982067108154,,
Axis Flexi Cap Fund,2024-05-01,2024-06-01,,7.371295,7.051242,0.320053,25.0,32,15,XGBoost,xgb_probability,0.1034918799996376,,
DSP ELSS Tax Saver Fund,2024-05-01,2024-06-01,,6.930649,7.051242,-0.120593,2.0,32,0,XGBoost,xgb_probability,0.9378026127815247,,
DSP Flexi Cap Fund,2024-05-01,2024-06-01,,7.270235,7.051242,0.218993,12.0,32,6,XGBoost,xgb_probability,0.3077234923839569,,
Edelweiss ELSS Tax saver Fund,2024-05-01,2024-06-01,,8.367259,7.051242,1.316017,30.0,32,18,XGBoost,xgb_probability,0.0370890311896801,,
Edelweiss Flexi Cap Fund,2024-05-01,2024-06-01,,8.725316,7.051242,1.674074,28.0,32,16,XGBoost,xgb_probability,0.0651697888970375,,
Franklin India ELSS Tax Saver Fund,2024-05-01,2024-06-01,,6.915345,7.051242,-0.135897,20.0,32,11,XGBoost,xgb_probability,0.13103653490543365,,
Franklin India Flexi Cap Fund,2024-05-01,2024-06-01,,6.790821,7.051242,-0.260421,32.0,32,19,XGBoost,xgb_probability,0.013136203400790691,,
Franklin India Focused Equity Fund,2024-05-01,2024-06-01,,6.51886,7.051242,-0.532382,13.0,32,7,XGBoost,xgb_probability,0.24498483538627625,,
Franklin India Opportunities Fund,2024-05-01,2024-06-01,,7.498378,7.051242,0.447136,11.0,32,6,XGBoost,xgb_probability,0.34513533115386963,,
HDFC ELSS Tax saver,2024-05-01,2024-06-01,,6.051424,7.051242,-0.999818,9.0,32,5,XGBoost,xgb_probability,0.4617321789264679,,
HDFC Flexi Cap Fund,2024-05-01,2024-06-01,,6.208431,7.051242,-0.842811,15.0,32,8,XGBoost,xgb_probability,0.20990562438964844,,
HDFC Focused Fund,2024-05-01,2024-06-01,,6.364508,7.051242,-0.686734,24.0,32,14,XGBoost,xgb_probability,0.10619260370731354,,
HDFC Value Fund,2024-05-01,2024-06-01,,7.475505,7.051242,0.424263,21.0,32,12,XGBoost,xgb_probability,0.1265917420387268,,
HSBC Flexi Cap Fund,2024-05-01,2024-06-01,,8.116271,7.051242,1.065029,31.0,32,18,XGBoost,xgb_probability,0.03325500339269638,,
ICICI Prudential ELSS Tax Saver Fund,2024-05-01,2024-06-01,,6.083416,7.051242,-0.967826,29.0,32,17,XGBoost,xgb_probability,0.05738458409905434,,
ICICI Prudential India Opportunities Fund,2024-05-01,2024-06-01,,5.385779,7.051242,-1.665463,6.0,32,3,XGBoost,xgb_probability,0.7223865985870361,,
ITI ELSS Tax Saver Fund,2024-05-01,2024-06-01,,5.780891,7.051242,-1.270351,1.0,32,0,XGBoost,xgb_probability,0.9388613700866699,,
Kotak ELSS Tax Saver Fund,2024-05-01,2024-06-01,,5.351887,7.051242,-1.699355,22.0,32,13,XGBoost,xgb_probability,0.12008309364318848,,
LIC MF ELSS Tax Saver,2024-05-01,2024-06-01,,8.539354,7.051242,1.488112,14.0,32,8,XGBoost,xgb_probability,0.21654123067855835,,
LIC MF Flexi Cap Fund,2024-05-01,2024-06-01,,8.578565,7.051242,1.527323,17.0,32,10,XGBoost,xgb_probability,0.19618724286556244,,
Motilal Oswal ELSS Tax Saver Fund,2024-05-01,2024-06-01,,9.013836,7.051242,1.962594,4.0,32,1,XGBoost,xgb_probability,0.8920902013778687,,
Motilal Oswal Flexi Cap Fund,2024-05-01,2024-06-01,,9.078674,7.051242,2.027432,23.0,32,13,XGBoost,xgb_probability,0.1086762547492981,,
Navi Flexi Cap Fund,2024-05-01,2024-06-01,,7.593285,7.051242,0.542043,3.0,32,1,XGBoost,xgb_probability,0.9165588617324829,,
Parag Parikh ELSS Tax Saver Fund,2024-05-01,2024-06-01,,5.210036,7.051242,-1.841206,27.0,32,16,XGBoost,xgb_probability,0.08512605726718903,,
Parag Parikh Flexi Cap Fund,2024-05-01,2024-06-01,,4.537794,7.051242,-2.513448,16.0,32,9,XGBoost,xgb_probability,0.20496265590190887,,
PGIM India Flexi Cap Fund,2024-05-01,2024-06-01,,7.99343,7.051242,0.942188,5.0,32,2,XGBoost,xgb_probability,0.7837550640106201,,
Shriram ELSS Tax Saver Fund,2024-05-01,2024-06-01,,5.103785,7.051242,-1.947457,18.0,32,10,XGBoost,xgb_probability,0.18713434040546417,,
Shriram Flexi Cap Fund,2024-05-01,2024-06-01,,4.568717,7.051242,-2.482525,10.0,32,5,XGBoost,xgb_probability,0.37202754616737366,,
Sundaram ELSS Tax Saver Fund,2024-05-01,2024-06-01,,5.823164,7.051242,-1.228078,7.0,32,3,XGBoost,xgb_probability,0.5256221294403076,,
UTI ELSS Tax Saver Fund,2024-05-01,2024-06-01,,7.975032,7.051242,0.92379,26.0,32,15,XGBoost,xgb_probability,0.09832291305065155,,
UTI Flexi Cap Fund,2024-05-01,2024-06-01,,7.216369,7.051242,0.165127,8.0,32,4,XGBoost,xgb_probability,0.47559860348701477,,
UTI Value Fund,2024-05-01,2024-06-01,,8.606123,7.051242,1.554881,19.0,32,11,XGBoost,xgb_probability,0.1352132111787796,,
Axis Flexi Cap Fund,2024-06-01,2024-07-01,,2.482014,4.390997,-1.908983,23.0,33,13,XGBoost,xgb_probability,0.07402628660202026,,
DSP ELSS Tax Saver Fund,2024-06-01,2024-07-01,,5.438025,4.390997,1.047028,1.0,33,0,XGBoost,xgb_probability,0.9674587845802307,,
DSP Flexi Cap Fund,2024-06-01,2024-07-01,,3.682852,4.390997,-0.708145,24.0,33,13,XGBoost,xgb_probability,0.06812097132205963,,
Edelweiss ELSS Tax saver Fund,2024-06-01,2024-07-01,,2.29958,4.390997,-2.091417,17.0,33,9,XGBoost,xgb_probability,0.19603176414966583,,
Edelweiss Flexi Cap Fund,2024-06-01,2024-07-01,,2.597585,4.390997,-1.793412,26.0,33,15,XGBoost,xgb_probability,0.056462667882442474,,
Franklin India ELSS Tax Saver Fund,2024-06-01,2024-07-01,,3.994447,4.390997,-0.39655,6.0,33,3,XGBoost,xgb_probability,0.6834070682525635,,
Franklin India Flexi Cap Fund,2024-06-01,2024-07-01,,3.920058,4.390997,-0.470939,4.0,33,1,XGBoost,xgb_probability,0.7589518427848816,,
Franklin India Focused Equity Fund,2024-06-01,2024-07-01,,2.404036,4.390997,-1.986961,22.0,33,12,XGBoost,xgb_probability,0.0752124935388565,,
Franklin India Opportunities Fund,2024-06-01,2024-07-01,,2.65292,4.390997,-1.738077,3.0,33,1,XGBoost,xgb_probability,0.8891869187355042,,
HDFC ELSS Tax saver,2024-06-01,2024-07-01,,2.903611,4.390997,-1.487386,19.0,33,10,XGBoost,xgb_probability,0.10003560036420822,,
HDFC Flexi Cap Fund,2024-06-01,2024-07-01,,2.890179,4.390997,-1.500818,18.0,33,10,XGBoost,xgb_probability,0.11589454859495163,,
HDFC Focused Fund,2024-06-01,2024-07-01,,2.360188,4.390997,-2.030809,28.0,33,16,XGBoost,xgb_probability,0.051837991923093796,,
HDFC Value Fund,2024-06-01,2024-07-01,,3.921894,4.390997,-0.469103,7.0,33,3,XGBoost,xgb_probability,0.6440145373344421,,
HSBC Flexi Cap Fund,2024-06-01,2024-07-01,,2.97356,4.390997,-1.417437,21.0,33,12,XGBoost,xgb_probability,0.09001152217388153,,
ICICI Prudential ELSS Tax Saver Fund,2024-06-01,2024-07-01,,4.664275,4.390997,0.273278,33.0,33,19,XGBoost,xgb_probability,0.014531023800373077,,
ICICI Prudential India Opportunities Fund,2024-06-01,2024-07-01,,5.221113,4.390997,0.830116,11.0,33,6,XGBoost,xgb_probability,0.3901497423648834,,
ITI ELSS Tax Saver Fund,2024-06-01,2024-07-01,,3.049052,4.390997,-1.341945,2.0,33,0,XGBoost,xgb_probability,0.9354837536811829,,
Kotak ELSS Tax Saver Fund,2024-06-01,2024-07-01,,3.156319,4.390997,-1.234678,25.0,33,14,XGBoost,xgb_probability,0.06117792800068855,,
LIC MF ELSS Tax Saver,2024-06-01,2024-07-01,,3.070136,4.390997,-1.320861,31.0,33,18,XGBoost,xgb_probability,0.020898398011922836,,
LIC MF Flexi Cap Fund,2024-06-01,2024-07-01,,3.305034,4.390997,-1.085963,32.0,33,18,XGBoost,xgb_probability,0.017078666016459465,,
Motilal Oswal ELSS Tax Saver Fund,2024-06-01,2024-07-01,,3.133506,4.390997,-1.257491,9.0,33,4,XGBoost,xgb_probability,0.5419921875,,
Motilal Oswal Flexi Cap Fund,2024-06-01,2024-07-01,,3.074992,4.390997,-1.316005,27.0,33,15,XGBoost,xgb_probability,0.05373535305261612,,
Navi Flexi Cap Fund,2024-06-01,2024-07-01,,3.831163,4.390997,-0.559834,30.0,33,17,XGBoost,xgb_probability,0.0243640448898077,,
Nippon India Value Fund,2024-06-01,2024-07-01,,3.335344,4.390997,-1.055653,5.0,33,2,XGBoost,xgb_probability,0.7045555114746094,,
Parag Parikh ELSS Tax Saver Fund,2024-06-01,2024-07-01,,4.793368,4.390997,0.402371,16.0,33,9,XGBoost,xgb_probability,0.2623963952064514,,
Parag Parikh Flexi Cap Fund,2024-06-01,2024-07-01,,2.903931,4.390997,-1.487066,10.0,33,5,XGBoost,xgb_probability,0.40378397703170776,,
PGIM India Flexi Cap Fund,2024-06-01,2024-07-01,,2.336096,4.390997,-2.054901,14.0,33,7,XGBoost,xgb_probability,0.33786898851394653,,
Shriram ELSS Tax Saver Fund,2024-06-01,2024-07-01,,3.009417,4.390997,-1.38158,13.0,33,7,XGBoost,xgb_probability,0.3648286759853363,,
Shriram Flexi Cap Fund,2024-06-01,2024-07-01,,2.333637,4.390997,-2.05736,8.0,33,4,XGBoost,xgb_probability,0.6244650483131409,,
Sundaram ELSS Tax Saver Fund,2024-06-01,2024-07-01,,2.775656,4.390997,-1.615341,12.0,33,6,XGBoost,xgb_probability,0.3690703809261322,,
UTI ELSS Tax Saver Fund,2024-06-01,2024-07-01,,3.403802,4.390997,-0.987195,29.0,33,16,XGBoost,xgb_probability,0.04452604055404663,,
UTI Flexi Cap Fund,2024-06-01,2024-07-01,,3.02596,4.390997,-1.365037,20.0,33,11,XGBoost,xgb_probability,0.09477996826171875,,
UTI Value Fund,2024-06-01,2024-07-01,,4.09342,4.390997,-0.297577,15.0,33,8,XGBoost,xgb_probability,0.31730571389198303,,
Axis Flexi Cap Fund,2024-07-01,2024-08-01,,2.508834,1.035556,1.473278,18.0,33,10,XGBoost,xgb_probability,0.26649659872055054,,
DSP ELSS Tax Saver Fund,2024-07-01,2024-08-01,,1.695555,1.035556,0.659999,8.0,33,4,XGBoost,xgb_probability,0.5268019437789917,,
DSP Flexi Cap Fund,2024-07-01,2024-08-01,,2.281496,1.035556,1.24594,15.0,33,8,XGBoost,xgb_probability,0.3423856198787689,,
Edelweiss ELSS Tax saver Fund,2024-07-01,2024-08-01,,2.20138,1.035556,1.165824,4.0,33,1,XGBoost,xgb_probability,0.6329711079597473,,
Edelweiss Flexi Cap Fund,2024-07-01,2024-08-01,,2.239335,1.035556,1.203779,26.0,33,15,XGBoost,xgb_probability,0.1532977670431137,,
Franklin India ELSS Tax Saver Fund,2024-07-01,2024-08-01,,1.724601,1.035556,0.689045,20.0,33,11,XGBoost,xgb_probability,0.25817039608955383,,
Franklin India Flexi Cap Fund,2024-07-01,2024-08-01,,1.738428,1.035556,0.702872,19.0,33,10,XGBoost,xgb_probability,0.26065653562545776,,
Franklin India Focused Equity Fund,2024-07-01,2024-08-01,,2.022357,1.035556,0.986801,11.0,33,6,XGBoost,xgb_probability,0.45303410291671753,,
Franklin India Opportunities Fund,2024-07-01,2024-08-01,,1.802703,1.035556,0.767147,14.0,33,7,XGBoost,xgb_probability,0.38184648752212524,,
HDFC ELSS Tax saver,2024-07-01,2024-08-01,,1.991641,1.035556,0.956085,27.0,33,15,XGBoost,xgb_probability,0.14719055593013763,,
HDFC Flexi Cap Fund,2024-07-01,2024-08-01,,1.768461,1.035556,0.732905,29.0,33,16,XGBoost,xgb_probability,0.11213064193725586,,
HDFC Focused Fund,2024-07-01,2024-08-01,,1.581999,1.035556,0.546443,31.0,33,18,XGBoost,xgb_probability,0.07434284687042236,,
HDFC Value Fund,2024-07-01,2024-08-01,,1.873672,1.035556,0.838116,21.0,33,12,XGBoost,xgb_probability,0.23987723886966705,,
HSBC Flexi Cap Fund,2024-07-01,2024-08-01,,2.06088,1.035556,1.025324,17.0,33,9,XGBoost,xgb_probability,0.2868632376194,,
ICICI Prudential ELSS Tax Saver Fund,2024-07-01,2024-08-01,,2.794379,1.035556,1.758823,5.0,33,2,XGBoost,xgb_probability,0.6229313015937805,,
ICICI Prudential India Opportunities Fund,2024-07-01,2024-08-01,,2.982646,1.035556,1.94709,6.0,33,3,XGBoost,xgb_probability,0.5598660111427307,,
ITI ELSS Tax Saver Fund,2024-07-01,2024-08-01,,1.636609,1.035556,0.601053,22.0,33,12,XGBoost,xgb_probability,0.22382423281669617,,
Kotak ELSS Tax Saver Fund,2024-07-01,2024-08-01,,-0.83931,1.035556,-1.874866,23.0,33,13,XGBoost,xgb_probability,0.17554447054862976,,
LIC MF ELSS Tax Saver,2024-07-01,2024-08-01,,1.532421,1.035556,0.496865,30.0,33,17,XGBoost,xgb_probability,0.08064954727888107,,
LIC MF Flexi Cap Fund,2024-07-01,2024-08-01,,0.095282,1.035556,-0.940274,24.0,33,13,XGBoost,xgb_probability,0.17399847507476807,,
Motilal Oswal ELSS Tax Saver Fund,2024-07-01,2024-08-01,,4.061059,1.035556,3.025503,16.0,33,9,XGBoost,xgb_probability,0.28716418147087097,,
Motilal Oswal Flexi Cap Fund,2024-07-01,2024-08-01,,2.711336,1.035556,1.67578,33.0,33,19,XGBoost,xgb_probability,0.055783722549676895,,
Navi Flexi Cap Fund,2024-07-01,2024-08-01,,1.787335,1.035556,0.751779,13.0,33,7,XGBoost,xgb_probability,0.4366002380847931,,
Nippon India Value Fund,2024-07-01,2024-08-01,,2.115678,1.035556,1.080122,12.0,33,6,XGBoost,xgb_probability,0.4511500298976898,,
Parag Parikh ELSS Tax Saver Fund,2024-07-01,2024-08-01,,1.327908,1.035556,0.292352,3.0,33,1,XGBoost,xgb_probability,0.6413553953170776,,
Parag Parikh Flexi Cap Fund,2024-07-01,2024-08-01,,1.16076,1.035556,0.125204,1.0,33,0,XGBoost,xgb_probability,0.7179874181747437,,
PGIM India Flexi Cap Fund,2024-07-01,2024-08-01,,2.57732,1.035556,1.541764,2.0,33,0,XGBoost,xgb_probability,0.6821883320808411,,
Shriram ELSS Tax Saver Fund,2024-07-01,2024-08-01,,-0.881247,1.035556,-1.916803,32.0,33,18,XGBoost,xgb_probability,0.06578782200813293,,
Shriram Flexi Cap Fund,2024-07-01,2024-08-01,,-0.379166,1.035556,-1.414722,25.0,33,14,XGBoost,xgb_probability,0.16832652688026428,,
Sundaram ELSS Tax Saver Fund,2024-07-01,2024-08-01,,1.589401,1.035556,0.553845,9.0,33,4,XGBoost,xgb_probability,0.5154088735580444,,
UTI ELSS Tax Saver Fund,2024-07-01,2024-08-01,,1.956739,1.035556,0.921183,7.0,33,3,XGBoost,xgb_probability,0.5526971220970154,,
UTI Flexi Cap Fund,2024-07-01,2024-08-01,,3.214202,1.035556,2.178646,10.0,33,5,XGBoost,xgb_probability,0.4732382595539093,,
UTI Value Fund,2024-07-01,2024-08-01,,2.827207,1.035556,1.791651,28.0,33,16,XGBoost,xgb_probability,0.1422896534204483,,
Axis Flexi Cap Fund,2024-08-01,2024-09-01,,3.619442,2.166814,1.452628,28.0,33,16,XGBoost,xgb_probability,0.05777302384376526,,
DSP ELSS Tax Saver Fund,2024-08-01,2024-09-01,,1.859147,2.166814,-0.307667,1.0,33,0,XGBoost,xgb_probability,0.6513906717300415,,
DSP Flexi Cap Fund,2024-08-01,2024-09-01,,2.503388,2.166814,0.336574,30.0,33,17,XGBoost,xgb_probability,0.043388731777668,,
Edelweiss ELSS Tax saver Fund,2024-08-01,2024-09-01,,2.025028,2.166814,-0.141786,21.0,33,12,XGBoost,xgb_probability,0.1685294210910797,,
Edelweiss Flexi Cap Fund,2024-08-01,2024-09-01,,2.621639,2.166814,0.454825,24.0,33,13,XGBoost,xgb_probability,0.10916571319103241,,
Franklin India ELSS Tax Saver Fund,2024-08-01,2024-09-01,,1.999836,2.166814,-0.166978,23.0,33,13,XGBoost,xgb_probability,0.119889035820961,,
Franklin India Flexi Cap Fund,2024-08-01,2024-09-01,,1.843844,2.166814,-0.32297,29.0,33,16,XGBoost,xgb_probability,0.05742808058857918,,
Franklin India Focused Equity Fund,2024-08-01,2024-09-01,,2.577702,2.166814,0.410888,20.0,33,11,XGBoost,xgb_probability,0.17345993220806122,,
Franklin India Opportunities Fund,2024-08-01,2024-09-01,,0.779048,2.166814,-1.387766,18.0,33,10,XGBoost,xgb_probability,0.20947520434856415,,
HDFC ELSS Tax saver,2024-08-01,2024-09-01,,2.300985,2.166814,0.134171,26.0,33,15,XGBoost,xgb_probability,0.07206577807664871,,
HDFC Flexi Cap Fund,2024-08-01,2024-09-01,,2.992151,2.166814,0.825337,31.0,33,18,XGBoost,xgb_probability,0.03838146850466728,,
HDFC Focused Fund,2024-08-01,2024-09-01,,3.480776,2.166814,1.313962,32.0,33,18,XGBoost,xgb_probability,0.03671581670641899,,
HDFC Value Fund,2024-08-01,2024-09-01,,2.268256,2.166814,0.101442,15.0,33,8,XGBoost,xgb_probability,0.29385823011398315,,
HSBC Flexi Cap Fund,2024-08-01,2024-09-01,,1.862276,2.166814,-0.304538,13.0,33,7,XGBoost,xgb_probability,0.39120686054229736,,
ICICI Prudential ELSS Tax Saver Fund,2024-08-01,2024-09-01,,3.364964,2.166814,1.19815,12.0,33,6,XGBoost,xgb_probability,0.40480315685272217,,
ICICI Prudential India Opportunities Fund,2024-08-01,2024-09-01,,2.369668,2.166814,0.202854,9.0,33,4,XGBoost,xgb_probability,0.4832509458065033,,
ITI ELSS Tax Saver Fund,2024-08-01,2024-09-01,,2.708076,2.166814,0.541262,8.0,33,4,XGBoost,xgb_probability,0.4951925277709961,,
Kotak ELSS Tax Saver Fund,2024-08-01,2024-09-01,,3.087091,2.166814,0.920277,11.0,33,6,XGBoost,xgb_probability,0.41457146406173706,,
LIC MF ELSS Tax Saver,2024-08-01,2024-09-01,,2.48218,2.166814,0.315366,33.0,33,19,XGBoost,xgb_probability,0.014251269400119781,,
LIC MF Flexi Cap Fund,2024-08-01,2024-09-01,,3.081102,2.166814,0.914288,6.0,33,3,XGBoost,xgb_probability,0.5390133857727051,,
Motilal Oswal ELSS Tax Saver Fund,2024-08-01,2024-09-01,,5.032987,2.166814,2.866173,17.0,33,9,XGBoost,xgb_probability,0.24557556211948395,,
Motilal Oswal Flexi Cap Fund,2024-08-01,2024-09-01,,6.662377,2.166814,4.495563,25.0,33,14,XGBoost,xgb_probability,0.08889709413051605,,
Navi Flexi Cap Fund,2024-08-01,2024-09-01,,1.386044,2.166814,-0.78077,5.0,33,2,XGBoost,xgb_probability,0.6156758666038513,,
Nippon India Value Fund,2024-08-01,2024-09-01,,2.290888,2.166814,0.124074,22.0,33,12,XGBoost,xgb_probability,0.1200462356209755,,
Parag Parikh ELSS Tax Saver Fund,2024-08-01,2024-09-01,,3.26813,2.166814,1.101316,16.0,33,9,XGBoost,xgb_probability,0.27926141023635864,,
Parag Parikh Flexi Cap Fund,2024-08-01,2024-09-01,,3.178253,2.166814,1.011439,4.0,33,1,XGBoost,xgb_probability,0.6184129118919373,,
PGIM India Flexi Cap Fund,2024-08-01,2024-09-01,,2.775784,2.166814,0.60897,2.0,33,0,XGBoost,xgb_probability,0.6199688911437988,,
Shriram ELSS Tax Saver Fund,2024-08-01,2024-09-01,,1.091026,2.166814,-1.075788,7.0,33,3,XGBoost,xgb_probability,0.5340989828109741,,
Shriram Flexi Cap Fund,2024-08-01,2024-09-01,,0.056761,2.166814,-2.110053,10.0,33,5,XGBoost,xgb_probability,0.4716920852661133,,
Sundaram ELSS Tax Saver Fund,2024-08-01,2024-09-01,,2.024397,2.166814,-0.142417,3.0,33,1,XGBoost,xgb_probability,0.6191725730895996,,
UTI ELSS Tax Saver Fund,2024-08-01,2024-09-01,,2.306352,2.166814,0.139538,27.0,33,15,XGBoost,xgb_probability,0.06139596179127693,,
UTI Flexi Cap Fund,2024-08-01,2024-09-01,,3.455851,2.166814,1.289037,19.0,33,10,XGBoost,xgb_probability,0.1855393946170807,,
UTI Value Fund,2024-08-01,2024-09-01,,2.59996,2.166814,0.433146,14.0,33,7,XGBoost,xgb_probability,0.3500986397266388,,
Axis Flexi Cap Fund,2024-09-01,2024-10-01,,-6.169154,-6.352122,0.182968,33.0,33,19,XGBoost,xgb_probability,0.01694384776055813,,
DSP ELSS Tax Saver Fund,2024-09-01,2024-10-01,,-5.348337,-6.352122,1.003785,5.0,33,2,XGBoost,xgb_probability,0.520205020904541,,
DSP Flexi Cap Fund,2024-09-01,2024-10-01,,-5.223379,-6.352122,1.128743,32.0,33,18,XGBoost,xgb_probability,0.018406793475151062,,
Edelweiss ELSS Tax saver Fund,2024-09-01,2024-10-01,,-5.41923,-6.352122,0.932892,30.0,33,17,XGBoost,xgb_probability,0.033723048865795135,,
Edelweiss Flexi Cap Fund,2024-09-01,2024-10-01,,-5.877755,-6.352122,0.474367,25.0,33,14,XGBoost,xgb_probability,0.09400394558906555,,
Franklin India ELSS Tax Saver Fund,2024-09-01,2024-10-01,,-5.274571,-6.352122,1.077551,12.0,33,6,XGBoost,xgb_probability,0.3112182319164276,,
Franklin India Flexi Cap Fund,2024-09-01,2024-10-01,,-5.138116,-6.352122,1.214006,19.0,33,10,XGBoost,xgb_probability,0.1336926370859146,,
Franklin India Focused Equity Fund,2024-09-01,2024-10-01,,-7.147953,-6.352122,-0.795831,15.0,33,8,XGBoost,xgb_probability,0.30121415853500366,,
Franklin India Opportunities Fund,2024-09-01,2024-10-01,,-4.333196,-6.352122,2.018926,14.0,33,7,XGBoost,xgb_probability,0.30317357182502747,,
HDFC ELSS Tax saver,2024-09-01,2024-10-01,,-5.057553,-6.352122,1.294569,28.0,33,16,XGBoost,xgb_probability,0.0467645637691021,,
HDFC Flexi Cap Fund,2024-09-01,2024-10-01,,-3.806231,-6.352122,2.545891,27.0,33,15,XGBoost,xgb_probability,0.05697105824947357,,
HDFC Focused Fund,2024-09-01,2024-10-01,,-3.544983,-6.352122,2.807139,20.0,33,11,XGBoost,xgb_probability,0.115132637321949,,
HDFC Value Fund,2024-09-01,2024-10-01,,-4.955691,-6.352122,1.396431,26.0,33,15,XGBoost,xgb_probability,0.09012141823768616,,
HSBC Flexi Cap Fund,2024-09-01,2024-10-01,,-4.661348,-6.352122,1.690774,18.0,33,10,XGBoost,xgb_probability,0.16789589822292328,,
ICICI Prudential ELSS Tax Saver Fund,2024-09-01,2024-10-01,,-6.017424,-6.352122,0.334698,21.0,33,12,XGBoost,xgb_probability,0.10738435387611389,,
ICICI Prudential India Opportunities Fund,2024-09-01,2024-10-01,,-5.023184,-6.352122,1.328938,17.0,33,9,XGBoost,xgb_probability,0.29896074533462524,,
ITI ELSS Tax Saver Fund,2024-09-01,2024-10-01,,-7.13458,-6.352122,-0.782458,10.0,33,5,XGBoost,xgb_probability,0.3449115753173828,,
Kotak ELSS Tax Saver Fund,2024-09-01,2024-10-01,,-5.978265,-6.352122,0.373857,11.0,33,6,XGBoost,xgb_probability,0.3303184509277344,,
LIC MF ELSS Tax Saver,2024-09-01,2024-10-01,,-5.627119,-6.352122,0.725003,31.0,33,18,XGBoost,xgb_probability,0.024931540712714195,,
LIC MF Flexi Cap Fund,2024-09-01,2024-10-01,,-5.838482,-6.352122,0.51364,1.0,33,0,XGBoost,xgb_probability,0.8364086747169495,,
Motilal Oswal ELSS Tax Saver Fund,2024-09-01,2024-10-01,,-3.805693,-6.352122,2.546429,23.0,33,13,XGBoost,xgb_probability,0.10566429048776627,,
Motilal Oswal Flexi Cap Fund,2024-09-01,2024-10-01,,-6.56817,-6.352122,-0.216048,29.0,33,16,XGBoost,xgb_probability,0.0390634760260582,,
Navi Flexi Cap Fund,2024-09-01,2024-10-01,,-5.026672,-6.352122,1.32545,4.0,33,1,XGBoost,xgb_probability,0.575577437877655,,
Nippon India Value Fund,2024-09-01,2024-10-01,,-5.336331,-6.352122,1.015791,24.0,33,13,XGBoost,xgb_probability,0.10054969042539597,,
Parag Parikh ELSS Tax Saver Fund,2024-09-01,2024-10-01,,-4.403874,-6.352122,1.948248,16.0,33,9,XGBoost,xgb_probability,0.3005571663379669,,
Parag Parikh Flexi Cap Fund,2024-09-01,2024-10-01,,-3.006436,-6.352122,3.345686,3.0,33,1,XGBoost,xgb_probability,0.5948416590690613,,
PGIM India Flexi Cap Fund,2024-09-01,2024-10-01,,-6.068356,-6.352122,0.283766,7.0,33,3,XGBoost,xgb_probability,0.49872368574142456,,
Shriram ELSS Tax Saver Fund,2024-09-01,2024-10-01,,-6.715607,-6.352122,-0.363485,9.0,33,4,XGBoost,xgb_probability,0.37407293915748596,,
Shriram Flexi Cap Fund,2024-09-01,2024-10-01,,-6.720487,-6.352122,-0.368365,2.0,33,0,XGBoost,xgb_probability,0.6577339172363281,,
Sundaram ELSS Tax Saver Fund,2024-09-01,2024-10-01,,-5.593751,-6.352122,0.758371,6.0,33,3,XGBoost,xgb_probability,0.5009456276893616,,
UTI ELSS Tax Saver Fund,2024-09-01,2024-10-01,,-7.043841,-6.352122,-0.691719,13.0,33,7,XGBoost,xgb_probability,0.3073149621486664,,
UTI Flexi Cap Fund,2024-09-01,2024-10-01,,-6.273179,-6.352122,0.078943,22.0,33,12,XGBoost,xgb_probability,0.10667064785957336,,
UTI Value Fund,2024-09-01,2024-10-01,,-5.714124,-6.352122,0.637998,8.0,33,4,XGBoost,xgb_probability,0.49001896381378174,,
Axis Flexi Cap Fund,2024-10-01,2024-11-01,,1.272534,0.045826,1.226708,31.0,33,18,XGBoost,xgb_probability,0.066567562520504,,
DSP ELSS Tax Saver Fund,2024-10-01,2024-11-01,,0.125883,0.045826,0.080057,18.0,33,10,XGBoost,xgb_probability,0.6643833518028259,,
DSP Flexi Cap Fund,2024-10-01,2024-11-01,,0.074621,0.045826,0.028795,30.0,33,17,XGBoost,xgb_probability,0.11966530978679657,,
Edelweiss ELSS Tax saver Fund,2024-10-01,2024-11-01,,0.524626,0.045826,0.4788,16.0,33,9,XGBoost,xgb_probability,0.706773579120636,,
Edelweiss Flexi Cap Fund,2024-10-01,2024-11-01,,0.515002,0.045826,0.469176,9.0,33,4,XGBoost,xgb_probability,0.8889788389205933,,
Franklin India ELSS Tax Saver Fund,2024-10-01,2024-11-01,,0.716843,0.045826,0.671017,7.0,33,3,XGBoost,xgb_probability,0.9041748642921448,,
Franklin India Flexi Cap Fund,2024-10-01,2024-11-01,,0.548324,0.045826,0.502498,6.0,33,3,XGBoost,xgb_probability,0.9107021689414978,,
Franklin India Focused Equity Fund,2024-10-01,2024-11-01,,1.080515,0.045826,1.034689,24.0,33,13,XGBoost,xgb_probability,0.38380494713783264,,
Franklin India Opportunities Fund,2024-10-01,2024-11-01,,2.297428,0.045826,2.251602,5.0,33,2,XGBoost,xgb_probability,0.9117700457572937,,
HDFC ELSS Tax saver,2024-10-01,2024-11-01,,0.017741,0.045826,-0.028085,19.0,33,10,XGBoost,xgb_probability,0.612488329410553,,
HDFC Flexi Cap Fund,2024-10-01,2024-11-01,,0.416493,0.045826,0.370667,2.0,33,0,XGBoost,xgb_probability,0.9464969038963318,,
HDFC Focused Fund,2024-10-01,2024-11-01,,0.804786,0.045826,0.75896,11.0,33,6,XGBoost,xgb_probability,0.8757629990577698,,
HDFC Value Fund,2024-10-01,2024-11-01,,-0.568207,0.045826,-0.614033,20.0,33,11,XGBoost,xgb_probability,0.5979329347610474,,
HSBC Flexi Cap Fund,2024-10-01,2024-11-01,,1.932505,0.045826,1.886679,17.0,33,9,XGBoost,xgb_probability,0.6889477968215942,,
ICICI Prudential ELSS Tax Saver Fund,2024-10-01,2024-11-01,,-0.851567,0.045826,-0.897393,27.0,33,15,XGBoost,xgb_probability,0.30931809544563293,,
ICICI Prudential India Opportunities Fund,2024-10-01,2024-11-01,,-0.406394,0.045826,-0.45222,8.0,33,4,XGBoost,xgb_probability,0.8944686651229858,,
ITI ELSS Tax Saver Fund,2024-10-01,2024-11-01,,0.99409,0.045826,0.948264,26.0,33,15,XGBoost,xgb_probability,0.3316027820110321,,
Kotak ELSS Tax Saver Fund,2024-10-01,2024-11-01,,0.53034,0.045826,0.484514,1.0,33,0,XGBoost,xgb_probability,0.9886954426765442,,
LIC MF ELSS Tax Saver,2024-10-01,2024-11-01,,1.018699,0.045826,0.972873,21.0,33,12,XGBoost,xgb_probability,0.5066906809806824,,
LIC MF Flexi Cap Fund,2024-10-01,2024-11-01,,1.189527,0.045826,1.143701,3.0,33,1,XGBoost,xgb_probability,0.9459258913993835,,
Motilal Oswal ELSS Tax Saver Fund,2024-10-01,2024-11-01,,1.904544,0.045826,1.858718,10.0,33,5,XGBoost,xgb_probability,0.8813789486885071,,
Motilal Oswal Flexi Cap Fund,2024-10-01,2024-11-01,,3.833551,0.045826,3.787725,14.0,33,7,XGBoost,xgb_probability,0.76936274766922,,
Navi Flexi Cap Fund,2024-10-01,2024-11-01,,-0.398355,0.045826,-0.444181,22.0,33,12,XGBoost,xgb_probability,0.43169450759887695,,
Nippon India Value Fund,2024-10-01,2024-11-01,,-0.288773,0.045826,-0.334599,13.0,33,7,XGBoost,xgb_probability,0.814970850944519,,
Parag Parikh ELSS Tax Saver Fund,2024-10-01,2024-11-01,,0.340966,0.045826,0.29514,4.0,33,1,XGBoost,xgb_probability,0.935507595539093,,
Parag Parikh Flexi Cap Fund,2024-10-01,2024-11-01,,0.274599,0.045826,0.228773,12.0,33,6,XGBoost,xgb_probability,0.8244909644126892,,
PGIM India Flexi Cap Fund,2024-10-01,2024-11-01,,0.345253,0.045826,0.299427,28.0,33,16,XGBoost,xgb_probability,0.30697259306907654,,
Shriram ELSS Tax Saver Fund,2024-10-01,2024-11-01,,0.099863,0.045826,0.054037,32.0,33,18,XGBoost,xgb_probability,0.06655941158533096,,
Shriram Flexi Cap Fund,2024-10-01,2024-11-01,,0.16613,0.045826,0.120304,33.0,33,19,XGBoost,xgb_probability,0.018082093447446823,,
Sundaram ELSS Tax Saver Fund,2024-10-01,2024-11-01,,0.352726,0.045826,0.3069,23.0,33,13,XGBoost,xgb_probability,0.39970967173576355,,
UTI ELSS Tax Saver Fund,2024-10-01,2024-11-01,,-0.317364,0.045826,-0.36319,29.0,33,16,XGBoost,xgb_probability,0.26904237270355225,,
UTI Flexi Cap Fund,2024-10-01,2024-11-01,,1.169353,0.045826,1.123527,15.0,33,8,XGBoost,xgb_probability,0.7570807337760925,,
UTI Value Fund,2024-10-01,2024-11-01,,0.034214,0.045826,-0.011612,25.0,33,14,XGBoost,xgb_probability,0.36426395177841187,,
Axis Flexi Cap Fund,2024-11-01,2024-12-01,,0.383944,-1.36551,1.749454,29.0,33,16,XGBoost,xgb_probability,0.2363918274641037,,
DSP ELSS Tax Saver Fund,2024-11-01,2024-12-01,,-1.276435,-1.36551,0.089075,15.0,33,8,XGBoost,xgb_probability,0.6395378112792969,,
DSP Flexi Cap Fund,2024-11-01,2024-12-01,,-1.596052,-1.36551,-0.230542,24.0,33,13,XGBoost,xgb_probability,0.42840278148651123,,
Edelweiss ELSS Tax saver Fund,2024-11-01,2024-12-01,,-0.755569,-1.36551,0.609941,21.0,33,12,XGBoost,xgb_probability,0.5726058483123779,,
Edelweiss Flexi Cap Fund,2024-11-01,2024-12-01,,-0.69535,-1.36551,0.67016,3.0,33,1,XGBoost,xgb_probability,0.9066078662872314,,
Franklin India ELSS Tax Saver Fund,2024-11-01,2024-12-01,,-0.143834,-1.36551,1.221676,7.0,33,3,XGBoost,xgb_probability,0.8287354111671448,,
Franklin India Flexi Cap Fund,2024-11-01,2024-12-01,,-0.144048,-1.36551,1.221462,1.0,33,0,XGBoost,xgb_probability,0.9792064428329468,,
Franklin India Focused Equity Fund,2024-11-01,2024-12-01,,-1.195273,-1.36551,0.170237,12.0,33,6,XGBoost,xgb_probability,0.692915678024292,,
Franklin India Opportunities Fund,2024-11-01,2024-12-01,,0.245392,-1.36551,1.610902,13.0,33,7,XGBoost,xgb_probability,0.6887621879577637,,
HDFC ELSS Tax saver,2024-11-01,2024-12-01,,-1.356294,-1.36551,0.009216,25.0,33,14,XGBoost,xgb_probability,0.4221407175064087,,
HDFC Flexi Cap Fund,2024-11-01,2024-12-01,,-1.213239,-1.36551,0.152271,9.0,33,4,XGBoost,xgb_probability,0.7829238772392273,,
HDFC Focused Fund,2024-11-01,2024-12-01,,-1.54074,-1.36551,-0.17523,8.0,33,4,XGBoost,xgb_probability,0.8198689222335815,,
HDFC Value Fund,2024-11-01,2024-12-01,,-1.386799,-1.36551,-0.021289,10.0,33,5,XGBoost,xgb_probability,0.7822365760803223,,
HSBC Flexi Cap Fund,2024-11-01,2024-12-01,,-0.281478,-1.36551,1.084032,6.0,33,3,XGBoost,xgb_probability,0.8458338379859924,,
ICICI Prudential ELSS Tax Saver Fund,2024-11-01,2024-12-01,,-2.176505,-1.36551,-0.810995,28.0,33,16,XGBoost,xgb_probability,0.24103567004203796,,
ICICI Prudential India Opportunities Fund,2024-11-01,2024-12-01,,-1.468988,-1.36551,-0.103478,18.0,33,10,XGBoost,xgb_probability,0.5926223993301392,,
ITI ELSS Tax Saver Fund,2024-11-01,2024-12-01,,-1.209364,-1.36551,0.156146,11.0,33,6,XGBoost,xgb_probability,0.7154144048690796,,
Kotak ELSS Tax Saver Fund,2024-11-01,2024-12-01,,-0.625948,-1.36551,0.739562,20.0,33,11,XGBoost,xgb_probability,0.5784429311752319,,
LIC MF ELSS Tax Saver,2024-11-01,2024-12-01,,0.652999,-1.36551,2.018509,26.0,33,15,XGBoost,xgb_probability,0.4177105128765106,,
LIC MF Flexi Cap Fund,2024-11-01,2024-12-01,,-1.059455,-1.36551,0.306055,17.0,33,9,XGBoost,xgb_probability,0.59340500831604,,
Motilal Oswal ELSS Tax Saver Fund,2024-11-01,2024-12-01,,3.906413,-1.36551,5.271923,14.0,33,7,XGBoost,xgb_probability,0.6609913110733032,,
Motilal Oswal Flexi Cap Fund,2024-11-01,2024-12-01,,2.734816,-1.36551,4.100326,22.0,33,12,XGBoost,xgb_probability,0.4948813021183014,,
Navi Flexi Cap Fund,2024-11-01,2024-12-01,,-1.659668,-1.36551,-0.294158,30.0,33,17,XGBoost,xgb_probability,0.2029932737350464,,
Nippon India Value Fund,2024-11-01,2024-12-01,,-0.014219,-1.36551,1.351291,4.0,33,1,XGBoost,xgb_probability,0.8710314035415649,,
Parag Parikh ELSS Tax Saver Fund,2024-11-01,2024-12-01,,0.501988,-1.36551,1.867498,5.0,33,2,XGBoost,xgb_probability,0.8497663736343384,,
Parag Parikh Flexi Cap Fund,2024-11-01,2024-12-01,,1.047786,-1.36551,2.413296,2.0,33,0,XGBoost,xgb_probability,0.9259135127067566,,
PGIM India Flexi Cap Fund,2024-11-01,2024-12-01,,0.221185,-1.36551,1.586695,31.0,33,18,XGBoost,xgb_probability,0.19263559579849243,,
Shriram ELSS Tax Saver Fund,2024-11-01,2024-12-01,,1.456944,-1.36551,2.822454,19.0,33,10,XGBoost,xgb_probability,0.5913515090942383,,
Shriram Flexi Cap Fund,2024-11-01,2024-12-01,,1.730334,-1.36551,3.095844,32.0,33,18,XGBoost,xgb_probability,0.057214364409446716,,
Sundaram ELSS Tax Saver Fund,2024-11-01,2024-12-01,,-0.538272,-1.36551,0.827238,33.0,33,19,XGBoost,xgb_probability,0.034112561494112015,,
UTI ELSS Tax Saver Fund,2024-11-01,2024-12-01,,-1.370693,-1.36551,-0.005183,23.0,33,13,XGBoost,xgb_probability,0.48174795508384705,,
UTI Flexi Cap Fund,2024-11-01,2024-12-01,,-0.622073,-1.36551,0.743437,16.0,33,9,XGBoost,xgb_probability,0.6139567494392395,,
UTI Value Fund,2024-11-01,2024-12-01,,-2.136573,-1.36551,-0.771063,27.0,33,15,XGBoost,xgb_probability,0.3044872283935547,,
Aditya Birla Sun Life ELSS Tax Saver Fund,2024-12-01,2025-01-01,,-4.208701,-3.470144,-0.738557,59.0,60,19,XGBoost,xgb_probability,0.013792341575026512,,
Aditya Birla Sun Life Flexi Cap Fund,2024-12-01,2025-01-01,,-3.919877,-3.470144,-0.449733,44.0,60,14,XGBoost,xgb_probability,0.11409249901771545,,
Axis ELSS Tax Saver Fund,2024-12-01,2025-01-01,,-3.643577,-3.470144,-0.173433,8.0,60,2,XGBoost,xgb_probability,0.7135215401649475,,
Axis Flexi Cap Fund,2024-12-01,2025-01-01,,-6.4036,-3.470144,-2.933456,41.0,60,13,XGBoost,xgb_probability,0.12415729463100433,,
Axis Focused Fund,2024-12-01,2025-01-01,,-4.879646,-3.470144,-1.409502,37.0,60,12,XGBoost,xgb_probability,0.1529233157634735,,
Baroda BNP Paribas ELSS Tax Saver Fund,2024-12-01,2025-01-01,,-6.285185,-3.470144,-2.815041,31.0,60,10,XGBoost,xgb_probability,0.22764907777309418,,
Baroda BNP Paribas Focused Fund,2024-12-01,2025-01-01,,-6.599403,-3.470144,-3.129259,17.0,60,5,XGBoost,xgb_probability,0.45307621359825134,,
DSP ELSS Tax Saver Fund,2024-12-01,2025-01-01,,-4.27113,-3.470144,-0.800986,20.0,60,6,XGBoost,xgb_probability,0.4039078950881958,,
DSP Flexi Cap Fund,2024-12-01,2025-01-01,,-5.1035,-3.470144,-1.633356,58.0,60,19,XGBoost,xgb_probability,0.018740015104413033,,
DSP Focused Fund,2024-12-01,2025-01-01,,-3.790168,-3.470144,-0.320024,9.0,60,2,XGBoost,xgb_probability,0.7106035947799683,,
Edelweiss ELSS Tax saver Fund,2024-12-01,2025-01-01,,-5.03479,-3.470144,-1.564646,40.0,60,13,XGBoost,xgb_probability,0.1328197717666626,,
Edelweiss Flexi Cap Fund,2024-12-01,2025-01-01,,-6.151445,-3.470144,-2.681301,14.0,60,4,XGBoost,xgb_probability,0.5817720890045166,,
Franklin India ELSS Tax Saver Fund,2024-12-01,2025-01-01,,-5.592759,-3.470144,-2.122615,24.0,60,7,XGBoost,xgb_probability,0.31966570019721985,,
Franklin India Flexi Cap Fund,2024-12-01,2025-01-01,,-5.41933,-3.470144,-1.949186,5.0,60,1,XGBoost,xgb_probability,0.7903316617012024,,
Franklin India Focused Equity Fund,2024-12-01,2025-01-01,,-4.566456,-3.470144,-1.096312,45.0,60,14,XGBoost,xgb_probability,0.10753411054611206,,
Franklin India Opportunities Fund,2024-12-01,2025-01-01,,-6.435277,-3.470144,-2.965133,21.0,60,6,XGBoost,xgb_probability,0.40107566118240356,,
HDFC ELSS Tax saver,2024-12-01,2025-01-01,,-2.568971,-3.470144,0.901173,32.0,60,10,XGBoost,xgb_probability,0.22566021978855133,,
HDFC Flexi Cap Fund,2024-12-01,2025-01-01,,-2.726904,-3.470144,0.74324,2.0,60,0,XGBoost,xgb_probability,0.8716002106666565,,
HDFC Focused Fund,2024-12-01,2025-01-01,,-2.74642,-3.470144,0.723724,1.0,60,0,XGBoost,xgb_probability,0.931337296962738,,
HDFC Value Fund,2024-12-01,2025-01-01,,-4.453804,-3.470144,-0.98366,7.0,60,2,XGBoost,xgb_probability,0.7449471950531006,,
HSBC Flexi Cap Fund,2024-12-01,2025-01-01,,-8.142979,-3.470144,-4.672835,16.0,60,5,XGBoost,xgb_probability,0.4669991135597229,,
HSBC Focused Fund,2024-12-01,2025-01-01,,-8.771084,-3.470144,-5.30094,55.0,60,18,XGBoost,xgb_probability,0.024407530203461647,,
HSBC Tax Saver Equity Fund,2024-12-01,2025-01-01,,-8.186671,-3.470144,-4.716527,33.0,60,10,XGBoost,xgb_probability,0.19805289804935455,,
ICICI Prudential ELSS Tax Saver Fund,2024-12-01,2025-01-01,,-2.786406,-3.470144,0.683738,15.0,60,4,XGBoost,xgb_probability,0.5010510087013245,,
ICICI Prudential India Opportunities Fund,2024-12-01,2025-01-01,,-1.291564,-3.470144,2.17858,38.0,60,12,XGBoost,xgb_probability,0.14795856177806854,,
ITI ELSS Tax Saver Fund,2024-12-01,2025-01-01,,-7.340815,-3.470144,-3.870671,29.0,60,9,XGBoost,xgb_probability,0.266552597284317,,
Kotak ELSS Tax Saver Fund,2024-12-01,2025-01-01,,-6.293276,-3.470144,-2.823132,42.0,60,13,XGBoost,xgb_probability,0.12274675071239471,,
Kotak Flexi Cap Fund,2024-12-01,2025-01-01,,-2.893887,-3.470144,0.576257,28.0,60,9,XGBoost,xgb_probability,0.27439382672309875,,
Kotak Focused Fund,2024-12-01,2025-01-01,,-4.014195,-3.470144,-0.544051,56.0,60,18,XGBoost,xgb_probability,0.02350802905857563,,
LIC MF ELSS Tax Saver,2024-12-01,2025-01-01,,-5.094073,-3.470144,-1.623929,22.0,60,7,XGBoost,xgb_probability,0.39777466654777527,,
LIC MF Flexi Cap Fund,2024-12-01,2025-01-01,,-6.824417,-3.470144,-3.354273,4.0,60,1,XGBoost,xgb_probability,0.8393594026565552,,
LIC MF Focused Fund,2024-12-01,2025-01-01,,-2.333221,-3.470144,1.136923,23.0,60,7,XGBoost,xgb_probability,0.36894598603248596,,
Mahindra Manulife ELSS Tax Saver Fund,2024-12-01,2025-01-01,,-3.35736,-3.470144,0.112784,30.0,60,9,XGBoost,xgb_probability,0.23559413850307465,,
Mahindra Manulife Focused Fund,2024-12-01,2025-01-01,,-1.582456,-3.470144,1.887688,25.0,60,8,XGBoost,xgb_probability,0.3193918466567993,,
Mirae Asset ELSS Tax Saver Fund,2024-12-01,2025-01-01,,-4.658138,-3.470144,-1.187994,19.0,60,6,XGBoost,xgb_probability,0.4326699376106262,,
Mirae Asset Focused Fund,2024-12-01,2025-01-01,,-6.363076,-3.470144,-2.892932,35.0,60,11,XGBoost,xgb_probability,0.18947657942771912,,
Motilal Oswal ELSS Tax Saver Fund,2024-12-01,2025-01-01,,-15.028961,-3.470144,-11.558817,11.0,60,3,XGBoost,xgb_probability,0.6577229499816895,,
Motilal Oswal Flexi Cap Fund,2024-12-01,2025-01-01,,-11.891417,-3.470144,-8.421273,12.0,60,3,XGBoost,xgb_probability,0.623220682144165,,
Motilal Oswal Focused Fund,2024-12-01,2025-01-01,,-9.702875,-3.470144,-6.232731,52.0,60,17,XGBoost,xgb_probability,0.039060987532138824,,
Navi Flexi Cap Fund,2024-12-01,2025-01-01,,-4.640898,-3.470144,-1.170754,10.0,60,3,XGBoost,xgb_probability,0.6581768989562988,,
Nippon India ELSS Tax Saver Fund,2024-12-01,2025-01-01,,-4.692683,-3.470144,-1.222539,18.0,60,5,XGBoost,xgb_probability,0.4516984820365906,,
Nippon India Value Fund,2024-12-01,2025-01-01,,-5.368608,-3.470144,-1.898464,34.0,60,11,XGBoost,xgb_probability,0.18995210528373718,,
Parag Parikh ELSS Tax Saver Fund,2024-12-01,2025-01-01,,-1.86081,-3.470144,1.609334,13.0,60,4,XGBoost,xgb_probability,0.6081835031509399,,
Parag Parikh Flexi Cap Fund,2024-12-01,2025-01-01,,-0.5807,-3.470144,2.889444,3.0,60,0,XGBoost,xgb_probability,0.8569849133491516,,
PGIM India ELSS Tax Saver Fund,2024-12-01,2025-01-01,,-4.616169,-3.470144,-1.146025,53.0,60,17,XGBoost,xgb_probability,0.03506851941347122,,
PGIM India Flexi Cap Fund,2024-12-01,2025-01-01,,-4.847747,-3.470144,-1.377603,50.0,60,16,XGBoost,xgb_probability,0.08182750642299652,,
Quant ELSS Tax Saver Fund,2024-12-01,2025-01-01,,-4.472322,-3.470144,-1.002178,27.0,60,8,XGBoost,xgb_probability,0.3054560720920563,,
Quant Focused Fund,2024-12-01,2025-01-01,,-1.981542,-3.470144,1.488602,6.0,60,1,XGBoost,xgb_probability,0.7752619981765747,,
Shriram ELSS Tax Saver Fund,2024-12-01,2025-01-01,,-12.464724,-3.470144,-8.99458,46.0,60,15,XGBoost,xgb_probability,0.10570530593395233,,
Shriram Flexi Cap Fund,2024-12-01,2025-01-01,,-12.756083,-3.470144,-9.285939,57.0,60,18,XGBoost,xgb_probability,0.021674131974577904,,
Sundaram ELSS Tax Saver Fund,2024-12-01,2025-01-01,,-3.942616,-3.470144,-0.472472,54.0,60,17,XGBoost,xgb_probability,0.027852937579154968,,
Sundaram Focused Fund,2024-12-01,2025-01-01,,-4.267578,-3.470144,-0.797434,48.0,60,15,XGBoost,xgb_probability,0.09584583342075348,,
Sundaram Value Fund,2024-12-01,2025-01-01,,-3.797437,-3.470144,-0.327293,49.0,60,16,XGBoost,xgb_probability,0.08523855358362198,,
Tata ELSS Fund,2024-12-01,2025-01-01,,-5.599734,-3.470144,-2.12959,60.0,60,19,XGBoost,xgb_probability,0.0032021135557442904,,
Tata Flexi Cap Fund,2024-12-01,2025-01-01,,-1.37659,-3.470144,2.093554,51.0,60,16,XGBoost,xgb_probability,0.05245421826839447,,
Tata Focused Fund,2024-12-01,2025-01-01,,-7.453829,-3.470144,-3.983685,39.0,60,12,XGBoost,xgb_probability,0.1471404880285263,,
Tata Value Fund,2024-12-01,2025-01-01,,-6.967372,-3.470144,-3.497228,36.0,60,11,XGBoost,xgb_probability,0.1556769162416458,,
UTI ELSS Tax Saver Fund,2024-12-01,2025-01-01,,-4.239837,-3.470144,-0.769693,47.0,60,15,XGBoost,xgb_probability,0.10403980314731598,,
UTI Flexi Cap Fund,2024-12-01,2025-01-01,,-3.951754,-3.470144,-0.48161,43.0,60,14,XGBoost,xgb_probability,0.11541710793972015,,
UTI Value Fund,2024-12-01,2025-01-01,,-3.000438,-3.470144,0.469706,26.0,60,8,XGBoost,xgb_probability,0.30633121728897095,,
Aditya Birla Sun Life Dividend Yield Fund,2025-01-01,2025-02-01,,-7.236039,-7.786369,0.55033,32.0,71,8,XGBoost,xgb_probability,0.15599723160266876,,
Aditya Birla Sun Life ELSS Tax Saver Fund,2025-01-01,2025-02-01,,-5.212483,-7.786369,2.573886,26.0,71,7,XGBoost,xgb_probability,0.210381418466568,,
Aditya Birla Sun Life Flexi Cap Fund,2025-01-01,2025-02-01,,-5.79981,-7.786369,1.986559,63.0,71,17,XGBoost,xgb_probability,0.0052706957794725895,,
Aditya Birla Sun Life Focused Fund,2025-01-01,2025-02-01,,-5.465014,-7.786369,2.321355,59.0,71,16,XGBoost,xgb_probability,0.01025560311973095,,
Axis ELSS Tax Saver Fund,2025-01-01,2025-02-01,,-5.338428,-7.786369,2.447941,57.0,71,15,XGBoost,xgb_probability,0.011428500525653362,,
Axis Flexi Cap Fund,2025-01-01,2025-02-01,,-7.540127,-7.786369,0.246242,64.0,71,17,XGBoost,xgb_probability,0.0035281928721815348,,
Axis Focused Fund,2025-01-01,2025-02-01,,-5.238508,-7.786369,2.547861,22.0,71,5,XGBoost,xgb_probability,0.23597905039787292,,
Axis Innovation Fund,2025-01-01,2025-02-01,,-6.07221,-7.786369,1.714159,43.0,71,11,XGBoost,xgb_probability,0.04667399823665619,,
Baroda BNP Paribas ELSS Tax Saver Fund,2025-01-01,2025-02-01,,-7.137244,-7.786369,0.649125,66.0,71,18,XGBoost,xgb_probability,0.002297889906913042,,
Baroda BNP Paribas Focused Fund,2025-01-01,2025-02-01,,-8.437424,-7.786369,-0.651055,51.0,71,14,XGBoost,xgb_probability,0.02704995684325695,,
DSP ELSS Tax Saver Fund,2025-01-01,2025-02-01,,-5.012894,-7.786369,2.773475,42.0,71,11,XGBoost,xgb_probability,0.05027471110224724,,
DSP Flexi Cap Fund,2025-01-01,2025-02-01,,-5.364658,-7.786369,2.421711,55.0,71,15,XGBoost,xgb_probability,0.016480745747685432,,
DSP Focused Fund,2025-01-01,2025-02-01,,-4.189949,-7.786369,3.59642,45.0,71,12,XGBoost,xgb_probability,0.04179920628666878,,
Edelweiss ELSS Tax saver Fund,2025-01-01,2025-02-01,,-7.284713,-7.786369,0.501656,41.0,71,11,XGBoost,xgb_probability,0.059763774275779724,,
Edelweiss Flexi Cap Fund,2025-01-01,2025-02-01,,-6.79194,-7.786369,0.994429,14.0,71,3,XGBoost,xgb_probability,0.377880334854126,,
Franklin India ELSS Tax Saver Fund,2025-01-01,2025-02-01,,-5.88627,-7.786369,1.900099,49.0,71,13,XGBoost,xgb_probability,0.032592564821243286,,
Franklin India Flexi Cap Fund,2025-01-01,2025-02-01,,-5.649296,-7.786369,2.137073,30.0,71,8,XGBoost,xgb_probability,0.1704360991716385,,
Franklin India Focused Equity Fund,2025-01-01,2025-02-01,,-4.508899,-7.786369,3.27747,18.0,71,4,XGBoost,xgb_probability,0.32143375277519226,,
Franklin India Opportunities Fund,2025-01-01,2025-02-01,,-9.034619,-7.786369,-1.24825,9.0,71,2,XGBoost,xgb_probability,0.4860047996044159,,
HDFC Dividend Yield Fund,2025-01-01,2025-02-01,,-6.882327,-7.786369,0.904042,10.0,71,2,XGBoost,xgb_probability,0.48169010877609253,,
HDFC ELSS Tax saver,2025-01-01,2025-02-01,,-3.811088,-7.786369,3.975281,6.0,71,1,XGBoost,xgb_probability,0.5866196751594543,,
HDFC Flexi Cap Fund,2025-01-01,2025-02-01,,-3.431157,-7.786369,4.355212,1.0,71,0,XGBoost,xgb_probability,0.9716517925262451,,
HDFC Focused Fund,2025-01-01,2025-02-01,,-2.837266,-7.786369,4.949103,2.0,71,0,XGBoost,xgb_probability,0.8322408199310303,,
HDFC Value Fund,2025-01-01,2025-02-01,,-6.176204,-7.786369,1.610165,39.0,71,10,XGBoost,xgb_probability,0.07210588455200195,,
HSBC Flexi Cap Fund,2025-01-01,2025-02-01,,-9.066471,-7.786369,-1.280102,54.0,71,14,XGBoost,xgb_probability,0.019605889916419983,,
HSBC Focused Fund,2025-01-01,2025-02-01,,-9.75888,-7.786369,-1.972511,61.0,71,16,XGBoost,xgb_probability,0.0073244632221758366,,
HSBC Tax Saver Equity Fund,2025-01-01,2025-02-01,,-9.119677,-7.786369,-1.333308,60.0,71,16,XGBoost,xgb_probability,0.00934523157775402,,
ICICI Prudential Dividend Yield Equity Fund,2025-01-01,2025-02-01,,-4.475367,-7.786369,3.311002,33.0,71,9,XGBoost,xgb_probability,0.15461485087871552,,
ICICI Prudential ELSS Tax Saver Fund,2025-01-01,2025-02-01,,-4.650715,-7.786369,3.135654,46.0,71,12,XGBoost,xgb_probability,0.034936368465423584,,
ICICI Prudential India Opportunities Fund,2025-01-01,2025-02-01,,-3.64819,-7.786369,4.138179,31.0,71,8,XGBoost,xgb_probability,0.1636567860841751,,
ICICI Prudential Value Fund,2025-01-01,2025-02-01,,-4.035028,-7.786369,3.751341,35.0,71,9,XGBoost,xgb_probability,0.11548405885696411,,
ITI ELSS Tax Saver Fund,2025-01-01,2025-02-01,,-7.145335,-7.786369,0.641034,21.0,71,5,XGBoost,xgb_probability,0.2446628361940384,,
Kotak Contra Fund,2025-01-01,2025-02-01,,-6.745531,-7.786369,1.040838,15.0,71,3,XGBoost,xgb_probability,0.37132924795150757,,
Kotak ELSS Tax Saver Fund,2025-01-01,2025-02-01,,-7.891379,-7.786369,-0.10501,4.0,71,0,XGBoost,xgb_probability,0.7477653622627258,,
Kotak Flexi Cap Fund,2025-01-01,2025-02-01,,-5.767472,-7.786369,2.018897,13.0,71,3,XGBoost,xgb_probability,0.381114661693573,,
Kotak Focused Fund,2025-01-01,2025-02-01,,-5.022978,-7.786369,2.763391,40.0,71,10,XGBoost,xgb_probability,0.06321143358945847,,
LIC MF Dividend Yield Fund,2025-01-01,2025-02-01,,-7.233696,-7.786369,0.552673,29.0,71,7,XGBoost,xgb_probability,0.17499582469463348,,
LIC MF ELSS Tax Saver,2025-01-01,2025-02-01,,-6.727254,-7.786369,1.059115,44.0,71,12,XGBoost,xgb_probability,0.04385165497660637,,
LIC MF Flexi Cap Fund,2025-01-01,2025-02-01,,-10.496342,-7.786369,-2.709973,19.0,71,5,XGBoost,xgb_probability,0.281265527009964,,
LIC MF Focused Fund,2025-01-01,2025-02-01,,-7.358125,-7.786369,0.428244,20.0,71,5,XGBoost,xgb_probability,0.24497529864311218,,
LIC MF Value Fund,2025-01-01,2025-02-01,,-12.490715,-7.786369,-4.704346,17.0,71,4,XGBoost,xgb_probability,0.35297828912734985,,
Mahindra Manulife ELSS Tax Saver Fund,2025-01-01,2025-02-01,,-5.199549,-7.786369,2.58682,16.0,71,4,XGBoost,xgb_probability,0.36113420128822327,,
Mahindra Manulife Focused Fund,2025-01-01,2025-02-01,,-4.373572,-7.786369,3.412797,25.0,71,6,XGBoost,xgb_probability,0.21839965879917145,,
Mirae Asset ELSS Tax Saver Fund,2025-01-01,2025-02-01,,-5.902226,-7.786369,1.884143,36.0,71,9,XGBoost,xgb_probability,0.10207100957632065,,
Mirae Asset Focused Fund,2025-01-01,2025-02-01,,-6.560497,-7.786369,1.225872,62.0,71,17,XGBoost,xgb_probability,0.00567949702963233,,
Motilal Oswal ELSS Tax Saver Fund,2025-01-01,2025-02-01,,-10.750704,-7.786369,-2.964335,12.0,71,3,XGBoost,xgb_probability,0.4250321686267853,,
Motilal Oswal Flexi Cap Fund,2025-01-01,2025-02-01,,-5.477515,-7.786369,2.308854,3.0,71,0,XGBoost,xgb_probability,0.764412522315979,,
Motilal Oswal Focused Fund,2025-01-01,2025-02-01,,-11.892751,-7.786369,-4.106382,38.0,71,10,XGBoost,xgb_probability,0.08149693161249161,,
Navi Flexi Cap Fund,2025-01-01,2025-02-01,,-7.579686,-7.786369,0.206683,34.0,71,9,XGBoost,xgb_probability,0.11568313837051392,,
Nippon India ELSS Tax Saver Fund,2025-01-01,2025-02-01,,-6.196526,-7.786369,1.589843,28.0,71,7,XGBoost,xgb_probability,0.17805595695972443,,
Nippon India Value Fund,2025-01-01,2025-02-01,,-5.449836,-7.786369,2.336533,50.0,71,13,XGBoost,xgb_probability,0.03232128918170929,,
Parag Parikh ELSS Tax Saver Fund,2025-01-01,2025-02-01,,-3.277708,-7.786369,4.508661,23.0,71,6,XGBoost,xgb_probability,0.23448461294174194,,
Parag Parikh Flexi Cap Fund,2025-01-01,2025-02-01,,-3.281699,-7.786369,4.50467,48.0,71,13,XGBoost,xgb_probability,0.03305990248918533,,
PGIM India ELSS Tax Saver Fund,2025-01-01,2025-02-01,,-5.899865,-7.786369,1.886504,69.0,71,19,XGBoost,xgb_probability,0.0009732744074426591,,
PGIM India Flexi Cap Fund,2025-01-01,2025-02-01,,-6.296968,-7.786369,1.489401,71.0,71,19,XGBoost,xgb_probability,0.0005005805869586766,,
Quant ELSS Tax Saver Fund,2025-01-01,2025-02-01,,-7.464985,-7.786369,0.321384,27.0,71,7,XGBoost,xgb_probability,0.1812015175819397,,
Quant Flexi Cap Fund,2025-01-01,2025-02-01,,-7.97638,-7.786369,-0.190011,37.0,71,10,XGBoost,xgb_probability,0.0989239513874054,,
Quant Focused Fund,2025-01-01,2025-02-01,,-7.564585,-7.786369,0.221784,7.0,71,1,XGBoost,xgb_probability,0.5389530658721924,,
Shriram ELSS Tax Saver Fund,2025-01-01,2025-02-01,,-7.029413,-7.786369,0.756956,8.0,71,1,XGBoost,xgb_probability,0.5386410355567932,,
Shriram Flexi Cap Fund,2025-01-01,2025-02-01,,-7.058566,-7.786369,0.727803,5.0,71,1,XGBoost,xgb_probability,0.658550500869751,,
Sundaram ELSS Tax Saver Fund,2025-01-01,2025-02-01,,-5.477455,-7.786369,2.308914,68.0,71,18,XGBoost,xgb_probability,0.0010092547163367271,,
Sundaram Focused Fund,2025-01-01,2025-02-01,,-4.291342,-7.786369,3.495027,52.0,71,14,XGBoost,xgb_probability,0.024114415049552917,,
Sundaram Value Fund,2025-01-01,2025-02-01,,-5.510104,-7.786369,2.276265,58.0,71,16,XGBoost,xgb_probability,0.010458860546350479,,
Tata ELSS Fund,2025-01-01,2025-02-01,,-6.747394,-7.786369,1.038975,70.0,71,19,XGBoost,xgb_probability,0.00093958800425753,,
Tata Flexi Cap Fund,2025-01-01,2025-02-01,,-4.391461,-7.786369,3.394908,53.0,71,14,XGBoost,xgb_probability,0.023963842540979385,,
Tata Focused Fund,2025-01-01,2025-02-01,,-4.993015,-7.786369,2.793354,24.0,71,6,XGBoost,xgb_probability,0.23334679007530212,,
Tata Value Fund,2025-01-01,2025-02-01,,-7.095713,-7.786369,0.690656,47.0,71,12,XGBoost,xgb_probability,0.03424832224845886,,
UTI Dividend Yield Fund,2025-01-01,2025-02-01,,-6.746851,-7.786369,1.039518,11.0,71,2,XGBoost,xgb_probability,0.4695776700973511,,
UTI ELSS Tax Saver Fund,2025-01-01,2025-02-01,,-5.968976,-7.786369,1.817393,56.0,71,15,XGBoost,xgb_probability,0.015199951827526093,,
UTI Flexi Cap Fund,2025-01-01,2025-02-01,,-5.510256,-7.786369,2.276113,67.0,71,18,XGBoost,xgb_probability,0.0020976108498871326,,
UTI Value Fund,2025-01-01,2025-02-01,,-5.561363,-7.786369,2.225006,65.0,71,18,XGBoost,xgb_probability,0.0027757473289966583,,
Aditya Birla Sun Life Dividend Yield Fund,2025-02-01,2025-03-01,,5.255744,7.352851,-2.097107,18.0,74,4,XGBoost,xgb_probability,0.5535421371459961,,
Aditya Birla Sun Life ELSS Tax Saver Fund,2025-02-01,2025-03-01,,6.742557,7.352851,-0.610294,19.0,74,4,XGBoost,xgb_probability,0.470137357711792,,
Aditya Birla Sun Life Flexi Cap Fund,2025-02-01,2025-03-01,,7.799285,7.352851,0.446434,57.0,74,15,XGBoost,xgb_probability,0.034015953540802,,
Aditya Birla Sun Life Focused Fund,2025-02-01,2025-03-01,,6.096442,7.352851,-1.256409,41.0,74,10,XGBoost,xgb_probability,0.11735057830810547,,
Aditya Birla Sun Life Value Fund,2025-02-01,2025-03-01,,9.259662,7.352851,1.906811,16.0,74,4,XGBoost,xgb_probability,0.6170977354049683,,
Axis ELSS Tax Saver Fund,2025-02-01,2025-03-01,,6.908471,7.352851,-0.44438,59.0,74,15,XGBoost,xgb_probability,0.026262657716870308,,
Axis Flexi Cap Fund,2025-02-01,2025-03-01,,8.437626,7.352851,1.084775,45.0,74,11,XGBoost,xgb_probability,0.08844178915023804,,
Axis Focused Fund,2025-02-01,2025-03-01,,7.541644,7.352851,0.188793,50.0,74,13,XGBoost,xgb_probability,0.05786389112472534,,
Axis Innovation Fund,2025-02-01,2025-03-01,,2.387886,7.352851,-4.964965,72.0,74,19,XGBoost,xgb_probability,0.0023457666393369436,,
Baroda BNP Paribas ELSS Tax Saver Fund,2025-02-01,2025-03-01,,7.757537,7.352851,0.404686,74.0,74,19,XGBoost,xgb_probability,0.0008232853142544627,,
Baroda BNP Paribas Focused Fund,2025-02-01,2025-03-01,,8.940257,7.352851,1.587406,23.0,74,5,XGBoost,xgb_probability,0.430738240480423,,
DSP ELSS Tax Saver Fund,2025-02-01,2025-03-01,,8.093573,7.352851,0.740722,52.0,74,13,XGBoost,xgb_probability,0.04820045456290245,,
DSP Flexi Cap Fund,2025-02-01,2025-03-01,,8.149299,7.352851,0.796448,62.0,74,16,XGBoost,xgb_probability,0.012209932319819927,,
DSP Focused Fund,2025-02-01,2025-03-01,,8.114076,7.352851,0.761225,65.0,74,17,XGBoost,xgb_probability,0.005299665033817291,,
Edelweiss ELSS Tax saver Fund,2025-02-01,2025-03-01,,7.641076,7.352851,0.288225,25.0,74,6,XGBoost,xgb_probability,0.42022985219955444,,
Edelweiss Flexi Cap Fund,2025-02-01,2025-03-01,,7.14892,7.352851,-0.203931,53.0,74,14,XGBoost,xgb_probability,0.045551300048828125,,
Franklin India ELSS Tax Saver Fund,2025-02-01,2025-03-01,,6.464294,7.352851,-0.888557,56.0,74,14,XGBoost,xgb_probability,0.03905961290001869,,
Franklin India Flexi Cap Fund,2025-02-01,2025-03-01,,6.580458,7.352851,-0.772393,40.0,74,10,XGBoost,xgb_probability,0.15541276335716248,,
Franklin India Focused Equity Fund,2025-02-01,2025-03-01,,4.345691,7.352851,-3.00716,26.0,74,6,XGBoost,xgb_probability,0.40438783168792725,,
Franklin India Opportunities Fund,2025-02-01,2025-03-01,,6.798842,7.352851,-0.554009,22.0,74,5,XGBoost,xgb_probability,0.43458011746406555,,
HDFC Dividend Yield Fund,2025-02-01,2025-03-01,,7.000614,7.352851,-0.352237,9.0,74,2,XGBoost,xgb_probability,0.7488024234771729,,
HDFC ELSS Tax saver,2025-02-01,2025-03-01,,6.4587,7.352851,-0.894151,17.0,74,4,XGBoost,xgb_probability,0.5867517590522766,,
HDFC Flexi Cap Fund,2025-02-01,2025-03-01,,6.490708,7.352851,-0.862143,28.0,74,7,XGBoost,xgb_probability,0.37407857179641724,,
HDFC Focused Fund,2025-02-01,2025-03-01,,6.031841,7.352851,-1.32101,27.0,74,7,XGBoost,xgb_probability,0.3933585584163666,,
HDFC Value Fund,2025-02-01,2025-03-01,,6.60474,7.352851,-0.748111,34.0,74,8,XGBoost,xgb_probability,0.2253638356924057,,
HSBC Flexi Cap Fund,2025-02-01,2025-03-01,,8.444021,7.352851,1.09117,32.0,74,8,XGBoost,xgb_probability,0.296915203332901,,
HSBC Focused Fund,2025-02-01,2025-03-01,,7.046254,7.352851,-0.306597,33.0,74,8,XGBoost,xgb_probability,0.26787155866622925,,
HSBC Tax Saver Equity Fund,2025-02-01,2025-03-01,,8.207526,7.352851,0.854675,73.0,74,19,XGBoost,xgb_probability,0.0014444468542933464,,
ICICI Prudential Business Cycle Fund,2025-02-01,2025-03-01,,7.509158,7.352851,0.156307,15.0,74,3,XGBoost,xgb_probability,0.6338978409767151,,
ICICI Prudential Dividend Yield Equity Fund,2025-02-01,2025-03-01,,7.440945,7.352851,0.088094,42.0,74,11,XGBoost,xgb_probability,0.11066320538520813,,
ICICI Prudential ELSS Tax Saver Fund,2025-02-01,2025-03-01,,7.240088,7.352851,-0.112763,38.0,74,10,XGBoost,xgb_probability,0.1753723919391632,,
ICICI Prudential India Opportunities Fund,2025-02-01,2025-03-01,,5.4887,7.352851,-1.864151,61.0,74,16,XGBoost,xgb_probability,0.015342648141086102,,
ICICI Prudential Value Fund,2025-02-01,2025-03-01,,5.928103,7.352851,-1.424748,46.0,74,12,XGBoost,xgb_probability,0.087086021900177,,
ITI ELSS Tax Saver Fund,2025-02-01,2025-03-01,,8.328144,7.352851,0.975293,13.0,74,3,XGBoost,xgb_probability,0.6880357265472412,,
Kotak Contra Fund,2025-02-01,2025-03-01,,7.392034,7.352851,0.039183,4.0,74,0,XGBoost,xgb_probability,0.8408939242362976,,
Kotak ELSS Tax Saver Fund,2025-02-01,2025-03-01,,7.595134,7.352851,0.242283,10.0,74,2,XGBoost,xgb_probability,0.7282841801643372,,
Kotak Flexi Cap Fund,2025-02-01,2025-03-01,,8.151917,7.352851,0.799066,36.0,74,9,XGBoost,xgb_probability,0.19598029553890228,,
Kotak Focused Fund,2025-02-01,2025-03-01,,6.544992,7.352851,-0.807859,37.0,74,9,XGBoost,xgb_probability,0.17934969067573547,,
LIC MF Dividend Yield Fund,2025-02-01,2025-03-01,,8.308985,7.352851,0.956134,30.0,74,7,XGBoost,xgb_probability,0.3391575217247009,,
LIC MF ELSS Tax Saver,2025-02-01,2025-03-01,,8.231762,7.352851,0.878911,71.0,74,18,XGBoost,xgb_probability,0.0024728772696107626,,
LIC MF Flexi Cap Fund,2025-02-01,2025-03-01,,5.215601,7.352851,-2.13725,2.0,74,0,XGBoost,xgb_probability,0.9055030941963196,,
LIC MF Focused Fund,2025-02-01,2025-03-01,,5.849669,7.352851,-1.503182,1.0,74,0,XGBoost,xgb_probability,0.9120727777481079,,
LIC MF Value Fund,2025-02-01,2025-03-01,,7.111829,7.352851,-0.241022,11.0,74,2,XGBoost,xgb_probability,0.7211815714836121,,
Mahindra Manulife ELSS Tax Saver Fund,2025-02-01,2025-03-01,,7.311465,7.352851,-0.041386,7.0,74,1,XGBoost,xgb_probability,0.7603881359100342,,
Mahindra Manulife Focused Fund,2025-02-01,2025-03-01,,6.389038,7.352851,-0.963813,14.0,74,3,XGBoost,xgb_probability,0.6784256100654602,,
Mirae Asset ELSS Tax Saver Fund,2025-02-01,2025-03-01,,6.849461,7.352851,-0.50339,20.0,74,5,XGBoost,xgb_probability,0.4469362497329712,,
Mirae Asset Focused Fund,2025-02-01,2025-03-01,,5.100599,7.352851,-2.252252,60.0,74,15,XGBoost,xgb_probability,0.02426043711602688,,
Motilal Oswal ELSS Tax Saver Fund,2025-02-01,2025-03-01,,10.686443,7.352851,3.333592,24.0,74,6,XGBoost,xgb_probability,0.4289758801460266,,
Motilal Oswal Flexi Cap Fund,2025-02-01,2025-03-01,,8.214007,7.352851,0.861156,55.0,74,14,XGBoost,xgb_probability,0.04089983180165291,,
Motilal Oswal Focused Fund,2025-02-01,2025-03-01,,8.447434,7.352851,1.094583,6.0,74,1,XGBoost,xgb_probability,0.813213586807251,,
Navi Flexi Cap Fund,2025-02-01,2025-03-01,,6.356716,7.352851,-0.996135,5.0,74,1,XGBoost,xgb_probability,0.8181895017623901,,
Nippon India ELSS Tax Saver Fund,2025-02-01,2025-03-01,,8.791235,7.352851,1.438384,21.0,74,5,XGBoost,xgb_probability,0.438842236995697,,
Nippon India Value Fund,2025-02-01,2025-03-01,,6.203603,7.352851,-1.149248,51.0,74,13,XGBoost,xgb_probability,0.05110817030072212,,
Parag Parikh ELSS Tax Saver Fund,2025-02-01,2025-03-01,,5.359819,7.352851,-1.993032,31.0,74,8,XGBoost,xgb_probability,0.33779627084732056,,
Parag Parikh Flexi Cap Fund,2025-02-01,2025-03-01,,2.765318,7.352851,-4.587533,58.0,74,15,XGBoost,xgb_probability,0.033779457211494446,,
PGIM India ELSS Tax Saver Fund,2025-02-01,2025-03-01,,6.586137,7.352851,-0.766714,70.0,74,18,XGBoost,xgb_probability,0.0026187654584646225,,
PGIM India Flexi Cap Fund,2025-02-01,2025-03-01,,7.27323,7.352851,-0.079621,63.0,74,16,XGBoost,xgb_probability,0.011995811015367508,,
Quant ELSS Tax Saver Fund,2025-02-01,2025-03-01,,8.134465,7.352851,0.781614,29.0,74,7,XGBoost,xgb_probability,0.3612444996833801,,
Quant Flexi Cap Fund,2025-02-01,2025-03-01,,8.766317,7.352851,1.413466,3.0,74,0,XGBoost,xgb_probability,0.8794300556182861,,
Quant Focused Fund,2025-02-01,2025-03-01,,6.028886,7.352851,-1.323965,8.0,74,1,XGBoost,xgb_probability,0.7542009353637695,,
Shriram ELSS Tax Saver Fund,2025-02-01,2025-03-01,,7.61167,7.352851,0.258819,35.0,74,9,XGBoost,xgb_probability,0.20153138041496277,,
Shriram Flexi Cap Fund,2025-02-01,2025-03-01,,7.845072,7.352851,0.492221,39.0,74,10,XGBoost,xgb_probability,0.17358365654945374,,
Sundaram Dividend Yield Fund,2025-02-01,2025-03-01,,7.614261,7.352851,0.26141,12.0,74,2,XGBoost,xgb_probability,0.7039937973022461,,
Sundaram ELSS Tax Saver Fund,2025-02-01,2025-03-01,,6.327295,7.352851,-1.025556,69.0,74,18,XGBoost,xgb_probability,0.003178471466526389,,
Sundaram Focused Fund,2025-02-01,2025-03-01,,3.473231,7.352851,-3.87962,43.0,74,11,XGBoost,xgb_probability,0.10221076756715775,,
Sundaram Value Fund,2025-02-01,2025-03-01,,6.030436,7.352851,-1.322415,67.0,74,17,XGBoost,xgb_probability,0.004700350575149059,,
Tata ELSS Fund,2025-02-01,2025-03-01,,5.425492,7.352851,-1.927359,47.0,74,12,XGBoost,xgb_probability,0.08595374971628189,,
Tata Flexi Cap Fund,2025-02-01,2025-03-01,,5.47014,7.352851,-1.882711,68.0,74,18,XGBoost,xgb_probability,0.003915874287486076,,
Tata Focused Fund,2025-02-01,2025-03-01,,4.232243,7.352851,-3.120608,44.0,74,11,XGBoost,xgb_probability,0.09280076622962952,,
Tata Value Fund,2025-02-01,2025-03-01,,6.698339,7.352851,-0.654512,54.0,74,14,XGBoost,xgb_probability,0.04435792937874794,,
UTI Dividend Yield Fund,2025-02-01,2025-03-01,,6.358923,7.352851,-0.993928,49.0,74,12,XGBoost,xgb_probability,0.05841017886996269,,
UTI ELSS Tax Saver Fund,2025-02-01,2025-03-01,,6.236512,7.352851,-1.116339,48.0,74,12,XGBoost,xgb_probability,0.08039356023073196,,
UTI Flexi Cap Fund,2025-02-01,2025-03-01,,5.040053,7.352851,-2.312798,64.0,74,17,XGBoost,xgb_probability,0.009509640745818615,,
UTI Value Fund,2025-02-01,2025-03-01,,5.887251,7.352851,-1.4656,66.0,74,17,XGBoost,xgb_probability,0.004886286798864603,,
Aditya Birla Sun Life Dividend Yield Fund,2025-03-01,2025-04-01,,0.723986,3.251256,-2.52727,13.0,75,3,XGBoost,xgb_probability,0.25236210227012634,,
Aditya Birla Sun Life ELSS Tax Saver Fund,2025-03-01,2025-04-01,,3.150123,3.251256,-0.101133,48.0,75,12,XGBoost,xgb_probability,0.004634147975593805,,
Aditya Birla Sun Life Flexi Cap Fund,2025-03-01,2025-04-01,,3.575423,3.251256,0.324167,56.0,75,14,XGBoost,xgb_probability,0.00169320497661829,,
Aditya Birla Sun Life Focused Fund,2025-03-01,2025-04-01,,3.551765,3.251256,0.300509,59.0,75,15,XGBoost,xgb_probability,0.001230902737006545,,
Aditya Birla Sun Life Value Fund,2025-03-01,2025-04-01,,0.553011,3.251256,-2.698245,29.0,75,7,XGBoost,xgb_probability,0.03607498109340668,,
Axis ELSS Tax Saver Fund,2025-03-01,2025-04-01,,3.088769,3.251256,-0.162487,65.0,75,17,XGBoost,xgb_probability,0.0005684347124770284,,
Axis Flexi Cap Fund,2025-03-01,2025-04-01,,2.792256,3.251256,-0.459,74.0,75,19,XGBoost,xgb_probability,6.297219806583598e-05,,
Axis Focused Fund,2025-03-01,2025-04-01,,3.285106,3.251256,0.03385,69.0,75,18,XGBoost,xgb_probability,0.0002770463761407882,,
Axis Innovation Fund,2025-03-01,2025-04-01,,3.356086,3.251256,0.10483,17.0,75,4,XGBoost,xgb_probability,0.19092543423175812,,
Baroda BNP Paribas ELSS Tax Saver Fund,2025-03-01,2025-04-01,,2.904757,3.251256,-0.346499,75.0,75,19,XGBoost,xgb_probability,4.231632192386314e-05,,
Baroda BNP Paribas Focused Fund,2025-03-01,2025-04-01,,5.450846,3.251256,2.19959,35.0,75,9,XGBoost,xgb_probability,0.01673956960439682,,
DSP ELSS Tax Saver Fund,2025-03-01,2025-04-01,,2.754592,3.251256,-0.496664,31.0,75,8,XGBoost,xgb_probability,0.03235181048512459,,
DSP Flexi Cap Fund,2025-03-01,2025-04-01,,1.800719,3.251256,-1.450537,61.0,75,16,XGBoost,xgb_probability,0.0008164739701896906,,
DSP Focused Fund,2025-03-01,2025-04-01,,1.237758,3.251256,-2.013498,66.0,75,17,XGBoost,xgb_probability,0.000530837569385767,,
DSP Value Fund,2025-03-01,2025-04-01,,0.682181,3.251256,-2.569075,26.0,75,6,XGBoost,xgb_probability,0.04848375916481018,,
Edelweiss ELSS Tax saver Fund,2025-03-01,2025-04-01,,2.474916,3.251256,-0.77634,51.0,75,13,XGBoost,xgb_probability,0.0029146771412342787,,
Edelweiss Flexi Cap Fund,2025-03-01,2025-04-01,,3.087169,3.251256,-0.164087,46.0,75,12,XGBoost,xgb_probability,0.006591410841792822,,
Franklin India ELSS Tax Saver Fund,2025-03-01,2025-04-01,,4.088567,3.251256,0.837311,57.0,75,14,XGBoost,xgb_probability,0.0016134921461343765,,
Franklin India Flexi Cap Fund,2025-03-01,2025-04-01,,4.226786,3.251256,0.97553,33.0,75,8,XGBoost,xgb_probability,0.0171186625957489,,
Franklin India Focused Equity Fund,2025-03-01,2025-04-01,,4.899818,3.251256,1.648562,7.0,75,1,XGBoost,xgb_probability,0.7088453769683838,,
Franklin India Opportunities Fund,2025-03-01,2025-04-01,,4.337862,3.251256,1.086606,43.0,75,11,XGBoost,xgb_probability,0.007826371118426323,,
HDFC Dividend Yield Fund,2025-03-01,2025-04-01,,3.111421,3.251256,-0.139835,5.0,75,1,XGBoost,xgb_probability,0.725031852722168,,
HDFC ELSS Tax saver,2025-03-01,2025-04-01,,4.437692,3.251256,1.186436,27.0,75,6,XGBoost,xgb_probability,0.03783079609274864,,
HDFC Flexi Cap Fund,2025-03-01,2025-04-01,,4.101172,3.251256,0.849916,34.0,75,8,XGBoost,xgb_probability,0.017060207203030586,,
HDFC Focused Fund,2025-03-01,2025-04-01,,3.597155,3.251256,0.345899,49.0,75,12,XGBoost,xgb_probability,0.0044103204272687435,,
HDFC Value Fund,2025-03-01,2025-04-01,,4.895407,3.251256,1.644151,47.0,75,12,XGBoost,xgb_probability,0.006588302087038755,,
HSBC Flexi Cap Fund,2025-03-01,2025-04-01,,2.953316,3.251256,-0.29794,71.0,75,18,XGBoost,xgb_probability,0.00021003243455197662,,
HSBC Focused Fund,2025-03-01,2025-04-01,,2.221178,3.251256,-1.030078,63.0,75,16,XGBoost,xgb_probability,0.0005970541969873011,,
HSBC Tax Saver Equity Fund,2025-03-01,2025-04-01,,4.313425,3.251256,1.062169,72.0,75,18,XGBoost,xgb_probability,0.00013221030530985445,,
ICICI Prudential Business Cycle Fund,2025-03-01,2025-04-01,,3.534923,3.251256,0.283667,24.0,75,6,XGBoost,xgb_probability,0.06570295989513397,,
ICICI Prudential Dividend Yield Equity Fund,2025-03-01,2025-04-01,,3.206303,3.251256,-0.044953,9.0,75,2,XGBoost,xgb_probability,0.3951084315776825,,
ICICI Prudential ELSS Tax Saver Fund,2025-03-01,2025-04-01,,3.898955,3.251256,0.647699,54.0,75,14,XGBoost,xgb_probability,0.0024560531601309776,,
ICICI Prudential India Opportunities Fund,2025-03-01,2025-04-01,,4.09015,3.251256,0.838894,30.0,75,7,XGBoost,xgb_probability,0.034011971205472946,,
ICICI Prudential Value Fund,2025-03-01,2025-04-01,,3.460431,3.251256,0.209175,42.0,75,10,XGBoost,xgb_probability,0.010508604347705841,,
ITI ELSS Tax Saver Fund,2025-03-01,2025-04-01,,1.688847,3.251256,-1.562409,45.0,75,11,XGBoost,xgb_probability,0.0070215798914432526,,
Kotak Contra Fund,2025-03-01,2025-04-01,,2.281793,3.251256,-0.969463,38.0,75,9,XGBoost,xgb_probability,0.015487637370824814,,
Kotak ELSS Tax Saver Fund,2025-03-01,2025-04-01,,3.639743,3.251256,0.388487,40.0,75,10,XGBoost,xgb_probability,0.01096928771585226,,
Kotak Flexi Cap Fund,2025-03-01,2025-04-01,,3.448395,3.251256,0.197139,53.0,75,13,XGBoost,xgb_probability,0.0025485511869192123,,
Kotak Focused Fund,2025-03-01,2025-04-01,,2.967891,3.251256,-0.283365,60.0,75,15,XGBoost,xgb_probability,0.0008995016687549651,,
LIC MF Dividend Yield Fund,2025-03-01,2025-04-01,,1.975731,3.251256,-1.275525,25.0,75,6,XGBoost,xgb_probability,0.05109364539384842,,
LIC MF ELSS Tax Saver,2025-03-01,2025-04-01,,0.411887,3.251256,-2.839369,70.0,75,18,XGBoost,xgb_probability,0.0002354880707571283,,
LIC MF Flexi Cap Fund,2025-03-01,2025-04-01,,0.900648,3.251256,-2.350608,1.0,75,0,XGBoost,xgb_probability,0.8263852596282959,,
LIC MF Focused Fund,2025-03-01,2025-04-01,,4.009592,3.251256,0.758336,15.0,75,3,XGBoost,xgb_probability,0.22649721801280975,,
LIC MF Value Fund,2025-03-01,2025-04-01,,-0.189849,3.251256,-3.441105,12.0,75,2,XGBoost,xgb_probability,0.2534567713737488,,
Mahindra Manulife ELSS Tax Saver Fund,2025-03-01,2025-04-01,,3.438636,3.251256,0.18738,52.0,75,13,XGBoost,xgb_probability,0.00270647881552577,,
Mahindra Manulife Focused Fund,2025-03-01,2025-04-01,,3.032643,3.251256,-0.218613,2.0,75,0,XGBoost,xgb_probability,0.7581289410591125,,
Mirae Asset ELSS Tax Saver Fund,2025-03-01,2025-04-01,,3.750225,3.251256,0.498969,28.0,75,7,XGBoost,xgb_probability,0.037774279713630676,,
Mirae Asset Focused Fund,2025-03-01,2025-04-01,,3.907764,3.251256,0.656508,32.0,75,8,XGBoost,xgb_probability,0.02779192477464676,,
Motilal Oswal ELSS Tax Saver Fund,2025-03-01,2025-04-01,,1.690359,3.251256,-1.560897,55.0,75,14,XGBoost,xgb_probability,0.0019116675248369575,,
Motilal Oswal Flexi Cap Fund,2025-03-01,2025-04-01,,0.232298,3.251256,-3.018958,58.0,75,15,XGBoost,xgb_probability,0.0013250937918201089,,
Motilal Oswal Focused Fund,2025-03-01,2025-04-01,,0.676019,3.251256,-2.575237,20.0,75,5,XGBoost,xgb_probability,0.15754076838493347,,
Navi Flexi Cap Fund,2025-03-01,2025-04-01,,1.552898,3.251256,-1.698358,23.0,75,5,XGBoost,xgb_probability,0.0876067653298378,,
Nippon India ELSS Tax Saver Fund,2025-03-01,2025-04-01,,3.123557,3.251256,-0.127699,64.0,75,16,XGBoost,xgb_probability,0.0005705685471184552,,
Nippon India Value Fund,2025-03-01,2025-04-01,,3.235885,3.251256,-0.015371,16.0,75,4,XGBoost,xgb_probability,0.21938391029834747,,
Parag Parikh ELSS Tax Saver Fund,2025-03-01,2025-04-01,,1.682883,3.251256,-1.568373,19.0,75,4,XGBoost,xgb_probability,0.18309669196605682,,
Parag Parikh Flexi Cap Fund,2025-03-01,2025-04-01,,1.878553,3.251256,-1.372703,10.0,75,2,XGBoost,xgb_probability,0.3591802716255188,,
PGIM India ELSS Tax Saver Fund,2025-03-01,2025-04-01,,3.804641,3.251256,0.553385,67.0,75,17,XGBoost,xgb_probability,0.0003374290536157787,,
PGIM India Flexi Cap Fund,2025-03-01,2025-04-01,,3.402939,3.251256,0.151683,73.0,75,19,XGBoost,xgb_probability,6.346273585222661e-05,,
Quant ELSS Tax Saver Fund,2025-03-01,2025-04-01,,3.550288,3.251256,0.299032,11.0,75,2,XGBoost,xgb_probability,0.3348672688007355,,
Quant Flexi Cap Fund,2025-03-01,2025-04-01,,3.578566,3.251256,0.32731,6.0,75,1,XGBoost,xgb_probability,0.7100936770439148,,
Quant Focused Fund,2025-03-01,2025-04-01,,2.298942,3.251256,-0.952314,3.0,75,0,XGBoost,xgb_probability,0.7535544037818909,,
Shriram ELSS Tax Saver Fund,2025-03-01,2025-04-01,,1.285968,3.251256,-1.965288,41.0,75,10,XGBoost,xgb_probability,0.010613048449158669,,
Shriram Flexi Cap Fund,2025-03-01,2025-04-01,,1.322701,3.251256,-1.928555,37.0,75,9,XGBoost,xgb_probability,0.015568357892334461,,
Sundaram Dividend Yield Fund,2025-03-01,2025-04-01,,2.42101,3.251256,-0.830246,8.0,75,1,XGBoost,xgb_probability,0.5771140456199646,,
Sundaram ELSS Tax Saver Fund,2025-03-01,2025-04-01,,3.38182,3.251256,0.130564,62.0,75,16,XGBoost,xgb_probability,0.0006054792902432382,,
Sundaram Focused Fund,2025-03-01,2025-04-01,,1.775585,3.251256,-1.475671,18.0,75,4,XGBoost,xgb_probability,0.18777607381343842,,
Sundaram Value Fund,2025-03-01,2025-04-01,,3.464306,3.251256,0.21305,68.0,75,17,XGBoost,xgb_probability,0.00028701245901174843,,
Tata ELSS Fund,2025-03-01,2025-04-01,,-77.325687,3.251256,-80.576943,22.0,75,5,XGBoost,xgb_probability,0.09404125809669495,,
Tata Flexi Cap Fund,2025-03-01,2025-04-01,,4.572775,3.251256,1.321519,44.0,75,11,XGBoost,xgb_probability,0.007744316477328539,,
Tata Focused Fund,2025-03-01,2025-04-01,,2.938535,3.251256,-0.312721,4.0,75,0,XGBoost,xgb_probability,0.7532634735107422,,
Tata Value Fund,2025-03-01,2025-04-01,,2.484419,3.251256,-0.766837,21.0,75,5,XGBoost,xgb_probability,0.1508161425590515,,
UTI Dividend Yield Fund,2025-03-01,2025-04-01,,2.383853,3.251256,-0.867403,14.0,75,3,XGBoost,xgb_probability,0.23490965366363525,,
UTI ELSS Tax Saver Fund,2025-03-01,2025-04-01,,3.191272,3.251256,-0.059984,50.0,75,13,XGBoost,xgb_probability,0.004111430607736111,,
UTI Flexi Cap Fund,2025-03-01,2025-04-01,,3.451552,3.251256,0.200296,39.0,75,10,XGBoost,xgb_probability,0.012748177163302898,,
UTI Value Fund,2025-03-01,2025-04-01,,2.683566,3.251256,-0.56769,36.0,75,9,XGBoost,xgb_probability,0.016300788149237633,,
Aditya Birla Sun Life Dividend Yield Fund,2025-04-01,2025-05-01,,4.277842,3.652402,0.62544,16.0,75,4,XGBoost,xgb_probability,0.7060588002204895,,
Aditya Birla Sun Life ELSS Tax Saver Fund,2025-04-01,2025-05-01,,4.66041,3.652402,1.008008,24.0,75,6,XGBoost,xgb_probability,0.6687424778938293,,
Aditya Birla Sun Life Flexi Cap Fund,2025-04-01,2025-05-01,,3.014799,3.652402,-0.637603,68.0,75,17,XGBoost,xgb_probability,0.2734677195549011,,
Aditya Birla Sun Life Focused Fund,2025-04-01,2025-05-01,,2.618279,3.652402,-1.034123,6.0,75,1,XGBoost,xgb_probability,0.8188971281051636,,
Aditya Birla Sun Life Value Fund,2025-04-01,2025-05-01,,6.061452,3.652402,2.40905,3.0,75,0,XGBoost,xgb_probability,0.8656258583068848,,
Axis ELSS Tax Saver Fund,2025-04-01,2025-05-01,,2.228007,3.652402,-1.424395,59.0,75,15,XGBoost,xgb_probability,0.3781684637069702,,
Axis Flexi Cap Fund,2025-04-01,2025-05-01,,4.273814,3.652402,0.621412,22.0,75,5,XGBoost,xgb_probability,0.67514568567276,,
Axis Focused Fund,2025-04-01,2025-05-01,,2.966381,3.652402,-0.686021,14.0,75,3,XGBoost,xgb_probability,0.7307072877883911,,
Axis Innovation Fund,2025-04-01,2025-05-01,,5.668685,3.652402,2.016283,60.0,75,15,XGBoost,xgb_probability,0.3448154926300049,,
Baroda BNP Paribas ELSS Tax Saver Fund,2025-04-01,2025-05-01,,3.628056,3.652402,-0.024346,57.0,75,14,XGBoost,xgb_probability,0.38597580790519714,,
Baroda BNP Paribas Focused Fund,2025-04-01,2025-05-01,,2.495407,3.652402,-1.156995,32.0,75,8,XGBoost,xgb_probability,0.6212022304534912,,
DSP ELSS Tax Saver Fund,2025-04-01,2025-05-01,,2.525381,3.652402,-1.127021,74.0,75,19,XGBoost,xgb_probability,0.09566749632358551,,
DSP Flexi Cap Fund,2025-04-01,2025-05-01,,4.236796,3.652402,0.584394,38.0,75,9,XGBoost,xgb_probability,0.5856490731239319,,
DSP Focused Fund,2025-04-01,2025-05-01,,4.085187,3.652402,0.432785,63.0,75,16,XGBoost,xgb_probability,0.3168126046657562,,
DSP Value Fund,2025-04-01,2025-05-01,,4.440173,3.652402,0.787771,12.0,75,2,XGBoost,xgb_probability,0.7543701529502869,,
Edelweiss ELSS Tax saver Fund,2025-04-01,2025-05-01,,3.891971,3.652402,0.239569,53.0,75,13,XGBoost,xgb_probability,0.45471885800361633,,
Edelweiss Flexi Cap Fund,2025-04-01,2025-05-01,,2.485591,3.652402,-1.166811,18.0,75,4,XGBoost,xgb_probability,0.7003293633460999,,
Franklin India ELSS Tax Saver Fund,2025-04-01,2025-05-01,,2.415297,3.652402,-1.237105,9.0,75,2,XGBoost,xgb_probability,0.7869554758071899,,
Franklin India Flexi Cap Fund,2025-04-01,2025-05-01,,2.437813,3.652402,-1.214589,33.0,75,8,XGBoost,xgb_probability,0.6092628240585327,,
Franklin India Focused Equity Fund,2025-04-01,2025-05-01,,1.662454,3.652402,-1.989948,10.0,75,2,XGBoost,xgb_probability,0.7796093225479126,,
Franklin India Opportunities Fund,2025-04-01,2025-05-01,,3.955008,3.652402,0.302606,20.0,75,5,XGBoost,xgb_probability,0.6836438775062561,,
HDFC Dividend Yield Fund,2025-04-01,2025-05-01,,3.403173,3.652402,-0.249229,69.0,75,18,XGBoost,xgb_probability,0.2660773992538452,,
HDFC ELSS Tax saver,2025-04-01,2025-05-01,,1.580342,3.652402,-2.07206,11.0,75,2,XGBoost,xgb_probability,0.776509702205658,,
HDFC Flexi Cap Fund,2025-04-01,2025-05-01,,1.365654,3.652402,-2.286748,23.0,75,5,XGBoost,xgb_probability,0.6735858917236328,,
HDFC Focused Fund,2025-04-01,2025-05-01,,1.898383,3.652402,-1.754019,56.0,75,14,XGBoost,xgb_probability,0.3906703293323517,,
HDFC Value Fund,2025-04-01,2025-05-01,,2.747091,3.652402,-0.905311,37.0,75,9,XGBoost,xgb_probability,0.5858194231987,,
HSBC Flexi Cap Fund,2025-04-01,2025-05-01,,5.08508,3.652402,1.432678,75.0,75,19,XGBoost,xgb_probability,0.08972122520208359,,
HSBC Focused Fund,2025-04-01,2025-05-01,,5.43859,3.652402,1.786188,70.0,75,18,XGBoost,xgb_probability,0.24614569544792175,,
HSBC Tax Saver Equity Fund,2025-04-01,2025-05-01,,4.468728,3.652402,0.816326,47.0,75,12,XGBoost,xgb_probability,0.5138165950775146,,
ICICI Prudential Business Cycle Fund,2025-04-01,2025-05-01,,3.373097,3.652402,-0.279305,45.0,75,11,XGBoost,xgb_probability,0.5276713967323303,,
ICICI Prudential Dividend Yield Equity Fund,2025-04-01,2025-05-01,,1.40245,3.652402,-2.249952,28.0,75,7,XGBoost,xgb_probability,0.6383101344108582,,
ICICI Prudential ELSS Tax Saver Fund,2025-04-01,2025-05-01,,2.226024,3.652402,-1.426378,40.0,75,10,XGBoost,xgb_probability,0.5757257342338562,,
ICICI Prudential India Opportunities Fund,2025-04-01,2025-05-01,,2.298851,3.652402,-1.353551,61.0,75,16,XGBoost,xgb_probability,0.3316960632801056,,
ICICI Prudential Value Fund,2025-04-01,2025-05-01,,2.501966,3.652402,-1.150436,8.0,75,1,XGBoost,xgb_probability,0.7900497317314148,,
ITI ELSS Tax Saver Fund,2025-04-01,2025-05-01,,8.995687,3.652402,5.343285,67.0,75,17,XGBoost,xgb_probability,0.2760797441005707,,
Kotak Contra Fund,2025-04-01,2025-05-01,,4.271928,3.652402,0.619526,64.0,75,16,XGBoost,xgb_probability,0.31345033645629883,,
Kotak ELSS Tax Saver Fund,2025-04-01,2025-05-01,,3.304604,3.652402,-0.347798,44.0,75,11,XGBoost,xgb_probability,0.5299397110939026,,
Kotak Flexi Cap Fund,2025-04-01,2025-05-01,,4.251865,3.652402,0.599463,27.0,75,6,XGBoost,xgb_probability,0.6477411389350891,,
Kotak Focused Fund,2025-04-01,2025-05-01,,3.385306,3.652402,-0.267096,51.0,75,13,XGBoost,xgb_probability,0.48638689517974854,,
LIC MF Dividend Yield Fund,2025-04-01,2025-05-01,,6.901667,3.652402,3.249265,73.0,75,19,XGBoost,xgb_probability,0.15903273224830627,,
LIC MF ELSS Tax Saver,2025-04-01,2025-05-01,,2.936625,3.652402,-0.715777,5.0,75,1,XGBoost,xgb_probability,0.8218346238136292,,
LIC MF Flexi Cap Fund,2025-04-01,2025-05-01,,6.017997,3.652402,2.365595,43.0,75,11,XGBoost,xgb_probability,0.5308243036270142,,
LIC MF Focused Fund,2025-04-01,2025-05-01,,6.265645,3.652402,2.613243,35.0,75,9,XGBoost,xgb_probability,0.604650616645813,,
LIC MF Value Fund,2025-04-01,2025-05-01,,7.391871,3.652402,3.739469,34.0,75,8,XGBoost,xgb_probability,0.6050363183021545,,
Mahindra Manulife ELSS Tax Saver Fund,2025-04-01,2025-05-01,,3.339705,3.652402,-0.312697,46.0,75,12,XGBoost,xgb_probability,0.5216947197914124,,
Mahindra Manulife Focused Fund,2025-04-01,2025-05-01,,1.505592,3.652402,-2.14681,49.0,75,12,XGBoost,xgb_probability,0.4951314330101013,,
Mirae Asset ELSS Tax Saver Fund,2025-04-01,2025-05-01,,3.630089,3.652402,-0.022313,66.0,75,17,XGBoost,xgb_probability,0.28434139490127563,,
Mirae Asset Focused Fund,2025-04-01,2025-05-01,,4.754292,3.652402,1.10189,39.0,75,10,XGBoost,xgb_probability,0.581153929233551,,
Motilal Oswal ELSS Tax Saver Fund,2025-04-01,2025-05-01,,11.835143,3.652402,8.182741,62.0,75,16,XGBoost,xgb_probability,0.3298567831516266,,
Motilal Oswal Flexi Cap Fund,2025-04-01,2025-05-01,,5.026894,3.652402,1.374492,2.0,75,0,XGBoost,xgb_probability,0.8844965100288391,,
Motilal Oswal Focused Fund,2025-04-01,2025-05-01,,12.540357,3.652402,8.887955,58.0,75,15,XGBoost,xgb_probability,0.3828371465206146,,
Navi Flexi Cap Fund,2025-04-01,2025-05-01,,5.282337,3.652402,1.629935,41.0,75,10,XGBoost,xgb_probability,0.568722128868103,,
Nippon India ELSS Tax Saver Fund,2025-04-01,2025-05-01,,4.085546,3.652402,0.433144,55.0,75,14,XGBoost,xgb_probability,0.40739119052886963,,
Nippon India Value Fund,2025-04-01,2025-05-01,,3.332376,3.652402,-0.320026,72.0,75,18,XGBoost,xgb_probability,0.1664288192987442,,
Parag Parikh ELSS Tax Saver Fund,2025-04-01,2025-05-01,,2.67236,3.652402,-0.980042,19.0,75,4,XGBoost,xgb_probability,0.6960089206695557,,
Parag Parikh Flexi Cap Fund,2025-04-01,2025-05-01,,2.713818,3.652402,-0.938584,7.0,75,1,XGBoost,xgb_probability,0.8091510534286499,,
PGIM India ELSS Tax Saver Fund,2025-04-01,2025-05-01,,1.663634,3.652402,-1.988768,17.0,75,4,XGBoost,xgb_probability,0.7031510472297668,,
PGIM India Flexi Cap Fund,2025-04-01,2025-05-01,,2.468212,3.652402,-1.18419,13.0,75,3,XGBoost,xgb_probability,0.7462709546089172,,
Quant ELSS Tax Saver Fund,2025-04-01,2025-05-01,,3.587392,3.652402,-0.06501,54.0,75,14,XGBoost,xgb_probability,0.43234047293663025,,
Quant Flexi Cap Fund,2025-04-01,2025-05-01,,2.133502,3.652402,-1.5189,50.0,75,13,XGBoost,xgb_probability,0.48755449056625366,,
Quant Focused Fund,2025-04-01,2025-05-01,,3.69653,3.652402,0.044128,52.0,75,13,XGBoost,xgb_probability,0.46093252301216125,,
Shriram ELSS Tax Saver Fund,2025-04-01,2025-05-01,,2.135588,3.652402,-1.516814,29.0,75,7,XGBoost,xgb_probability,0.6360835433006287,,
Shriram Flexi Cap Fund,2025-04-01,2025-05-01,,1.506658,3.652402,-2.145744,26.0,75,6,XGBoost,xgb_probability,0.6481704711914062,,
Sundaram Dividend Yield Fund,2025-04-01,2025-05-01,,1.642087,3.652402,-2.010315,30.0,75,7,XGBoost,xgb_probability,0.6327752470970154,,
Sundaram ELSS Tax Saver Fund,2025-04-01,2025-05-01,,2.80303,3.652402,-0.849372,15.0,75,3,XGBoost,xgb_probability,0.7258596420288086,,
Sundaram Focused Fund,2025-04-01,2025-05-01,,2.631649,3.652402,-1.020753,48.0,75,12,XGBoost,xgb_probability,0.5024363398551941,,
Sundaram Value Fund,2025-04-01,2025-05-01,,2.486496,3.652402,-1.165906,25.0,75,6,XGBoost,xgb_probability,0.6685881018638611,,
Tata ELSS Fund,2025-04-01,2025-05-01,,4.495324,3.652402,0.842922,1.0,75,0,XGBoost,xgb_probability,0.9743559956550598,,
Tata Flexi Cap Fund,2025-04-01,2025-05-01,,3.077916,3.652402,-0.574486,65.0,75,17,XGBoost,xgb_probability,0.3116404712200165,,
Tata Focused Fund,2025-04-01,2025-05-01,,2.394926,3.652402,-1.257476,36.0,75,9,XGBoost,xgb_probability,0.6043226718902588,,
Tata Value Fund,2025-04-01,2025-05-01,,3.326446,3.652402,-0.325956,42.0,75,10,XGBoost,xgb_probability,0.5452982187271118,,
UTI Dividend Yield Fund,2025-04-01,2025-05-01,,2.500943,3.652402,-1.151459,21.0,75,5,XGBoost,xgb_probability,0.6775403022766113,,
UTI ELSS Tax Saver Fund,2025-04-01,2025-05-01,,3.17944,3.652402,-0.472962,31.0,75,8,XGBoost,xgb_probability,0.6252762675285339,,
UTI Flexi Cap Fund,2025-04-01,2025-05-01,,2.079562,3.652402,-1.57284,4.0,75,0,XGBoost,xgb_probability,0.8425546288490295,,
UTI Value Fund,2025-04-01,2025-05-01,,2.330204,3.652402,-1.322198,71.0,75,18,XGBoost,xgb_probability,0.19588212668895721,,
Aditya Birla Sun Life Dividend Yield Fund,2025-05-01,2025-06-01,,4.060574,3.766898,0.293676,52.0,75,13,XGBoost,xgb_probability,0.3651469647884369,,
Aditya Birla Sun Life ELSS Tax Saver Fund,2025-05-01,2025-06-01,,4.164134,3.766898,0.397236,29.0,75,7,XGBoost,xgb_probability,0.6131556630134583,,
Aditya Birla Sun Life Flexi Cap Fund,2025-05-01,2025-06-01,,3.31688,3.766898,-0.450018,68.0,75,17,XGBoost,xgb_probability,0.11262654513120651,,
Aditya Birla Sun Life Focused Fund,2025-05-01,2025-06-01,,3.87432,3.766898,0.107422,13.0,75,3,XGBoost,xgb_probability,0.7787080407142639,,
Aditya Birla Sun Life Value Fund,2025-05-01,2025-06-01,,3.645284,3.766898,-0.121614,70.0,75,18,XGBoost,xgb_probability,0.0852641761302948,,
Axis ELSS Tax Saver Fund,2025-05-01,2025-06-01,,3.466085,3.766898,-0.300813,20.0,75,5,XGBoost,xgb_probability,0.6713963747024536,,
Axis Flexi Cap Fund,2025-05-01,2025-06-01,,4.098645,3.766898,0.331747,48.0,75,12,XGBoost,xgb_probability,0.41910767555236816,,
Axis Focused Fund,2025-05-01,2025-06-01,,3.953265,3.766898,0.186367,54.0,75,14,XGBoost,xgb_probability,0.30263686180114746,,
Axis Innovation Fund,2025-05-01,2025-06-01,,3.385417,3.766898,-0.381481,62.0,75,16,XGBoost,xgb_probability,0.2110859900712967,,
Baroda BNP Paribas ELSS Tax Saver Fund,2025-05-01,2025-06-01,,2.923105,3.766898,-0.843793,66.0,75,17,XGBoost,xgb_probability,0.1823275089263916,,
Baroda BNP Paribas Focused Fund,2025-05-01,2025-06-01,,4.56482,3.766898,0.797922,18.0,75,4,XGBoost,xgb_probability,0.6941004395484924,,
DSP ELSS Tax Saver Fund,2025-05-01,2025-06-01,,2.9596,3.766898,-0.807298,30.0,75,7,XGBoost,xgb_probability,0.612356424331665,,
DSP Flexi Cap Fund,2025-05-01,2025-06-01,,2.769299,3.766898,-0.997599,32.0,75,8,XGBoost,xgb_probability,0.6077494621276855,,
DSP Focused Fund,2025-05-01,2025-06-01,,1.96988,3.766898,-1.797018,25.0,75,6,XGBoost,xgb_probability,0.6352383494377136,,
DSP Value Fund,2025-05-01,2025-06-01,,2.58581,3.766898,-1.181088,53.0,75,13,XGBoost,xgb_probability,0.32112693786621094,,
Edelweiss ELSS Tax saver Fund,2025-05-01,2025-06-01,,4.555093,3.766898,0.788195,58.0,75,15,XGBoost,xgb_probability,0.260012149810791,,
Edelweiss Flexi Cap Fund,2025-05-01,2025-06-01,,4.660808,3.766898,0.89391,49.0,75,12,XGBoost,xgb_probability,0.41395461559295654,,
Franklin India ELSS Tax Saver Fund,2025-05-01,2025-06-01,,2.917754,3.766898,-0.849144,26.0,75,6,XGBoost,xgb_probability,0.6319831609725952,,
Franklin India Flexi Cap Fund,2025-05-01,2025-06-01,,3.147418,3.766898,-0.61948,24.0,75,6,XGBoost,xgb_probability,0.642973780632019,,
Franklin India Focused Equity Fund,2025-05-01,2025-06-01,,3.395775,3.766898,-0.371123,50.0,75,13,XGBoost,xgb_probability,0.4030139446258545,,
Franklin India Opportunities Fund,2025-05-01,2025-06-01,,2.784976,3.766898,-0.981922,19.0,75,4,XGBoost,xgb_probability,0.679356575012207,,
HDFC Dividend Yield Fund,2025-05-01,2025-06-01,,3.302703,3.766898,-0.464195,63.0,75,16,XGBoost,xgb_probability,0.19509859383106232,,
HDFC ELSS Tax saver,2025-05-01,2025-06-01,,2.994768,3.766898,-0.77213,3.0,75,0,XGBoost,xgb_probability,0.8749145269393921,,
HDFC Flexi Cap Fund,2025-05-01,2025-06-01,,2.762676,3.766898,-1.004222,5.0,75,1,XGBoost,xgb_probability,0.8629786372184753,,
HDFC Focused Fund,2025-05-01,2025-06-01,,2.739683,3.766898,-1.027215,51.0,75,13,XGBoost,xgb_probability,0.3655376434326172,,
HDFC Value Fund,2025-05-01,2025-06-01,,4.379749,3.766898,0.612851,60.0,75,15,XGBoost,xgb_probability,0.2395053505897522,,
HSBC Flexi Cap Fund,2025-05-01,2025-06-01,,4.593736,3.766898,0.826838,69.0,75,18,XGBoost,xgb_probability,0.10157349705696106,,
HSBC Focused Fund,2025-05-01,2025-06-01,,3.981603,3.766898,0.214705,46.0,75,12,XGBoost,xgb_probability,0.46759751439094543,,
HSBC Tax Saver Equity Fund,2025-05-01,2025-06-01,,4.29233,3.766898,0.525432,61.0,75,16,XGBoost,xgb_probability,0.23078078031539917,,
ICICI Prudential Business Cycle Fund,2025-05-01,2025-06-01,,3.422205,3.766898,-0.344693,35.0,75,9,XGBoost,xgb_probability,0.5951565504074097,,
ICICI Prudential Dividend Yield Equity Fund,2025-05-01,2025-06-01,,3.028711,3.766898,-0.738187,6.0,75,1,XGBoost,xgb_probability,0.8361890912055969,,
ICICI Prudential ELSS Tax Saver Fund,2025-05-01,2025-06-01,,2.690437,3.766898,-1.076461,23.0,75,5,XGBoost,xgb_probability,0.656470775604248,,
ICICI Prudential India Opportunities Fund,2025-05-01,2025-06-01,,2.717533,3.766898,-1.049365,16.0,75,4,XGBoost,xgb_probability,0.7330549955368042,,
ICICI Prudential Value Fund,2025-05-01,2025-06-01,,2.360253,3.766898,-1.406645,11.0,75,2,XGBoost,xgb_probability,0.7876858115196228,,
ITI ELSS Tax Saver Fund,2025-05-01,2025-06-01,,3.784685,3.766898,0.017787,75.0,75,19,XGBoost,xgb_probability,0.014087045565247536,,
Kotak Contra Fund,2025-05-01,2025-06-01,,4.145774,3.766898,0.378876,57.0,75,14,XGBoost,xgb_probability,0.2762150764465332,,
Kotak ELSS Tax Saver Fund,2025-05-01,2025-06-01,,3.685192,3.766898,-0.081706,64.0,75,16,XGBoost,xgb_probability,0.18883487582206726,,
Kotak Flexi Cap Fund,2025-05-01,2025-06-01,,4.482674,3.766898,0.715776,67.0,75,17,XGBoost,xgb_probability,0.1790761649608612,,
Kotak Focused Fund,2025-05-01,2025-06-01,,4.891101,3.766898,1.124203,47.0,75,12,XGBoost,xgb_probability,0.4191395938396454,,
LIC MF Dividend Yield Fund,2025-05-01,2025-06-01,,3.185384,3.766898,-0.581514,74.0,75,19,XGBoost,xgb_probability,0.0178684089332819,,
LIC MF ELSS Tax Saver,2025-05-01,2025-06-01,,3.336301,3.766898,-0.430597,36.0,75,9,XGBoost,xgb_probability,0.5912769436836243,,
LIC MF Flexi Cap Fund,2025-05-01,2025-06-01,,4.424458,3.766898,0.65756,72.0,75,18,XGBoost,xgb_probability,0.044856779277324677,,
LIC MF Focused Fund,2025-05-01,2025-06-01,,2.888897,3.766898,-0.878001,37.0,75,9,XGBoost,xgb_probability,0.5675931572914124,,
LIC MF Value Fund,2025-05-01,2025-06-01,,2.82242,3.766898,-0.944478,42.0,75,10,XGBoost,xgb_probability,0.4875752925872803,,
Mahindra Manulife ELSS Tax Saver Fund,2025-05-01,2025-06-01,,3.618128,3.766898,-0.14877,45.0,75,11,XGBoost,xgb_probability,0.4736489951610565,,
Mahindra Manulife Focused Fund,2025-05-01,2025-06-01,,3.360275,3.766898,-0.406623,33.0,75,8,XGBoost,xgb_probability,0.5972031354904175,,
Mirae Asset ELSS Tax Saver Fund,2025-05-01,2025-06-01,,4.07404,3.766898,0.307142,41.0,75,10,XGBoost,xgb_probability,0.49509841203689575,,
Mirae Asset Focused Fund,2025-05-01,2025-06-01,,2.572674,3.766898,-1.194224,10.0,75,2,XGBoost,xgb_probability,0.7889241576194763,,
Motilal Oswal ELSS Tax Saver Fund,2025-05-01,2025-06-01,,3.16728,3.766898,-0.599618,71.0,75,18,XGBoost,xgb_probability,0.048450540751218796,,
Motilal Oswal Flexi Cap Fund,2025-05-01,2025-06-01,,6.004555,3.766898,2.237657,17.0,75,4,XGBoost,xgb_probability,0.7035238742828369,,
Motilal Oswal Focused Fund,2025-05-01,2025-06-01,,1.116905,3.766898,-2.649993,73.0,75,19,XGBoost,xgb_probability,0.02367662638425827,,
Navi Flexi Cap Fund,2025-05-01,2025-06-01,,3.420694,3.766898,-0.346204,56.0,75,14,XGBoost,xgb_probability,0.2762466371059418,,
Nippon India ELSS Tax Saver Fund,2025-05-01,2025-06-01,,2.708324,3.766898,-1.058574,55.0,75,14,XGBoost,xgb_probability,0.2841451168060303,,
Nippon India Value Fund,2025-05-01,2025-06-01,,3.208815,3.766898,-0.558083,65.0,75,17,XGBoost,xgb_probability,0.1836225688457489,,
Parag Parikh ELSS Tax Saver Fund,2025-05-01,2025-06-01,,3.500845,3.766898,-0.266053,2.0,75,0,XGBoost,xgb_probability,0.9000310301780701,,
Parag Parikh Flexi Cap Fund,2025-05-01,2025-06-01,,3.473778,3.766898,-0.29312,4.0,75,0,XGBoost,xgb_probability,0.8691476583480835,,
PGIM India ELSS Tax Saver Fund,2025-05-01,2025-06-01,,4.014319,3.766898,0.247421,21.0,75,5,XGBoost,xgb_probability,0.6662301421165466,,
PGIM India Flexi Cap Fund,2025-05-01,2025-06-01,,4.452555,3.766898,0.685657,31.0,75,8,XGBoost,xgb_probability,0.6082598567008972,,
Quant ELSS Tax Saver Fund,2025-05-01,2025-06-01,,4.658866,3.766898,0.891968,59.0,75,15,XGBoost,xgb_probability,0.24021856486797333,,
Quant Flexi Cap Fund,2025-05-01,2025-06-01,,3.286892,3.766898,-0.480006,39.0,75,10,XGBoost,xgb_probability,0.5169390439987183,,
Quant Focused Fund,2025-05-01,2025-06-01,,4.466797,3.766898,0.699899,40.0,75,10,XGBoost,xgb_probability,0.4993022382259369,,
Shriram ELSS Tax Saver Fund,2025-05-01,2025-06-01,,5.019285,3.766898,1.252387,15.0,75,3,XGBoost,xgb_probability,0.7360596060752869,,
Shriram Flexi Cap Fund,2025-05-01,2025-06-01,,5.002438,3.766898,1.23554,27.0,75,6,XGBoost,xgb_probability,0.6201826930046082,,
Sundaram Dividend Yield Fund,2025-05-01,2025-06-01,,2.443107,3.766898,-1.323791,9.0,75,2,XGBoost,xgb_probability,0.7922210097312927,,
Sundaram ELSS Tax Saver Fund,2025-05-01,2025-06-01,,2.974578,3.766898,-0.79232,14.0,75,3,XGBoost,xgb_probability,0.768855094909668,,
Sundaram Focused Fund,2025-05-01,2025-06-01,,3.742449,3.766898,-0.024449,44.0,75,11,XGBoost,xgb_probability,0.4790341258049011,,
Sundaram Value Fund,2025-05-01,2025-06-01,,3.322756,3.766898,-0.444142,34.0,75,8,XGBoost,xgb_probability,0.5961045622825623,,
Tata ELSS Fund,2025-05-01,2025-06-01,,3.206392,3.766898,-0.560506,1.0,75,0,XGBoost,xgb_probability,0.9872841835021973,,
Tata Flexi Cap Fund,2025-05-01,2025-06-01,,3.772098,3.766898,0.0052,43.0,75,11,XGBoost,xgb_probability,0.479477196931839,,
Tata Focused Fund,2025-05-01,2025-06-01,,2.810793,3.766898,-0.956105,22.0,75,5,XGBoost,xgb_probability,0.6626367568969727,,
Tata Value Fund,2025-05-01,2025-06-01,,4.001902,3.766898,0.235004,8.0,75,1,XGBoost,xgb_probability,0.8075922727584839,,
UTI Dividend Yield Fund,2025-05-01,2025-06-01,,3.350267,3.766898,-0.416631,28.0,75,7,XGBoost,xgb_probability,0.6181768774986267,,
UTI ELSS Tax Saver Fund,2025-05-01,2025-06-01,,3.69613,3.766898,-0.070768,38.0,75,9,XGBoost,xgb_probability,0.5582621693611145,,
UTI Flexi Cap Fund,2025-05-01,2025-06-01,,4.06725,3.766898,0.300352,12.0,75,2,XGBoost,xgb_probability,0.7795511484146118,,
UTI Value Fund,2025-05-01,2025-06-01,,4.082593,3.766898,0.315695,7.0,75,1,XGBoost,xgb_probability,0.8125895261764526,,
Aditya Birla Sun Life Dividend Yield Fund,2025-06-01,2025-07-01,,-3.783436,-2.826766,-0.95667,45.0,76,11,XGBoost,xgb_probability,0.506762683391571,,
Aditya Birla Sun Life ELSS Tax Saver Fund,2025-06-01,2025-07-01,,-1.390312,-2.826766,1.436454,55.0,76,14,XGBoost,xgb_probability,0.38984158635139465,,
Aditya Birla Sun Life Flexi Cap Fund,2025-06-01,2025-07-01,,-2.419581,-2.826766,0.407185,43.0,76,11,XGBoost,xgb_probability,0.5249788165092468,,
Aditya Birla Sun Life Focused Fund,2025-06-01,2025-07-01,,-3.519318,-2.826766,-0.692552,7.0,76,1,XGBoost,xgb_probability,0.9021044373512268,,
Aditya Birla Sun Life Value Fund,2025-06-01,2025-07-01,,-3.902245,-2.826766,-1.075479,40.0,76,10,XGBoost,xgb_probability,0.5573049187660217,,
Axis ELSS Tax Saver Fund,2025-06-01,2025-07-01,,-1.950935,-2.826766,0.875831,24.0,76,6,XGBoost,xgb_probability,0.7109296321868896,,
Axis Flexi Cap Fund,2025-06-01,2025-07-01,,-1.401869,-2.826766,1.424897,37.0,76,9,XGBoost,xgb_probability,0.5726089477539062,,
Axis Focused Fund,2025-06-01,2025-07-01,,-2.128973,-2.826766,0.697793,20.0,76,5,XGBoost,xgb_probability,0.7531015872955322,,
Axis Innovation Fund,2025-06-01,2025-07-01,,-0.151668,-2.826766,2.675098,49.0,76,12,XGBoost,xgb_probability,0.4522051513195038,,
Baroda BNP Paribas ELSS Tax Saver Fund,2025-06-01,2025-07-01,,-1.428475,-2.826766,1.398291,54.0,76,13,XGBoost,xgb_probability,0.396126389503479,,
Baroda BNP Paribas Focused Fund,2025-06-01,2025-07-01,,-2.70909,-2.826766,0.117676,41.0,76,10,XGBoost,xgb_probability,0.5530675053596497,,
DSP ELSS Tax Saver Fund,2025-06-01,2025-07-01,,-2.03088,-2.826766,0.795886,16.0,76,3,XGBoost,xgb_probability,0.7896393537521362,,
DSP Flexi Cap Fund,2025-06-01,2025-07-01,,-2.513713,-2.826766,0.313053,27.0,76,6,XGBoost,xgb_probability,0.6790869832038879,,
DSP Focused Fund,2025-06-01,2025-07-01,,-0.711622,-2.826766,2.115144,50.0,76,12,XGBoost,xgb_probability,0.4503273665904999,,
DSP Value Fund,2025-06-01,2025-07-01,,-0.686869,-2.826766,2.139897,23.0,76,5,XGBoost,xgb_probability,0.7162953615188599,,
Edelweiss ELSS Tax saver Fund,2025-06-01,2025-07-01,,-3.720372,-2.826766,-0.893606,64.0,76,16,XGBoost,xgb_probability,0.2139887660741806,,
Edelweiss Flexi Cap Fund,2025-06-01,2025-07-01,,-2.954352,-2.826766,-0.127586,14.0,76,3,XGBoost,xgb_probability,0.8068357110023499,,
Franklin India ELSS Tax Saver Fund,2025-06-01,2025-07-01,,-2.163416,-2.826766,0.66335,34.0,76,8,XGBoost,xgb_probability,0.6153886914253235,,
Franklin India Flexi Cap Fund,2025-06-01,2025-07-01,,-2.28367,-2.826766,0.543096,39.0,76,10,XGBoost,xgb_probability,0.5680500864982605,,
Franklin India Focused Equity Fund,2025-06-01,2025-07-01,,-0.657649,-2.826766,2.169117,51.0,76,13,XGBoost,xgb_probability,0.4410751163959503,,
Franklin India Opportunities Fund,2025-06-01,2025-07-01,,-0.021947,-2.826766,2.804819,56.0,76,14,XGBoost,xgb_probability,0.3849007189273834,,
HDFC Dividend Yield Fund,2025-06-01,2025-07-01,,-2.141423,-2.826766,0.685343,47.0,76,12,XGBoost,xgb_probability,0.47676944732666016,,
HDFC ELSS Tax saver,2025-06-01,2025-07-01,,-1.692944,-2.826766,1.133822,5.0,76,1,XGBoost,xgb_probability,0.9048885107040405,,
HDFC Flexi Cap Fund,2025-06-01,2025-07-01,,-1.42336,-2.826766,1.403406,6.0,76,1,XGBoost,xgb_probability,0.9033557176589966,,
HDFC Focused Fund,2025-06-01,2025-07-01,,-1.426343,-2.826766,1.400423,46.0,76,11,XGBoost,xgb_probability,0.5046631097793579,,
HDFC Value Fund,2025-06-01,2025-07-01,,-1.924005,-2.826766,0.902761,58.0,76,15,XGBoost,xgb_probability,0.3494625389575958,,
HSBC Flexi Cap Fund,2025-06-01,2025-07-01,,-2.062491,-2.826766,0.764275,67.0,76,17,XGBoost,xgb_probability,0.18635255098342896,,
HSBC Focused Fund,2025-06-01,2025-07-01,,0.285526,-2.826766,3.112292,48.0,76,12,XGBoost,xgb_probability,0.4550974369049072,,
HSBC Tax Saver Equity Fund,2025-06-01,2025-07-01,,-0.685391,-2.826766,2.141375,59.0,76,15,XGBoost,xgb_probability,0.3062911033630371,,
ICICI Prudential Business Cycle Fund,2025-06-01,2025-07-01,,-1.269231,-2.826766,1.557535,3.0,76,0,XGBoost,xgb_probability,0.92844158411026,,
ICICI Prudential Dividend Yield Equity Fund,2025-06-01,2025-07-01,,-1.05514,-2.826766,1.771626,9.0,76,2,XGBoost,xgb_probability,0.8654230833053589,,
ICICI Prudential ELSS Tax Saver Fund,2025-06-01,2025-07-01,,-1.293215,-2.826766,1.533551,13.0,76,3,XGBoost,xgb_probability,0.8204231262207031,,
ICICI Prudential India Opportunities Fund,2025-06-01,2025-07-01,,-1.703967,-2.826766,1.122799,22.0,76,5,XGBoost,xgb_probability,0.727469265460968,,
ICICI Prudential Value Fund,2025-06-01,2025-07-01,,-1.449943,-2.826766,1.376823,8.0,76,1,XGBoost,xgb_probability,0.880526602268219,,
ITI ELSS Tax Saver Fund,2025-06-01,2025-07-01,,-3.540241,-2.826766,-0.713475,66.0,76,17,XGBoost,xgb_probability,0.1966535747051239,,
Kotak Contra Fund,2025-06-01,2025-07-01,,-1.484519,-2.826766,1.342247,75.0,76,19,XGBoost,xgb_probability,0.1338711529970169,,
Kotak ELSS Tax Saver Fund,2025-06-01,2025-07-01,,-1.609406,-2.826766,1.21736,62.0,76,16,XGBoost,xgb_probability,0.24847975373268127,,
Kotak Flexi Cap Fund,2025-06-01,2025-07-01,,-2.698229,-2.826766,0.128537,53.0,76,13,XGBoost,xgb_probability,0.4051952362060547,,
Kotak Focused Fund,2025-06-01,2025-07-01,,-1.271156,-2.826766,1.55561,35.0,76,8,XGBoost,xgb_probability,0.61344313621521,,
LIC MF Dividend Yield Fund,2025-06-01,2025-07-01,,-2.610832,-2.826766,0.215934,70.0,76,18,XGBoost,xgb_probability,0.16134776175022125,,
LIC MF ELSS Tax Saver,2025-06-01,2025-07-01,,-1.079761,-2.826766,1.747005,65.0,76,16,XGBoost,xgb_probability,0.20307642221450806,,
LIC MF Flexi Cap Fund,2025-06-01,2025-07-01,,0.247737,-2.826766,3.074503,61.0,76,15,XGBoost,xgb_probability,0.2890419065952301,,
LIC MF Focused Fund,2025-06-01,2025-07-01,,-3.669305,-2.826766,-0.842539,2.0,76,0,XGBoost,xgb_probability,0.9375922679901123,,
LIC MF Value Fund,2025-06-01,2025-07-01,,-0.402271,-2.826766,2.424495,74.0,76,19,XGBoost,xgb_probability,0.14170436561107635,,
Mahindra Manulife ELSS Tax Saver Fund,2025-06-01,2025-07-01,,-2.32814,-2.826766,0.498626,52.0,76,13,XGBoost,xgb_probability,0.4369650185108185,,
Mahindra Manulife Focused Fund,2025-06-01,2025-07-01,,-2.982759,-2.826766,-0.155993,19.0,76,4,XGBoost,xgb_probability,0.772348165512085,,
Mirae Asset ELSS Tax Saver Fund,2025-06-01,2025-07-01,,-1.494619,-2.826766,1.332147,44.0,76,11,XGBoost,xgb_probability,0.517492413520813,,
Mirae Asset Focused Fund,2025-06-01,2025-07-01,,0.298041,-2.826766,3.124807,17.0,76,4,XGBoost,xgb_probability,0.7872667908668518,,
Motilal Oswal ELSS Tax Saver Fund,2025-06-01,2025-07-01,,-2.598029,-2.826766,0.228737,69.0,76,17,XGBoost,xgb_probability,0.16190598905086517,,
Motilal Oswal Flexi Cap Fund,2025-06-01,2025-07-01,,-2.742449,-2.826766,0.084317,76.0,76,19,XGBoost,xgb_probability,0.1062428280711174,,
Motilal Oswal Focused Fund,2025-06-01,2025-07-01,,-1.285508,-2.826766,1.541258,36.0,76,9,XGBoost,xgb_probability,0.5799939036369324,,
Navi Flexi Cap Fund,2025-06-01,2025-07-01,,-2.182449,-2.826766,0.644317,28.0,76,7,XGBoost,xgb_probability,0.6783928871154785,,
Nippon India ELSS Tax Saver Fund,2025-06-01,2025-07-01,,-1.041355,-2.826766,1.785411,71.0,76,18,XGBoost,xgb_probability,0.157611683011055,,
Nippon India Value Fund,2025-06-01,2025-07-01,,-2.144009,-2.826766,0.682757,72.0,76,18,XGBoost,xgb_probability,0.14500834047794342,,
Parag Parikh ELSS Tax Saver Fund,2025-06-01,2025-07-01,,-1.651004,-2.826766,1.175762,4.0,76,0,XGBoost,xgb_probability,0.9272852540016174,,
Parag Parikh Flexi Cap Fund,2025-06-01,2025-07-01,,-0.559352,-2.826766,2.267414,30.0,76,7,XGBoost,xgb_probability,0.6611858606338501,,
PGIM India ELSS Tax Saver Fund,2025-06-01,2025-07-01,,-1.576743,-2.826766,1.250023,31.0,76,7,XGBoost,xgb_probability,0.6483784914016724,,
PGIM India Flexi Cap Fund,2025-06-01,2025-07-01,,-1.260799,-2.826766,1.565967,73.0,76,18,XGBoost,xgb_probability,0.1423034965991974,,
Quant ELSS Tax Saver Fund,2025-06-01,2025-07-01,,-2.958102,-2.826766,-0.131336,63.0,76,16,XGBoost,xgb_probability,0.23752759397029877,,
Quant Flexi Cap Fund,2025-06-01,2025-07-01,,-2.744113,-2.826766,0.082653,60.0,76,15,XGBoost,xgb_probability,0.30040261149406433,,
Quant Focused Fund,2025-06-01,2025-07-01,,-3.435639,-2.826766,-0.608873,33.0,76,8,XGBoost,xgb_probability,0.6283013224601746,,
Shriram ELSS Tax Saver Fund,2025-06-01,2025-07-01,,-1.942555,-2.826766,0.884211,15.0,76,3,XGBoost,xgb_probability,0.8046700358390808,,
Shriram Flexi Cap Fund,2025-06-01,2025-07-01,,-1.967353,-2.826766,0.859413,38.0,76,9,XGBoost,xgb_probability,0.569787323474884,,
Sundaram Dividend Yield Fund,2025-06-01,2025-07-01,,-2.028501,-2.826766,0.798265,25.0,76,6,XGBoost,xgb_probability,0.6951457858085632,,
Sundaram ELSS Tax Saver Fund,2025-06-01,2025-07-01,,-0.654619,-2.826766,2.172147,18.0,76,4,XGBoost,xgb_probability,0.776624858379364,,
Sundaram Focused Fund,2025-06-01,2025-07-01,,-1.146442,-2.826766,1.680324,29.0,76,7,XGBoost,xgb_probability,0.6778454184532166,,
Sundaram Value Fund,2025-06-01,2025-07-01,,-0.683409,-2.826766,2.143357,26.0,76,6,XGBoost,xgb_probability,0.6864043474197388,,
Tata Dividend Yield Fund,2025-06-01,2025-07-01,,-2.313772,-2.826766,0.512994,68.0,76,17,XGBoost,xgb_probability,0.17208944261074066,,
Tata ELSS Fund,2025-06-01,2025-07-01,,-2.089293,-2.826766,0.737473,1.0,76,0,XGBoost,xgb_probability,0.9839090704917908,,
Tata Flexi Cap Fund,2025-06-01,2025-07-01,,-2.553825,-2.826766,0.272941,21.0,76,5,XGBoost,xgb_probability,0.7481245994567871,,
Tata Focused Fund,2025-06-01,2025-07-01,,-0.762687,-2.826766,2.064079,32.0,76,8,XGBoost,xgb_probability,0.6465500593185425,,
Tata Value Fund,2025-06-01,2025-07-01,,-2.30186,-2.826766,0.524906,57.0,76,14,XGBoost,xgb_probability,0.37886497378349304,,
UTI Dividend Yield Fund,2025-06-01,2025-07-01,,-1.941778,-2.826766,0.884988,12.0,76,2,XGBoost,xgb_probability,0.8437017202377319,,
UTI ELSS Tax Saver Fund,2025-06-01,2025-07-01,,-3.081335,-2.826766,-0.254569,42.0,76,10,XGBoost,xgb_probability,0.5275173783302307,,
UTI Flexi Cap Fund,2025-06-01,2025-07-01,,-1.730453,-2.826766,1.096313,10.0,76,2,XGBoost,xgb_probability,0.8642740249633789,,
UTI Value Fund,2025-06-01,2025-07-01,,-1.868021,-2.826766,0.958745,11.0,76,2,XGBoost,xgb_probability,0.8563939929008484,,
Aditya Birla Sun Life Dividend Yield Fund,2025-07-01,2025-08-01,,-2.235785,-1.816508,-0.419277,49.0,77,12,XGBoost,xgb_probability,0.9053816199302673,,
Aditya Birla Sun Life ELSS Tax Saver Fund,2025-07-01,2025-08-01,,-1.35974,-1.816508,0.456768,58.0,77,14,XGBoost,xgb_probability,0.8254926800727844,,
Aditya Birla Sun Life Flexi Cap Fund,2025-07-01,2025-08-01,,-1.377552,-1.816508,0.438956,74.0,77,18,XGBoost,xgb_probability,0.6402888298034668,,
Aditya Birla Sun Life Focused Fund,2025-07-01,2025-08-01,,-1.774747,-1.816508,0.041761,37.0,77,9,XGBoost,xgb_probability,0.9320473670959473,,
Aditya Birla Sun Life Value Fund,2025-07-01,2025-08-01,,-4.554645,-1.816508,-2.738137,15.0,77,3,XGBoost,xgb_probability,0.9672597050666809,,
Axis ELSS Tax Saver Fund,2025-07-01,2025-08-01,,-0.221685,-1.816508,1.594823,33.0,77,8,XGBoost,xgb_probability,0.9360352754592896,,
Axis Flexi Cap Fund,2025-07-01,2025-08-01,,-1.331512,-1.816508,0.484996,12.0,77,2,XGBoost,xgb_probability,0.9723915457725525,,
Axis Focused Fund,2025-07-01,2025-08-01,,-0.685368,-1.816508,1.13114,10.0,77,2,XGBoost,xgb_probability,0.9759984612464905,,
Axis Innovation Fund,2025-07-01,2025-08-01,,0.255754,-1.816508,2.072262,46.0,77,11,XGBoost,xgb_probability,0.9078787565231323,,
Baroda BNP Paribas ELSS Tax Saver Fund,2025-07-01,2025-08-01,,-1.409789,-1.816508,0.406719,32.0,77,8,XGBoost,xgb_probability,0.938014030456543,,
Baroda BNP Paribas Focused Fund,2025-07-01,2025-08-01,,-4.557699,-1.816508,-2.741191,28.0,77,7,XGBoost,xgb_probability,0.940946102142334,,
DSP ELSS Tax Saver Fund,2025-07-01,2025-08-01,,-3.255264,-1.816508,-1.438756,30.0,77,7,XGBoost,xgb_probability,0.9397528767585754,,
DSP Flexi Cap Fund,2025-07-01,2025-08-01,,-2.163934,-1.816508,-0.347426,21.0,77,5,XGBoost,xgb_probability,0.9498262405395508,,
DSP Focused Fund,2025-07-01,2025-08-01,,-4.057525,-1.816508,-2.241017,22.0,77,5,XGBoost,xgb_probability,0.9481638073921204,,
DSP Value Fund,2025-07-01,2025-08-01,,-0.692104,-1.816508,1.124404,64.0,77,16,XGBoost,xgb_probability,0.7525563836097717,,
Edelweiss ELSS Tax saver Fund,2025-07-01,2025-08-01,,-1.928887,-1.816508,-0.112379,9.0,77,2,XGBoost,xgb_probability,0.9766989946365356,,
Edelweiss Flexi Cap Fund,2025-07-01,2025-08-01,,-1.056184,-1.816508,0.760324,2.0,77,0,XGBoost,xgb_probability,0.9845453500747681,,
Franklin India ELSS Tax Saver Fund,2025-07-01,2025-08-01,,-2.625575,-1.816508,-0.809067,16.0,77,3,XGBoost,xgb_probability,0.9660597443580627,,
Franklin India Flexi Cap Fund,2025-07-01,2025-08-01,,-2.62848,-1.816508,-0.811972,13.0,77,3,XGBoost,xgb_probability,0.9700507521629333,,
Franklin India Focused Equity Fund,2025-07-01,2025-08-01,,-1.224724,-1.816508,0.591784,43.0,77,10,XGBoost,xgb_probability,0.918407142162323,,
Franklin India Opportunities Fund,2025-07-01,2025-08-01,,-0.526166,-1.816508,1.290342,56.0,77,14,XGBoost,xgb_probability,0.8369524478912354,,
HDFC Dividend Yield Fund,2025-07-01,2025-08-01,,-2.171692,-1.816508,-0.355184,68.0,77,17,XGBoost,xgb_probability,0.7403020858764648,,
HDFC ELSS Tax saver,2025-07-01,2025-08-01,,-0.363345,-1.816508,1.453163,40.0,77,10,XGBoost,xgb_probability,0.9218741655349731,,
HDFC Flexi Cap Fund,2025-07-01,2025-08-01,,-0.075793,-1.816508,1.740715,67.0,77,17,XGBoost,xgb_probability,0.7458770275115967,,
HDFC Focused Fund,2025-07-01,2025-08-01,,0.393313,-1.816508,2.209821,70.0,77,17,XGBoost,xgb_probability,0.727916955947876,,
HDFC Value Fund,2025-07-01,2025-08-01,,-2.742077,-1.816508,-0.925569,25.0,77,6,XGBoost,xgb_probability,0.9440127611160278,,
HSBC Flexi Cap Fund,2025-07-01,2025-08-01,,-2.462326,-1.816508,-0.645818,24.0,77,5,XGBoost,xgb_probability,0.9446142315864563,,
HSBC Focused Fund,2025-07-01,2025-08-01,,-2.550981,-1.816508,-0.734473,44.0,77,11,XGBoost,xgb_probability,0.9169697761535645,,
HSBC Tax Saver Equity Fund,2025-07-01,2025-08-01,,-3.798099,-1.816508,-1.981591,65.0,77,16,XGBoost,xgb_probability,0.7513269186019897,,
ICICI Prudential Business Cycle Fund,2025-07-01,2025-08-01,,-0.620155,-1.816508,1.196353,69.0,77,17,XGBoost,xgb_probability,0.731931746006012,,
ICICI Prudential Dividend Yield Equity Fund,2025-07-01,2025-08-01,,-1.009064,-1.816508,0.807444,52.0,77,13,XGBoost,xgb_probability,0.8908911347389221,,
ICICI Prudential ELSS Tax Saver Fund,2025-07-01,2025-08-01,,-0.72658,-1.816508,1.089928,48.0,77,12,XGBoost,xgb_probability,0.9055771827697754,,
ICICI Prudential India Opportunities Fund,2025-07-01,2025-08-01,,-2.005657,-1.816508,-0.189149,57.0,77,14,XGBoost,xgb_probability,0.8307702541351318,,
ICICI Prudential Value Fund,2025-07-01,2025-08-01,,-1.062324,-1.816508,0.754184,20.0,77,4,XGBoost,xgb_probability,0.9518154859542847,,
ITI ELSS Tax Saver Fund,2025-07-01,2025-08-01,,-3.482272,-1.816508,-1.665764,1.0,77,0,XGBoost,xgb_probability,0.9847872853279114,,
ITI Value Fund,2025-07-01,2025-08-01,,-4.120891,-1.816508,-2.304383,5.0,77,1,XGBoost,xgb_probability,0.9794287085533142,,
Kotak Contra Fund,2025-07-01,2025-08-01,,-1.301438,-1.816508,0.51507,7.0,77,1,XGBoost,xgb_probability,0.9777904748916626,,
Kotak ELSS Tax Saver Fund,2025-07-01,2025-08-01,,-2.710737,-1.816508,-0.894229,27.0,77,6,XGBoost,xgb_probability,0.9415202140808105,,
Kotak Flexi Cap Fund,2025-07-01,2025-08-01,,-2.806706,-1.816508,-0.990198,35.0,77,8,XGBoost,xgb_probability,0.9328089356422424,,
Kotak Focused Fund,2025-07-01,2025-08-01,,-0.581332,-1.816508,1.235176,39.0,77,9,XGBoost,xgb_probability,0.9269489645957947,,
LIC MF Dividend Yield Fund,2025-07-01,2025-08-01,,-2.737489,-1.816508,-0.920981,8.0,77,1,XGBoost,xgb_probability,0.9770384430885315,,
LIC MF ELSS Tax Saver,2025-07-01,2025-08-01,,-2.922574,-1.816508,-1.106066,17.0,77,4,XGBoost,xgb_probability,0.9652243852615356,,
LIC MF Flexi Cap Fund,2025-07-01,2025-08-01,,-0.543368,-1.816508,1.27314,72.0,77,18,XGBoost,xgb_probability,0.6801203489303589,,
LIC MF Focused Fund,2025-07-01,2025-08-01,,-0.784517,-1.816508,1.031991,26.0,77,6,XGBoost,xgb_probability,0.9432443976402283,,
LIC MF Value Fund,2025-07-01,2025-08-01,,-3.968272,-1.816508,-2.151764,71.0,77,18,XGBoost,xgb_probability,0.7150656580924988,,
Mahindra Manulife ELSS Tax Saver Fund,2025-07-01,2025-08-01,,-1.567433,-1.816508,0.249075,63.0,77,16,XGBoost,xgb_probability,0.7859455347061157,,
Mahindra Manulife Focused Fund,2025-07-01,2025-08-01,,-1.909094,-1.816508,-0.092586,14.0,77,3,XGBoost,xgb_probability,0.9681771397590637,,
Mirae Asset ELSS Tax Saver Fund,2025-07-01,2025-08-01,,-2.433477,-1.816508,-0.616969,41.0,77,10,XGBoost,xgb_probability,0.9206638932228088,,
Mirae Asset Focused Fund,2025-07-01,2025-08-01,,-1.954007,-1.816508,-0.137499,77.0,77,19,XGBoost,xgb_probability,0.6187155246734619,,
Motilal Oswal ELSS Tax Saver Fund,2025-07-01,2025-08-01,,-5.229307,-1.816508,-3.412799,31.0,77,7,XGBoost,xgb_probability,0.9395033121109009,,
Motilal Oswal Flexi Cap Fund,2025-07-01,2025-08-01,,-1.31247,-1.816508,0.504038,34.0,77,8,XGBoost,xgb_probability,0.9332147836685181,,
Motilal Oswal Focused Fund,2025-07-01,2025-08-01,,-4.504242,-1.816508,-2.687734,47.0,77,11,XGBoost,xgb_probability,0.9056193232536316,,
Navi Flexi Cap Fund,2025-07-01,2025-08-01,,-1.393999,-1.816508,0.422509,6.0,77,1,XGBoost,xgb_probability,0.9790123701095581,,
Nippon India ELSS Tax Saver Fund,2025-07-01,2025-08-01,,-2.615131,-1.816508,-0.798623,4.0,77,0,XGBoost,xgb_probability,0.9815973043441772,,
Nippon India Value Fund,2025-07-01,2025-08-01,,-2.777806,-1.816508,-0.961298,42.0,77,10,XGBoost,xgb_probability,0.9197954535484314,,
Parag Parikh ELSS Tax Saver Fund,2025-07-01,2025-08-01,,-1.788814,-1.816508,0.027694,59.0,77,15,XGBoost,xgb_probability,0.8160930871963501,,
Parag Parikh Flexi Cap Fund,2025-07-01,2025-08-01,,-0.911529,-1.816508,0.904979,73.0,77,18,XGBoost,xgb_probability,0.6595805287361145,,
PGIM India ELSS Tax Saver Fund,2025-07-01,2025-08-01,,-2.170117,-1.816508,-0.353609,19.0,77,4,XGBoost,xgb_probability,0.9583970904350281,,
PGIM India Flexi Cap Fund,2025-07-01,2025-08-01,,-1.084394,-1.816508,0.732114,75.0,77,19,XGBoost,xgb_probability,0.6352788209915161,,
Quant ELSS Tax Saver Fund,2025-07-01,2025-08-01,,-3.339504,-1.816508,-1.522996,53.0,77,13,XGBoost,xgb_probability,0.8898431062698364,,
Quant Flexi Cap Fund,2025-07-01,2025-08-01,,-4.92348,-1.816508,-3.106972,51.0,77,12,XGBoost,xgb_probability,0.8944942355155945,,
Quant Focused Fund,2025-07-01,2025-08-01,,-3.79339,-1.816508,-1.976882,23.0,77,5,XGBoost,xgb_probability,0.9451037049293518,,
Shriram ELSS Tax Saver Fund,2025-07-01,2025-08-01,,-3.319322,-1.816508,-1.502814,50.0,77,12,XGBoost,xgb_probability,0.90231853723526,,
Shriram Flexi Cap Fund,2025-07-01,2025-08-01,,-3.284862,-1.816508,-1.468354,45.0,77,11,XGBoost,xgb_probability,0.9141668677330017,,
Sundaram Dividend Yield Fund,2025-07-01,2025-08-01,,-1.81749,-1.816508,-0.000982,3.0,77,0,XGBoost,xgb_probability,0.9841959476470947,,
Sundaram ELSS Tax Saver Fund,2025-07-01,2025-08-01,,-1.113065,-1.816508,0.703443,61.0,77,15,XGBoost,xgb_probability,0.7927817702293396,,
Sundaram Focused Fund,2025-07-01,2025-08-01,,-2.269804,-1.816508,-0.453296,55.0,77,14,XGBoost,xgb_probability,0.8737500905990601,,
Sundaram Value Fund,2025-07-01,2025-08-01,,-1.478572,-1.816508,0.337936,62.0,77,15,XGBoost,xgb_probability,0.788331925868988,,
Tata Dividend Yield Fund,2025-07-01,2025-08-01,,-3.030177,-1.816508,-1.213669,54.0,77,13,XGBoost,xgb_probability,0.8874707818031311,,
Tata ELSS Fund,2025-07-01,2025-08-01,,-3.020901,-1.816508,-1.204393,66.0,77,16,XGBoost,xgb_probability,0.7510736584663391,,
Tata Flexi Cap Fund,2025-07-01,2025-08-01,,-1.512607,-1.816508,0.303901,18.0,77,4,XGBoost,xgb_probability,0.9615402817726135,,
Tata Focused Fund,2025-07-01,2025-08-01,,-0.752028,-1.816508,1.06448,60.0,77,15,XGBoost,xgb_probability,0.7934871315956116,,
Tata Value Fund,2025-07-01,2025-08-01,,-3.715918,-1.816508,-1.89941,11.0,77,2,XGBoost,xgb_probability,0.9727082848548889,,
UTI Dividend Yield Fund,2025-07-01,2025-08-01,,-1.555419,-1.816508,0.261089,29.0,77,7,XGBoost,xgb_probability,0.9403699636459351,,
UTI ELSS Tax Saver Fund,2025-07-01,2025-08-01,,-1.897293,-1.816508,-0.080785,76.0,77,19,XGBoost,xgb_probability,0.6317843794822693,,
UTI Flexi Cap Fund,2025-07-01,2025-08-01,,-0.467385,-1.816508,1.349123,38.0,77,9,XGBoost,xgb_probability,0.9288375973701477,,
UTI Value Fund,2025-07-01,2025-08-01,,-1.772309,-1.816508,0.044199,36.0,77,9,XGBoost,xgb_probability,0.9325317740440369,,
Aditya Birla Sun Life Dividend Yield Fund,2025-08-01,2025-09-01,,1.522487,1.253765,0.268722,49.0,77,12,XGBoost,xgb_probability,0.9059425592422485,,
Aditya Birla Sun Life ELSS Tax Saver Fund,2025-08-01,2025-09-01,,0.449506,1.253765,-0.804259,40.0,77,10,XGBoost,xgb_probability,0.929730236530304,,
Aditya Birla Sun Life Flexi Cap Fund,2025-08-01,2025-09-01,,1.01432,1.253765,-0.239445,53.0,77,13,XGBoost,xgb_probability,0.8842675685882568,,
Aditya Birla Sun Life Focused Fund,2025-08-01,2025-09-01,,0.591735,1.253765,-0.66203,64.0,77,16,XGBoost,xgb_probability,0.8183240294456482,,
Aditya Birla Sun Life Value Fund,2025-08-01,2025-09-01,,2.777751,1.253765,1.523986,45.0,77,11,XGBoost,xgb_probability,0.9122046232223511,,
Axis ELSS Tax Saver Fund,2025-08-01,2025-09-01,,0.178955,1.253765,-1.07481,32.0,77,8,XGBoost,xgb_probability,0.9436702728271484,,
Axis Flexi Cap Fund,2025-08-01,2025-09-01,,1.107266,1.253765,-0.146499,60.0,77,15,XGBoost,xgb_probability,0.8483325839042664,,
Axis Focused Fund,2025-08-01,2025-09-01,,0.481464,1.253765,-0.772301,59.0,77,15,XGBoost,xgb_probability,0.8507038950920105,,
Axis Innovation Fund,2025-08-01,2025-09-01,,1.22449,1.253765,-0.029275,74.0,77,18,XGBoost,xgb_probability,0.7289919257164001,,
Baroda BNP Paribas ELSS Tax Saver Fund,2025-08-01,2025-09-01,,0.395952,1.253765,-0.857813,18.0,77,4,XGBoost,xgb_probability,0.9676666259765625,,
Baroda BNP Paribas Focused Fund,2025-08-01,2025-09-01,,0.86015,1.253765,-0.393615,8.0,77,1,XGBoost,xgb_probability,0.9788478016853333,,
DSP ELSS Tax Saver Fund,2025-08-01,2025-09-01,,1.903178,1.253765,0.649413,3.0,77,0,XGBoost,xgb_probability,0.9841219186782837,,
DSP Flexi Cap Fund,2025-08-01,2025-09-01,,1.956034,1.253765,0.702269,13.0,77,3,XGBoost,xgb_probability,0.975341260433197,,
DSP Focused Fund,2025-08-01,2025-09-01,,2.348186,1.253765,1.094421,5.0,77,1,XGBoost,xgb_probability,0.9816510677337646,,
DSP Value Fund,2025-08-01,2025-09-01,,3.271937,1.253765,2.018172,48.0,77,12,XGBoost,xgb_probability,0.9107012748718262,,
Edelweiss ELSS Tax saver Fund,2025-08-01,2025-09-01,,1.4297,1.253765,0.175935,35.0,77,8,XGBoost,xgb_probability,0.9369903802871704,,
Edelweiss Flexi Cap Fund,2025-08-01,2025-09-01,,1.125473,1.253765,-0.128292,58.0,77,14,XGBoost,xgb_probability,0.8664523959159851,,
Franklin India ELSS Tax Saver Fund,2025-08-01,2025-09-01,,0.291884,1.253765,-0.961881,7.0,77,1,XGBoost,xgb_probability,0.9791121482849121,,
Franklin India Flexi Cap Fund,2025-08-01,2025-09-01,,0.369215,1.253765,-0.88455,6.0,77,1,XGBoost,xgb_probability,0.9792375564575195,,
Franklin India Focused Equity Fund,2025-08-01,2025-09-01,,0.461932,1.253765,-0.791833,46.0,77,11,XGBoost,xgb_probability,0.9115219712257385,,
Franklin India Opportunities Fund,2025-08-01,2025-09-01,,0.721568,1.253765,-0.532197,38.0,77,9,XGBoost,xgb_probability,0.9311476945877075,,
HDFC Dividend Yield Fund,2025-08-01,2025-09-01,,1.400008,1.253765,0.146243,30.0,77,7,XGBoost,xgb_probability,0.947674036026001,,
HDFC ELSS Tax saver,2025-08-01,2025-09-01,,0.88804,1.253765,-0.365725,31.0,77,7,XGBoost,xgb_probability,0.9439892172813416,,
HDFC Flexi Cap Fund,2025-08-01,2025-09-01,,1.726478,1.253765,0.472713,67.0,77,17,XGBoost,xgb_probability,0.7967492341995239,,
HDFC Focused Fund,2025-08-01,2025-09-01,,1.052288,1.253765,-0.201477,70.0,77,17,XGBoost,xgb_probability,0.7877378463745117,,
HDFC Value Fund,2025-08-01,2025-09-01,,1.335727,1.253765,0.081962,9.0,77,2,XGBoost,xgb_probability,0.9781430959701538,,
HSBC Flexi Cap Fund,2025-08-01,2025-09-01,,1.328194,1.253765,0.074429,26.0,77,6,XGBoost,xgb_probability,0.9559279680252075,,
HSBC Focused Fund,2025-08-01,2025-09-01,,0.753402,1.253765,-0.500363,21.0,77,5,XGBoost,xgb_probability,0.9644355177879333,,
HSBC Tax Saver Equity Fund,2025-08-01,2025-09-01,,0.102468,1.253765,-1.151297,61.0,77,15,XGBoost,xgb_probability,0.8426576256752014,,
ICICI Prudential Business Cycle Fund,2025-08-01,2025-09-01,,1.521061,1.253765,0.267296,57.0,77,14,XGBoost,xgb_probability,0.8668028712272644,,
ICICI Prudential Dividend Yield Equity Fund,2025-08-01,2025-09-01,,1.485833,1.253765,0.232068,24.0,77,5,XGBoost,xgb_probability,0.9590254426002502,,
ICICI Prudential ELSS Tax Saver Fund,2025-08-01,2025-09-01,,0.965793,1.253765,-0.287972,51.0,77,12,XGBoost,xgb_probability,0.8897126913070679,,
ICICI Prudential India Opportunities Fund,2025-08-01,2025-09-01,,1.52191,1.253765,0.268145,12.0,77,2,XGBoost,xgb_probability,0.976161777973175,,
ICICI Prudential Value Fund,2025-08-01,2025-09-01,,0.656387,1.253765,-0.597378,36.0,77,9,XGBoost,xgb_probability,0.9363290071487427,,
ITI ELSS Tax Saver Fund,2025-08-01,2025-09-01,,3.159833,1.253765,1.906068,15.0,77,3,XGBoost,xgb_probability,0.9712216854095459,,
ITI Value Fund,2025-08-01,2025-09-01,,2.732355,1.253765,1.47859,20.0,77,4,XGBoost,xgb_probability,0.9644396305084229,,
Kotak Contra Fund,2025-08-01,2025-09-01,,1.857895,1.253765,0.60413,29.0,77,7,XGBoost,xgb_probability,0.9486846923828125,,
Kotak ELSS Tax Saver Fund,2025-08-01,2025-09-01,,1.30329,1.253765,0.049525,2.0,77,0,XGBoost,xgb_probability,0.9858330488204956,,
Kotak Flexi Cap Fund,2025-08-01,2025-09-01,,1.690525,1.253765,0.43676,10.0,77,2,XGBoost,xgb_probability,0.9774038791656494,,
Kotak Focused Fund,2025-08-01,2025-09-01,,1.539914,1.253765,0.286149,75.0,77,19,XGBoost,xgb_probability,0.7104659676551819,,
LIC MF Dividend Yield Fund,2025-08-01,2025-09-01,,1.719891,1.253765,0.466126,37.0,77,9,XGBoost,xgb_probability,0.9323755502700806,,
LIC MF ELSS Tax Saver,2025-08-01,2025-09-01,,1.063058,1.253765,-0.190707,25.0,77,6,XGBoost,xgb_probability,0.9588904976844788,,
LIC MF Flexi Cap Fund,2025-08-01,2025-09-01,,2.050166,1.253765,0.796401,66.0,77,16,XGBoost,xgb_probability,0.7979933023452759,,
LIC MF Focused Fund,2025-08-01,2025-09-01,,-0.513774,1.253765,-1.767539,56.0,77,14,XGBoost,xgb_probability,0.8771600723266602,,
LIC MF Value Fund,2025-08-01,2025-09-01,,2.13509,1.253765,0.881325,44.0,77,11,XGBoost,xgb_probability,0.9156439304351807,,
Mahindra Manulife ELSS Tax Saver Fund,2025-08-01,2025-09-01,,0.372054,1.253765,-0.881711,76.0,77,19,XGBoost,xgb_probability,0.7066017389297485,,
Mahindra Manulife Focused Fund,2025-08-01,2025-09-01,,1.343392,1.253765,0.089627,43.0,77,10,XGBoost,xgb_probability,0.9184144139289856,,
Mirae Asset ELSS Tax Saver Fund,2025-08-01,2025-09-01,,1.578285,1.253765,0.32452,34.0,77,8,XGBoost,xgb_probability,0.9383106827735901,,
Mirae Asset Focused Fund,2025-08-01,2025-09-01,,-0.586373,1.253765,-1.840138,50.0,77,12,XGBoost,xgb_probability,0.9006609320640564,,
Motilal Oswal ELSS Tax Saver Fund,2025-08-01,2025-09-01,,3.393844,1.253765,2.140079,52.0,77,13,XGBoost,xgb_probability,0.8854169845581055,,
Motilal Oswal Flexi Cap Fund,2025-08-01,2025-09-01,,-2.041352,1.253765,-3.295117,69.0,77,17,XGBoost,xgb_probability,0.7957512736320496,,
Motilal Oswal Focused Fund,2025-08-01,2025-09-01,,0.941197,1.253765,-0.312568,65.0,77,16,XGBoost,xgb_probability,0.8086414933204651,,
Navi Flexi Cap Fund,2025-08-01,2025-09-01,,1.33384,1.253765,0.080075,14.0,77,3,XGBoost,xgb_probability,0.9734708070755005,,
Nippon India ELSS Tax Saver Fund,2025-08-01,2025-09-01,,1.307099,1.253765,0.053334,16.0,77,3,XGBoost,xgb_probability,0.9688624739646912,,
Nippon India Value Fund,2025-08-01,2025-09-01,,2.282302,1.253765,1.028537,47.0,77,11,XGBoost,xgb_probability,0.9110462665557861,,
Parag Parikh ELSS Tax Saver Fund,2025-08-01,2025-09-01,,0.770865,1.253765,-0.4829,28.0,77,7,XGBoost,xgb_probability,0.9521495699882507,,
Parag Parikh Flexi Cap Fund,2025-08-01,2025-09-01,,1.122058,1.253765,-0.131707,77.0,77,19,XGBoost,xgb_probability,0.5974799394607544,,
PGIM India ELSS Tax Saver Fund,2025-08-01,2025-09-01,,-0.229475,1.253765,-1.48324,41.0,77,10,XGBoost,xgb_probability,0.926658570766449,,
PGIM India Flexi Cap Fund,2025-08-01,2025-09-01,,-0.119161,1.253765,-1.372926,71.0,77,18,XGBoost,xgb_probability,0.7757960557937622,,
Quant ELSS Tax Saver Fund,2025-08-01,2025-09-01,,3.63473,1.253765,2.380965,62.0,77,15,XGBoost,xgb_probability,0.8404936194419861,,
Quant Flexi Cap Fund,2025-08-01,2025-09-01,,3.653059,1.253765,2.399294,55.0,77,14,XGBoost,xgb_probability,0.8792954683303833,,
Quant Focused Fund,2025-08-01,2025-09-01,,2.394445,1.253765,1.14068,72.0,77,18,XGBoost,xgb_probability,0.7741637229919434,,
Shriram ELSS Tax Saver Fund,2025-08-01,2025-09-01,,1.083896,1.253765,-0.169869,11.0,77,2,XGBoost,xgb_probability,0.9772432446479797,,
Shriram Flexi Cap Fund,2025-08-01,2025-09-01,,1.036084,1.253765,-0.217681,19.0,77,4,XGBoost,xgb_probability,0.9652340412139893,,
Sundaram Dividend Yield Fund,2025-08-01,2025-09-01,,2.01606,1.253765,0.762295,1.0,77,0,XGBoost,xgb_probability,0.9933592677116394,,
Sundaram ELSS Tax Saver Fund,2025-08-01,2025-09-01,,-0.182596,1.253765,-1.436361,54.0,77,13,XGBoost,xgb_probability,0.8837087750434875,,
Sundaram Focused Fund,2025-08-01,2025-09-01,,0.10275,1.253765,-1.151015,42.0,77,10,XGBoost,xgb_probability,0.9237305521965027,,
Sundaram Value Fund,2025-08-01,2025-09-01,,-0.607016,1.253765,-1.860781,63.0,77,16,XGBoost,xgb_probability,0.8353327512741089,,
Tata Dividend Yield Fund,2025-08-01,2025-09-01,,2.363147,1.253765,1.109382,4.0,77,0,XGBoost,xgb_probability,0.9830195307731628,,
Tata ELSS Fund,2025-08-01,2025-09-01,,2.109164,1.253765,0.855399,73.0,77,18,XGBoost,xgb_probability,0.7611650228500366,,
Tata Flexi Cap Fund,2025-08-01,2025-09-01,,0.932419,1.253765,-0.321346,27.0,77,6,XGBoost,xgb_probability,0.9525208473205566,,
Tata Focused Fund,2025-08-01,2025-09-01,,0.615454,1.253765,-0.638311,33.0,77,8,XGBoost,xgb_probability,0.9396462440490723,,
Tata Value Fund,2025-08-01,2025-09-01,,2.354559,1.253765,1.100794,22.0,77,5,XGBoost,xgb_probability,0.9637528657913208,,
UTI Dividend Yield Fund,2025-08-01,2025-09-01,,1.00509,1.253765,-0.248675,23.0,77,5,XGBoost,xgb_probability,0.9633646011352539,,
UTI ELSS Tax Saver Fund,2025-08-01,2025-09-01,,0.909991,1.253765,-0.343774,68.0,77,17,XGBoost,xgb_probability,0.7963624596595764,,
UTI Flexi Cap Fund,2025-08-01,2025-09-01,,-0.837716,1.253765,-2.091481,39.0,77,9,XGBoost,xgb_probability,0.9300793409347534,,
UTI Value Fund,2025-08-01,2025-09-01,,0.803216,1.253765,-0.450549,17.0,77,4,XGBoost,xgb_probability,0.967978835105896,,
Aditya Birla Sun Life Dividend Yield Fund,2025-09-01,2025-10-01,,2.906953,4.342917,-1.435964,37.0,81,8,XGBoost,xgb_probability,0.9332246780395508,,
Aditya Birla Sun Life ELSS Tax Saver Fund,2025-09-01,2025-10-01,,3.450318,4.342917,-0.892599,80.0,81,19,XGBoost,xgb_probability,0.7310007810592651,,
Aditya Birla Sun Life Flexi Cap Fund,2025-09-01,2025-10-01,,4.339532,4.342917,-0.003385,11.0,81,2,XGBoost,xgb_probability,0.9732652306556702,,
Aditya Birla Sun Life Focused Fund,2025-09-01,2025-10-01,,4.923803,4.342917,0.580886,61.0,81,14,XGBoost,xgb_probability,0.8818842172622681,,
Aditya Birla Sun Life Value Fund,2025-09-01,2025-10-01,,3.896505,4.342917,-0.446412,29.0,81,6,XGBoost,xgb_probability,0.9444558620452881,,
Axis ELSS Tax Saver Fund,2025-09-01,2025-10-01,,3.033557,4.342917,-1.30936,79.0,81,19,XGBoost,xgb_probability,0.772135317325592,,
Axis Flexi Cap Fund,2025-09-01,2025-10-01,,2.621723,4.342917,-1.721194,56.0,81,13,XGBoost,xgb_probability,0.8958663940429688,,
Axis Focused Fund,2025-09-01,2025-10-01,,3.053921,4.342917,-1.288996,46.0,81,11,XGBoost,xgb_probability,0.9146260619163513,,
Axis Innovation Fund,2025-09-01,2025-10-01,,2.198901,4.342917,-2.144016,23.0,81,5,XGBoost,xgb_probability,0.9542157649993896,,
Baroda BNP Paribas ELSS Tax Saver Fund,2025-09-01,2025-10-01,,4.189987,4.342917,-0.15293,21.0,81,4,XGBoost,xgb_probability,0.9568099975585938,,
Baroda BNP Paribas Focused Fund,2025-09-01,2025-10-01,,4.70739,4.342917,0.364473,66.0,81,16,XGBoost,xgb_probability,0.8685526251792908,,
DSP ELSS Tax Saver Fund,2025-09-01,2025-10-01,,2.521577,4.342917,-1.82134,70.0,81,17,XGBoost,xgb_probability,0.8457946181297302,,
DSP Flexi Cap Fund,2025-09-01,2025-10-01,,2.003973,4.342917,-2.338944,22.0,81,5,XGBoost,xgb_probability,0.9554712772369385,,
DSP Focused Fund,2025-09-01,2025-10-01,,2.61741,4.342917,-1.725507,47.0,81,11,XGBoost,xgb_probability,0.9134761095046997,,
DSP Value Fund,2025-09-01,2025-10-01,,2.66591,4.342917,-1.677007,76.0,81,18,XGBoost,xgb_probability,0.8082588315010071,,
Edelweiss ELSS Tax saver Fund,2025-09-01,2025-10-01,,4.352188,4.342917,0.009271,48.0,81,11,XGBoost,xgb_probability,0.9131828546524048,,
Edelweiss Flexi Cap Fund,2025-09-01,2025-10-01,,3.796142,4.342917,-0.546775,65.0,81,15,XGBoost,xgb_probability,0.8738977313041687,,
Franklin India ELSS Tax Saver Fund,2025-09-01,2025-10-01,,3.455896,4.342917,-0.887021,4.0,81,0,XGBoost,xgb_probability,0.9769635796546936,,
Franklin India Flexi Cap Fund,2025-09-01,2025-10-01,,3.426612,4.342917,-0.916305,5.0,81,0,XGBoost,xgb_probability,0.976947009563446,,
Franklin India Focused Equity Fund,2025-09-01,2025-10-01,,2.6358,4.342917,-1.707117,64.0,81,15,XGBoost,xgb_probability,0.8742539286613464,,
Franklin India Opportunities Fund,2025-09-01,2025-10-01,,2.767311,4.342917,-1.575606,31.0,81,7,XGBoost,xgb_probability,0.9386274218559265,,
HDFC Dividend Yield Fund,2025-09-01,2025-10-01,,3.376437,4.342917,-0.96648,60.0,81,14,XGBoost,xgb_probability,0.8825589418411255,,
HDFC ELSS Tax saver,2025-09-01,2025-10-01,,2.707661,4.342917,-1.635256,49.0,81,11,XGBoost,xgb_probability,0.9115990996360779,,
HDFC Flexi Cap Fund,2025-09-01,2025-10-01,,2.47796,4.342917,-1.864957,20.0,81,4,XGBoost,xgb_probability,0.95766681432724,,
HDFC Focused Fund,2025-09-01,2025-10-01,,2.283822,4.342917,-2.059095,59.0,81,14,XGBoost,xgb_probability,0.8857289552688599,,
HDFC Value Fund,2025-09-01,2025-10-01,,4.177343,4.342917,-0.165574,14.0,81,3,XGBoost,xgb_probability,0.9665876030921936,,
HSBC Flexi Cap Fund,2025-09-01,2025-10-01,,3.099367,4.342917,-1.24355,35.0,81,8,XGBoost,xgb_probability,0.9356737732887268,,
HSBC Focused Fund,2025-09-01,2025-10-01,,1.896634,4.342917,-2.446283,55.0,81,13,XGBoost,xgb_probability,0.8983772993087769,,
HSBC Tax Saver Equity Fund,2025-09-01,2025-10-01,,2.391932,4.342917,-1.950985,26.0,81,6,XGBoost,xgb_probability,0.9457471370697021,,
ICICI Prudential Business Cycle Fund,2025-09-01,2025-10-01,,3.095147,4.342917,-1.24777,52.0,81,12,XGBoost,xgb_probability,0.9059818983078003,,
ICICI Prudential Dividend Yield Equity Fund,2025-09-01,2025-10-01,,3.364897,4.342917,-0.97802,41.0,81,9,XGBoost,xgb_probability,0.923427164554596,,
ICICI Prudential ELSS Tax Saver Fund,2025-09-01,2025-10-01,,2.404251,4.342917,-1.938666,58.0,81,14,XGBoost,xgb_probability,0.8930382132530212,,
ICICI Prudential India Opportunities Fund,2025-09-01,2025-10-01,,3.481823,4.342917,-0.861094,10.0,81,2,XGBoost,xgb_probability,0.9732702970504761,,
ICICI Prudential Value Fund,2025-09-01,2025-10-01,,3.047957,4.342917,-1.29496,3.0,81,0,XGBoost,xgb_probability,0.9774808883666992,,
ITI ELSS Tax Saver Fund,2025-09-01,2025-10-01,,4.29479,4.342917,-0.048127,53.0,81,12,XGBoost,xgb_probability,0.9054189920425415,,
ITI Value Fund,2025-09-01,2025-10-01,,3.508968,4.342917,-0.833949,12.0,81,2,XGBoost,xgb_probability,0.9702095985412598,,
Kotak Contra Fund,2025-09-01,2025-10-01,,2.736254,4.342917,-1.606663,32.0,81,7,XGBoost,xgb_probability,0.9374252557754517,,
Kotak ELSS Tax Saver Fund,2025-09-01,2025-10-01,,2.183299,4.342917,-2.159618,19.0,81,4,XGBoost,xgb_probability,0.9592177867889404,,
Kotak Flexi Cap Fund,2025-09-01,2025-10-01,,3.049818,4.342917,-1.293099,1.0,81,0,XGBoost,xgb_probability,0.9868943691253662,,
Kotak Focused Fund,2025-09-01,2025-10-01,,3.568897,4.342917,-0.77402,36.0,81,8,XGBoost,xgb_probability,0.9350408911705017,,
LIC MF Dividend Yield Fund,2025-09-01,2025-10-01,,3.444199,4.342917,-0.898718,8.0,81,1,XGBoost,xgb_probability,0.9748786091804504,,
LIC MF ELSS Tax Saver,2025-09-01,2025-10-01,,2.260217,4.342917,-2.0827,63.0,81,15,XGBoost,xgb_probability,0.8756750822067261,,
LIC MF Flexi Cap Fund,2025-09-01,2025-10-01,,2.889599,4.342917,-1.453318,81.0,81,19,XGBoost,xgb_probability,0.6877310276031494,,
LIC MF Focused Fund,2025-09-01,2025-10-01,,2.451418,4.342917,-1.891499,68.0,81,16,XGBoost,xgb_probability,0.861371636390686,,
LIC MF Value Fund,2025-09-01,2025-10-01,,2.722552,4.342917,-1.620365,15.0,81,3,XGBoost,xgb_probability,0.9629508852958679,,
Mahindra Manulife ELSS Tax Saver Fund,2025-09-01,2025-10-01,,2.705725,4.342917,-1.637192,44.0,81,10,XGBoost,xgb_probability,0.9158905148506165,,
Mahindra Manulife Flexi Cap Fund,2025-09-01,2025-10-01,,2.766992,4.342917,-1.575925,16.0,81,3,XGBoost,xgb_probability,0.9626575112342834,,
Mahindra Manulife Focused Fund,2025-09-01,2025-10-01,,3.676527,4.342917,-0.66639,77.0,81,18,XGBoost,xgb_probability,0.8016766905784607,,
Mirae Asset ELSS Tax Saver Fund,2025-09-01,2025-10-01,,3.884757,4.342917,-0.45816,45.0,81,10,XGBoost,xgb_probability,0.9154388904571533,,
Mirae Asset Focused Fund,2025-09-01,2025-10-01,,2.485228,4.342917,-1.857689,62.0,81,15,XGBoost,xgb_probability,0.8789787888526917,,
Motilal Oswal ELSS Tax Saver Fund,2025-09-01,2025-10-01,,2.174987,4.342917,-2.16793,71.0,81,17,XGBoost,xgb_probability,0.8445757031440735,,
Motilal Oswal Flexi Cap Fund,2025-09-01,2025-10-01,,3.766802,4.342917,-0.576115,74.0,81,18,XGBoost,xgb_probability,0.8177531361579895,,
Motilal Oswal Focused Fund,2025-09-01,2025-10-01,,3.689322,4.342917,-0.653595,42.0,81,10,XGBoost,xgb_probability,0.9186657667160034,,
Navi Flexi Cap Fund,2025-09-01,2025-10-01,,3.2688,4.342917,-1.074117,34.0,81,8,XGBoost,xgb_probability,0.9360619187355042,,
Nippon India ELSS Tax Saver Fund,2025-09-01,2025-10-01,,2.865032,4.342917,-1.477885,17.0,81,3,XGBoost,xgb_probability,0.9608039259910583,,
Nippon India Flexi Cap Fund,2025-09-01,2025-10-01,,2.629644,4.342917,-1.713273,57.0,81,13,XGBoost,xgb_probability,0.895405113697052,,
Nippon India Value Fund,2025-09-01,2025-10-01,,3.673562,4.342917,-0.669355,13.0,81,2,XGBoost,xgb_probability,0.9687724113464355,,
Parag Parikh ELSS Tax Saver Fund,2025-09-01,2025-10-01,,1.326259,4.342917,-3.016658,51.0,81,12,XGBoost,xgb_probability,0.9107115864753723,,
Parag Parikh Flexi Cap Fund,2025-09-01,2025-10-01,,2.089556,4.342917,-2.253361,69.0,81,16,XGBoost,xgb_probability,0.8559015393257141,,
PGIM India ELSS Tax Saver Fund,2025-09-01,2025-10-01,,2.963526,4.342917,-1.379391,54.0,81,13,XGBoost,xgb_probability,0.9022440910339355,,
PGIM India Flexi Cap Fund,2025-09-01,2025-10-01,,3.191489,4.342917,-1.151428,75.0,81,18,XGBoost,xgb_probability,0.8105766177177429,,
Quant ELSS Tax Saver Fund,2025-09-01,2025-10-01,,3.415197,4.342917,-0.92772,72.0,81,17,XGBoost,xgb_probability,0.8270102143287659,,
Quant Flexi Cap Fund,2025-09-01,2025-10-01,,2.265863,4.342917,-2.077054,78.0,81,19,XGBoost,xgb_probability,0.801488995552063,,
Quant Focused Fund,2025-09-01,2025-10-01,,3.53156,4.342917,-0.811357,67.0,81,16,XGBoost,xgb_probability,0.8674643039703369,,
Shriram ELSS Tax Saver Fund,2025-09-01,2025-10-01,,3.583151,4.342917,-0.759766,7.0,81,1,XGBoost,xgb_probability,0.9758179187774658,,
Shriram Flexi Cap Fund,2025-09-01,2025-10-01,,3.568197,4.342917,-0.77472,6.0,81,1,XGBoost,xgb_probability,0.976402997970581,,
Sundaram Dividend Yield Fund,2025-09-01,2025-10-01,,3.505759,4.342917,-0.837158,27.0,81,6,XGBoost,xgb_probability,0.9452281594276428,,
Sundaram ELSS Tax Saver Fund,2025-09-01,2025-10-01,,2.766445,4.342917,-1.576472,38.0,81,9,XGBoost,xgb_probability,0.9328550100326538,,
Sundaram Focused Fund,2025-09-01,2025-10-01,,2.007546,4.342917,-2.335371,50.0,81,12,XGBoost,xgb_probability,0.9112817049026489,,
Sundaram Value Fund,2025-09-01,2025-10-01,,2.940219,4.342917,-1.402698,40.0,81,9,XGBoost,xgb_probability,0.928722083568573,,
Tata Business Cycle Fund,2025-09-01,2025-10-01,,3.625547,4.342917,-0.71737,2.0,81,0,XGBoost,xgb_probability,0.9784723520278931,,
Tata Dividend Yield Fund,2025-09-01,2025-10-01,,4.815051,4.342917,0.472134,43.0,81,10,XGBoost,xgb_probability,0.9178805947303772,,
Tata ELSS Fund,2025-09-01,2025-10-01,,3.48408,4.342917,-0.858837,73.0,81,17,XGBoost,xgb_probability,0.8231433629989624,,
Tata Flexi Cap Fund,2025-09-01,2025-10-01,,2.279892,4.342917,-2.063025,30.0,81,7,XGBoost,xgb_probability,0.9423195719718933,,
Tata Focused Fund,2025-09-01,2025-10-01,,2.262413,4.342917,-2.080504,25.0,81,5,XGBoost,xgb_probability,0.9510843753814697,,
Tata Value Fund,2025-09-01,2025-10-01,,2.77354,4.342917,-1.569377,18.0,81,4,XGBoost,xgb_probability,0.9600366353988647,,
UTI Dividend Yield Fund,2025-09-01,2025-10-01,,2.400042,4.342917,-1.942875,9.0,81,1,XGBoost,xgb_probability,0.9747849106788635,,
UTI ELSS Tax Saver Fund,2025-09-01,2025-10-01,,2.732675,4.342917,-1.610242,39.0,81,9,XGBoost,xgb_probability,0.9308264255523682,,
UTI Flexi Cap Fund,2025-09-01,2025-10-01,,2.078302,4.342917,-2.264615,33.0,81,7,XGBoost,xgb_probability,0.9364566206932068,,
UTI Focused Fund,2025-09-01,2025-10-01,,2.981026,4.342917,-1.361891,24.0,81,5,XGBoost,xgb_probability,0.9518383145332336,,
UTI Value Fund,2025-09-01,2025-10-01,,2.818632,4.342917,-1.524285,28.0,81,6,XGBoost,xgb_probability,0.9449054598808289,,
Aditya Birla Sun Life Dividend Yield Fund,2025-10-01,2025-11-01,,0.661296,0.996498,-0.335202,66.0,81,16,XGBoost,xgb_probability,0.24438701570034027,,
Aditya Birla Sun Life ELSS Tax Saver Fund,2025-10-01,2025-11-01,,-0.39576,0.996498,-1.392258,36.0,81,8,XGBoost,xgb_probability,0.6137944459915161,,
Aditya Birla Sun Life Flexi Cap Fund,2025-10-01,2025-11-01,,0.256392,0.996498,-0.740106,41.0,81,9,XGBoost,xgb_probability,0.539392352104187,,
Aditya Birla Sun Life Focused Fund,2025-10-01,2025-11-01,,0.995937,0.996498,-0.000561,63.0,81,15,XGBoost,xgb_probability,0.255623459815979,,
Aditya Birla Sun Life Value Fund,2025-10-01,2025-11-01,,0.836782,0.996498,-0.159716,33.0,81,7,XGBoost,xgb_probability,0.6337162852287292,,
Axis ELSS Tax Saver Fund,2025-10-01,2025-11-01,,0.662767,0.996498,-0.333731,47.0,81,11,XGBoost,xgb_probability,0.47705408930778503,,
Axis Flexi Cap Fund,2025-10-01,2025-11-01,,-0.066357,0.996498,-1.062855,43.0,81,10,XGBoost,xgb_probability,0.5019558668136597,,
Axis Focused Fund,2025-10-01,2025-11-01,,0.030869,0.996498,-0.965629,58.0,81,14,XGBoost,xgb_probability,0.35777977108955383,,
Axis Innovation Fund,2025-10-01,2025-11-01,,0.0489,0.996498,-0.947598,69.0,81,16,XGBoost,xgb_probability,0.23936839401721954,,
Baroda BNP Paribas ELSS Tax Saver Fund,2025-10-01,2025-11-01,,2.567804,0.996498,1.571306,53.0,81,12,XGBoost,xgb_probability,0.42138156294822693,,
Baroda BNP Paribas Focused Fund,2025-10-01,2025-11-01,,1.579985,0.996498,0.583487,9.0,81,1,XGBoost,xgb_probability,0.8943035006523132,,
DSP ELSS Tax Saver Fund,2025-10-01,2025-11-01,,1.115211,0.996498,0.118713,74.0,81,18,XGBoost,xgb_probability,0.12128115445375443,,
DSP Flexi Cap Fund,2025-10-01,2025-11-01,,0.183116,0.996498,-0.813382,70.0,81,17,XGBoost,xgb_probability,0.2364061176776886,,
DSP Focused Fund,2025-10-01,2025-11-01,,1.331841,0.996498,0.335343,10.0,81,2,XGBoost,xgb_probability,0.884857714176178,,
DSP Value Fund,2025-10-01,2025-11-01,,-0.198689,0.996498,-1.195187,31.0,81,7,XGBoost,xgb_probability,0.6788408756256104,,
Edelweiss ELSS Tax saver Fund,2025-10-01,2025-11-01,,1.46994,0.996498,0.473442,65.0,81,15,XGBoost,xgb_probability,0.24622124433517456,,
Edelweiss Flexi Cap Fund,2025-10-01,2025-11-01,,0.555374,0.996498,-0.441124,61.0,81,14,XGBoost,xgb_probability,0.2705903649330139,,
Franklin India ELSS Tax Saver Fund,2025-10-01,2025-11-01,,-0.511135,0.996498,-1.507633,39.0,81,9,XGBoost,xgb_probability,0.5610343217849731,,
Franklin India Flexi Cap Fund,2025-10-01,2025-11-01,,-0.264536,0.996498,-1.261034,22.0,81,5,XGBoost,xgb_probability,0.7642536163330078,,
Franklin India Focused Equity Fund,2025-10-01,2025-11-01,,-0.151397,0.996498,-1.147895,21.0,81,4,XGBoost,xgb_probability,0.767682671546936,,
Franklin India Opportunities Fund,2025-10-01,2025-11-01,,-1.193813,0.996498,-2.190311,32.0,81,7,XGBoost,xgb_probability,0.6696850657463074,,
HDFC Dividend Yield Fund,2025-10-01,2025-11-01,,-1.294041,0.996498,-2.290539,73.0,81,17,XGBoost,xgb_probability,0.14431628584861755,,
HDFC ELSS Tax saver,2025-10-01,2025-11-01,,-0.670636,0.996498,-1.667134,11.0,81,2,XGBoost,xgb_probability,0.8792957663536072,,
HDFC Flexi Cap Fund,2025-10-01,2025-11-01,,-0.535729,0.996498,-1.532227,5.0,81,0,XGBoost,xgb_probability,0.912117600440979,,
HDFC Focused Fund,2025-10-01,2025-11-01,,-0.636634,0.996498,-1.633132,18.0,81,4,XGBoost,xgb_probability,0.7916756868362427,,
HDFC Value Fund,2025-10-01,2025-11-01,,0.316546,0.996498,-0.679952,59.0,81,14,XGBoost,xgb_probability,0.3206775188446045,,
HSBC Flexi Cap Fund,2025-10-01,2025-11-01,,-1.147941,0.996498,-2.144439,26.0,81,6,XGBoost,xgb_probability,0.7164579629898071,,
HSBC Focused Fund,2025-10-01,2025-11-01,,0.598939,0.996498,-0.397559,54.0,81,13,XGBoost,xgb_probability,0.42006295919418335,,
HSBC Tax Saver Equity Fund,2025-10-01,2025-11-01,,-0.537712,0.996498,-1.53421,49.0,81,11,XGBoost,xgb_probability,0.462934672832489,,
ICICI Prudential Business Cycle Fund,2025-10-01,2025-11-01,,0.550257,0.996498,-0.446241,71.0,81,17,XGBoost,xgb_probability,0.17283956706523895,,
ICICI Prudential Dividend Yield Equity Fund,2025-10-01,2025-11-01,,-0.032368,0.996498,-1.028866,45.0,81,10,XGBoost,xgb_probability,0.4966568648815155,,
ICICI Prudential ELSS Tax Saver Fund,2025-10-01,2025-11-01,,-0.145126,0.996498,-1.141624,4.0,81,0,XGBoost,xgb_probability,0.937016487121582,,
ICICI Prudential India Opportunities Fund,2025-10-01,2025-11-01,,0.808031,0.996498,-0.188467,24.0,81,5,XGBoost,xgb_probability,0.748525857925415,,
ICICI Prudential Value Fund,2025-10-01,2025-11-01,,1.448954,0.996498,0.452456,7.0,81,1,XGBoost,xgb_probability,0.9015469551086426,,
ITI ELSS Tax Saver Fund,2025-10-01,2025-11-01,,-1.498191,0.996498,-2.494689,75.0,81,18,XGBoost,xgb_probability,0.116836778819561,,
ITI Value Fund,2025-10-01,2025-11-01,,0.334082,0.996498,-0.662416,57.0,81,13,XGBoost,xgb_probability,0.35965976119041443,,
Kotak Contra Fund,2025-10-01,2025-11-01,,0.019459,0.996498,-0.977039,13.0,81,2,XGBoost,xgb_probability,0.852738082408905,,
Kotak ELSS Tax Saver Fund,2025-10-01,2025-11-01,,0.034485,0.996498,-0.962013,2.0,81,0,XGBoost,xgb_probability,0.9651552438735962,,
Kotak Flexi Cap Fund,2025-10-01,2025-11-01,,0.134333,0.996498,-0.862165,56.0,81,13,XGBoost,xgb_probability,0.38218003511428833,,
Kotak Focused Fund,2025-10-01,2025-11-01,,0.55813,0.996498,-0.438368,1.0,81,0,XGBoost,xgb_probability,0.9767822623252869,,
LIC MF Dividend Yield Fund,2025-10-01,2025-11-01,,-0.971298,0.996498,-1.967796,76.0,81,18,XGBoost,xgb_probability,0.10760211199522018,,
LIC MF ELSS Tax Saver,2025-10-01,2025-11-01,,-0.935491,0.996498,-1.931989,50.0,81,12,XGBoost,xgb_probability,0.45246270298957825,,
LIC MF Flexi Cap Fund,2025-10-01,2025-11-01,,-0.280365,0.996498,-1.276863,27.0,81,6,XGBoost,xgb_probability,0.7043236494064331,,
LIC MF Focused Fund,2025-10-01,2025-11-01,,-1.697854,0.996498,-2.694352,12.0,81,2,XGBoost,xgb_probability,0.8682724237442017,,
LIC MF Value Fund,2025-10-01,2025-11-01,,1.252646,0.996498,0.256148,20.0,81,4,XGBoost,xgb_probability,0.7864580154418945,,
Mahindra Manulife ELSS Tax Saver Fund,2025-10-01,2025-11-01,,0.528946,0.996498,-0.467552,37.0,81,8,XGBoost,xgb_probability,0.6040760278701782,,
Mahindra Manulife Flexi Cap Fund,2025-10-01,2025-11-01,,0.504372,0.996498,-0.492126,67.0,81,16,XGBoost,xgb_probability,0.2410014271736145,,
Mahindra Manulife Focused Fund,2025-10-01,2025-11-01,,-0.170218,0.996498,-1.166716,68.0,81,16,XGBoost,xgb_probability,0.24069777131080627,,
Mirae Asset ELSS Tax Saver Fund,2025-10-01,2025-11-01,,-0.092815,0.996498,-1.089313,62.0,81,15,XGBoost,xgb_probability,0.2614251971244812,,
Mirae Asset Focused Fund,2025-10-01,2025-11-01,,-1.096241,0.996498,-2.092739,17.0,81,3,XGBoost,xgb_probability,0.8101824522018433,,
Motilal Oswal ELSS Tax Saver Fund,2025-10-01,2025-11-01,,-2.553751,0.996498,-3.550249,55.0,81,13,XGBoost,xgb_probability,0.4000984728336334,,
Motilal Oswal Flexi Cap Fund,2025-10-01,2025-11-01,,-1.265599,0.996498,-2.262097,38.0,81,9,XGBoost,xgb_probability,0.5818480253219604,,
Motilal Oswal Focused Fund,2025-10-01,2025-11-01,,-0.346109,0.996498,-1.342607,79.0,81,19,XGBoost,xgb_probability,0.03303077816963196,,
Navi Flexi Cap Fund,2025-10-01,2025-11-01,,0.662427,0.996498,-0.334071,25.0,81,5,XGBoost,xgb_probability,0.7451714277267456,,
Nippon India ELSS Tax Saver Fund,2025-10-01,2025-11-01,,-0.542994,0.996498,-1.539492,14.0,81,3,XGBoost,xgb_probability,0.8413302898406982,,
Nippon India Flexi Cap Fund,2025-10-01,2025-11-01,,-0.926996,0.996498,-1.923494,6.0,81,1,XGBoost,xgb_probability,0.904527485370636,,
Nippon India Value Fund,2025-10-01,2025-11-01,,-0.359742,0.996498,-1.35624,72.0,81,17,XGBoost,xgb_probability,0.1500532031059265,,
Parag Parikh ELSS Tax Saver Fund,2025-10-01,2025-11-01,,-1.274815,0.996498,-2.271313,23.0,81,5,XGBoost,xgb_probability,0.7509907484054565,,
Parag Parikh Flexi Cap Fund,2025-10-01,2025-11-01,,-0.659295,0.996498,-1.655793,29.0,81,6,XGBoost,xgb_probability,0.6978241205215454,,
PGIM India ELSS Tax Saver Fund,2025-10-01,2025-11-01,,-0.267705,0.996498,-1.264203,52.0,81,12,XGBoost,xgb_probability,0.42310985922813416,,
PGIM India Flexi Cap Fund,2025-10-01,2025-11-01,,-0.521424,0.996498,-1.517922,34.0,81,8,XGBoost,xgb_probability,0.633510947227478,,
Quant ELSS Tax Saver Fund,2025-10-01,2025-11-01,,-0.513725,0.996498,-1.510223,28.0,81,6,XGBoost,xgb_probability,0.7003491520881653,,
Quant Flexi Cap Fund,2025-10-01,2025-11-01,,0.055666,0.996498,-0.940832,51.0,81,12,XGBoost,xgb_probability,0.43489736318588257,,
Quant Focused Fund,2025-10-01,2025-11-01,,-1.926096,0.996498,-2.922594,19.0,81,4,XGBoost,xgb_probability,0.7915337085723877,,
Shriram ELSS Tax Saver Fund,2025-10-01,2025-11-01,,0.333122,0.996498,-0.663376,80.0,81,19,XGBoost,xgb_probability,0.013079134747385979,,
Shriram Flexi Cap Fund,2025-10-01,2025-11-01,,0.333295,0.996498,-0.663203,78.0,81,19,XGBoost,xgb_probability,0.056524887681007385,,
Sundaram Dividend Yield Fund,2025-10-01,2025-11-01,,0.014557,0.996498,-0.981941,77.0,81,18,XGBoost,xgb_probability,0.08769338577985764,,
Sundaram ELSS Tax Saver Fund,2025-10-01,2025-11-01,,0.20528,0.996498,-0.791218,15.0,81,3,XGBoost,xgb_probability,0.8390146493911743,,
Sundaram Focused Fund,2025-10-01,2025-11-01,,-0.311329,0.996498,-1.307827,60.0,81,14,XGBoost,xgb_probability,0.27464407682418823,,
Sundaram Value Fund,2025-10-01,2025-11-01,,0.08461,0.996498,-0.911888,40.0,81,9,XGBoost,xgb_probability,0.5471816062927246,,
Tata Business Cycle Fund,2025-10-01,2025-11-01,,-1.046159,0.996498,-2.042657,42.0,81,10,XGBoost,xgb_probability,0.5325518846511841,,
Tata Dividend Yield Fund,2025-10-01,2025-11-01,,0.433565,0.996498,-0.562933,30.0,81,7,XGBoost,xgb_probability,0.6814032196998596,,
Tata ELSS Fund,2025-10-01,2025-11-01,,0.96081,0.996498,-0.035688,81.0,81,19,XGBoost,xgb_probability,0.007715262472629547,,
Tata Flexi Cap Fund,2025-10-01,2025-11-01,,-0.599422,0.996498,-1.59592,3.0,81,0,XGBoost,xgb_probability,0.9428916573524475,,
Tata Focused Fund,2025-10-01,2025-11-01,,-0.075896,0.996498,-1.072394,16.0,81,3,XGBoost,xgb_probability,0.8214651346206665,,
Tata Value Fund,2025-10-01,2025-11-01,,0.949455,0.996498,-0.047043,48.0,81,11,XGBoost,xgb_probability,0.47075068950653076,,
UTI Dividend Yield Fund,2025-10-01,2025-11-01,,-0.078471,0.996498,-1.074969,46.0,81,11,XGBoost,xgb_probability,0.4927369952201843,,
UTI ELSS Tax Saver Fund,2025-10-01,2025-11-01,,-0.504879,0.996498,-1.501377,44.0,81,10,XGBoost,xgb_probability,0.4998989999294281,,
UTI Flexi Cap Fund,2025-10-01,2025-11-01,,-1.31449,0.996498,-2.310988,64.0,81,15,XGBoost,xgb_probability,0.25152158737182617,,
UTI Focused Fund,2025-10-01,2025-11-01,,-0.553406,0.996498,-1.549904,8.0,81,1,XGBoost,xgb_probability,0.8985993266105652,,
UTI Value Fund,2025-10-01,2025-11-01,,-0.294882,0.996498,-1.29138,35.0,81,8,XGBoost,xgb_probability,0.6204813122749329,,
Aditya Birla Sun Life Dividend Yield Fund,2025-11-01,2025-12-01,,0.875295,-0.257308,1.132603,70.0,81,17,XGBoost,xgb_probability,0.12664882838726044,,
Aditya Birla Sun Life ELSS Tax Saver Fund,2025-11-01,2025-12-01,,-1.006521,-0.257308,-0.749213,21.0,81,4,XGBoost,xgb_probability,0.6512491703033447,,
Aditya Birla Sun Life Flexi Cap Fund,2025-11-01,2025-12-01,,0.448899,-0.257308,0.706207,49.0,81,11,XGBoost,xgb_probability,0.27134644985198975,,
Aditya Birla Sun Life Focused Fund,2025-11-01,2025-12-01,,0.443551,-0.257308,0.700859,10.0,81,2,XGBoost,xgb_probability,0.7904143333435059,,
Aditya Birla Sun Life Value Fund,2025-11-01,2025-12-01,,0.600421,-0.257308,0.857729,32.0,81,7,XGBoost,xgb_probability,0.5101087093353271,,
Axis ELSS Tax Saver Fund,2025-11-01,2025-12-01,,-1.249233,-0.257308,-0.991925,66.0,81,16,XGBoost,xgb_probability,0.1681603491306305,,
Axis Flexi Cap Fund,2025-11-01,2025-12-01,,-1.996672,-0.257308,-1.739364,64.0,81,15,XGBoost,xgb_probability,0.18477949500083923,,
Axis Focused Fund,2025-11-01,2025-12-01,,-2.444685,-0.257308,-2.187377,45.0,81,10,XGBoost,xgb_probability,0.3149806559085846,,
Axis Innovation Fund,2025-11-01,2025-12-01,,-1.074219,-0.257308,-0.816911,56.0,81,13,XGBoost,xgb_probability,0.2449563890695572,,
Baroda BNP Paribas ELSS Tax Saver Fund,2025-11-01,2025-12-01,,-0.718519,-0.257308,-0.461211,63.0,81,15,XGBoost,xgb_probability,0.19302226603031158,,
Baroda BNP Paribas Focused Fund,2025-11-01,2025-12-01,,-0.7412,-0.257308,-0.483892,5.0,81,0,XGBoost,xgb_probability,0.875494122505188,,
DSP ELSS Tax Saver Fund,2025-11-01,2025-12-01,,0.721761,-0.257308,0.979069,62.0,81,15,XGBoost,xgb_probability,0.19418877363204956,,
DSP Flexi Cap Fund,2025-11-01,2025-12-01,,-0.038401,-0.257308,0.218907,46.0,81,11,XGBoost,xgb_probability,0.28800538182258606,,
DSP Focused Fund,2025-11-01,2025-12-01,,-0.243902,-0.257308,0.013406,27.0,81,6,XGBoost,xgb_probability,0.6164231300354004,,
DSP Value Fund,2025-11-01,2025-12-01,,1.323691,-0.257308,1.580999,47.0,81,11,XGBoost,xgb_probability,0.279348760843277,,
Edelweiss ELSS Tax saver Fund,2025-11-01,2025-12-01,,0.014472,-0.257308,0.27178,60.0,81,14,XGBoost,xgb_probability,0.2126503884792328,,
Edelweiss Flexi Cap Fund,2025-11-01,2025-12-01,,0.563087,-0.257308,0.820395,73.0,81,17,XGBoost,xgb_probability,0.09760597348213196,,
Franklin India ELSS Tax Saver Fund,2025-11-01,2025-12-01,,-0.978379,-0.257308,-0.721071,58.0,81,14,XGBoost,xgb_probability,0.21434128284454346,,
Franklin India Flexi Cap Fund,2025-11-01,2025-12-01,,-0.818623,-0.257308,-0.561315,29.0,81,6,XGBoost,xgb_probability,0.5608339905738831,,
Franklin India Focused Equity Fund,2025-11-01,2025-12-01,,-0.94424,-0.257308,-0.686932,39.0,81,9,XGBoost,xgb_probability,0.41426992416381836,,
Franklin India Opportunities Fund,2025-11-01,2025-12-01,,-0.816971,-0.257308,-0.559663,36.0,81,8,XGBoost,xgb_probability,0.48443353176116943,,
HDFC Dividend Yield Fund,2025-11-01,2025-12-01,,-0.418594,-0.257308,-0.161286,68.0,81,16,XGBoost,xgb_probability,0.14584487676620483,,
HDFC ELSS Tax saver,2025-11-01,2025-12-01,,-0.476055,-0.257308,-0.218747,33.0,81,7,XGBoost,xgb_probability,0.49361059069633484,,
HDFC Flexi Cap Fund,2025-11-01,2025-12-01,,-0.441986,-0.257308,-0.184678,15.0,81,3,XGBoost,xgb_probability,0.7082744240760803,,
HDFC Focused Fund,2025-11-01,2025-12-01,,-0.513616,-0.257308,-0.256308,8.0,81,1,XGBoost,xgb_probability,0.8165791034698486,,
HDFC Value Fund,2025-11-01,2025-12-01,,-0.069914,-0.257308,0.187394,71.0,81,17,XGBoost,xgb_probability,0.12056397646665573,,
HSBC Flexi Cap Fund,2025-11-01,2025-12-01,,-0.722643,-0.257308,-0.465335,34.0,81,8,XGBoost,xgb_probability,0.48795682191848755,,
HSBC Focused Fund,2025-11-01,2025-12-01,,0.996909,-0.257308,1.254217,18.0,81,4,XGBoost,xgb_probability,0.6853225827217102,,
HSBC Tax Saver Equity Fund,2025-11-01,2025-12-01,,-0.743702,-0.257308,-0.486394,43.0,81,10,XGBoost,xgb_probability,0.3483102023601532,,
ICICI Prudential Business Cycle Fund,2025-11-01,2025-12-01,,-0.619082,-0.257308,-0.361774,79.0,81,19,XGBoost,xgb_probability,0.0539398118853569,,
ICICI Prudential Dividend Yield Equity Fund,2025-11-01,2025-12-01,,-0.46918,-0.257308,-0.211872,54.0,81,13,XGBoost,xgb_probability,0.24884086847305298,,
ICICI Prudential ELSS Tax Saver Fund,2025-11-01,2025-12-01,,-1.015928,-0.257308,-0.75862,2.0,81,0,XGBoost,xgb_probability,0.9022383689880371,,
ICICI Prudential India Opportunities Fund,2025-11-01,2025-12-01,,0.24266,-0.257308,0.499968,20.0,81,4,XGBoost,xgb_probability,0.6803919076919556,,
ICICI Prudential Value Fund,2025-11-01,2025-12-01,,0.218962,-0.257308,0.47627,23.0,81,5,XGBoost,xgb_probability,0.650065004825592,,
ITI ELSS Tax Saver Fund,2025-11-01,2025-12-01,,-0.870535,-0.257308,-0.613227,12.0,81,2,XGBoost,xgb_probability,0.7591760754585266,,
ITI Value Fund,2025-11-01,2025-12-01,,1.058074,-0.257308,1.315382,41.0,81,9,XGBoost,xgb_probability,0.41323354840278625,,
Kotak Contra Fund,2025-11-01,2025-12-01,,0.61292,-0.257308,0.870228,14.0,81,3,XGBoost,xgb_probability,0.7254704236984253,,
Kotak ELSS Tax Saver Fund,2025-11-01,2025-12-01,,-0.590431,-0.257308,-0.333123,1.0,81,0,XGBoost,xgb_probability,0.9213196635246277,,
Kotak Flexi Cap Fund,2025-11-01,2025-12-01,,-0.574098,-0.257308,-0.31679,22.0,81,5,XGBoost,xgb_probability,0.6512079238891602,,
Kotak Focused Fund,2025-11-01,2025-12-01,,0.643076,-0.257308,0.900384,44.0,81,10,XGBoost,xgb_probability,0.31649404764175415,,
LIC MF Dividend Yield Fund,2025-11-01,2025-12-01,,-0.847703,-0.257308,-0.590395,17.0,81,3,XGBoost,xgb_probability,0.6876177787780762,,
LIC MF ELSS Tax Saver,2025-11-01,2025-12-01,,0.012206,-0.257308,0.269514,69.0,81,16,XGBoost,xgb_probability,0.13411945104599,,
LIC MF Flexi Cap Fund,2025-11-01,2025-12-01,,-0.850554,-0.257308,-0.593246,38.0,81,9,XGBoost,xgb_probability,0.44676414132118225,,
LIC MF Focused Fund,2025-11-01,2025-12-01,,0.399745,-0.257308,0.657053,3.0,81,0,XGBoost,xgb_probability,0.896837592124939,,
LIC MF Value Fund,2025-11-01,2025-12-01,,-1.769481,-0.257308,-1.512173,11.0,81,2,XGBoost,xgb_probability,0.7610417008399963,,
Mahindra Manulife ELSS Tax Saver Fund,2025-11-01,2025-12-01,,-0.27296,-0.257308,-0.015652,28.0,81,6,XGBoost,xgb_probability,0.6048542261123657,,
Mahindra Manulife Flexi Cap Fund,2025-11-01,2025-12-01,,-0.429738,-0.257308,-0.17243,37.0,81,8,XGBoost,xgb_probability,0.47625839710235596,,
Mahindra Manulife Focused Fund,2025-11-01,2025-12-01,,-0.06558,-0.257308,0.191728,52.0,81,12,XGBoost,xgb_probability,0.2514995038509369,,
Mirae Asset ELSS Tax Saver Fund,2025-11-01,2025-12-01,,0.250034,-0.257308,0.507342,72.0,81,17,XGBoost,xgb_probability,0.09932512789964676,,
Mirae Asset Focused Fund,2025-11-01,2025-12-01,,-0.514004,-0.257308,-0.256696,42.0,81,10,XGBoost,xgb_probability,0.40965402126312256,,
Motilal Oswal ELSS Tax Saver Fund,2025-11-01,2025-12-01,,-2.384463,-0.257308,-2.127155,30.0,81,7,XGBoost,xgb_probability,0.5472787022590637,,
Motilal Oswal Flexi Cap Fund,2025-11-01,2025-12-01,,-3.170298,-0.257308,-2.91299,61.0,81,14,XGBoost,xgb_probability,0.20196343958377838,,
Motilal Oswal Focused Fund,2025-11-01,2025-12-01,,-0.208017,-0.257308,0.049291,74.0,81,18,XGBoost,xgb_probability,0.09271948039531708,,
Navi Flexi Cap Fund,2025-11-01,2025-12-01,,-0.245595,-0.257308,0.011713,65.0,81,15,XGBoost,xgb_probability,0.16831500828266144,,
Nippon India ELSS Tax Saver Fund,2025-11-01,2025-12-01,,-1.203181,-0.257308,-0.945873,16.0,81,3,XGBoost,xgb_probability,0.7026655077934265,,
Nippon India Flexi Cap Fund,2025-11-01,2025-12-01,,-0.517432,-0.257308,-0.260124,35.0,81,8,XGBoost,xgb_probability,0.4849332571029663,,
Nippon India Value Fund,2025-11-01,2025-12-01,,-0.685983,-0.257308,-0.428675,51.0,81,12,XGBoost,xgb_probability,0.2681824266910553,,
Parag Parikh ELSS Tax Saver Fund,2025-11-01,2025-12-01,,0.007526,-0.257308,0.264834,26.0,81,6,XGBoost,xgb_probability,0.6336837410926819,,
Parag Parikh Flexi Cap Fund,2025-11-01,2025-12-01,,0.243417,-0.257308,0.500725,31.0,81,7,XGBoost,xgb_probability,0.5248274207115173,,
PGIM India ELSS Tax Saver Fund,2025-11-01,2025-12-01,,-1.4174,-0.257308,-1.160092,80.0,81,19,XGBoost,xgb_probability,0.05229924991726875,,
PGIM India Flexi Cap Fund,2025-11-01,2025-12-01,,-1.367366,-0.257308,-1.110058,40.0,81,9,XGBoost,xgb_probability,0.4142647385597229,,
Quant ELSS Tax Saver Fund,2025-11-01,2025-12-01,,-0.744707,-0.257308,-0.487399,7.0,81,1,XGBoost,xgb_probability,0.8272441625595093,,
Quant Flexi Cap Fund,2025-11-01,2025-12-01,,-0.763537,-0.257308,-0.506229,19.0,81,4,XGBoost,xgb_probability,0.68437659740448,,
Quant Focused Fund,2025-11-01,2025-12-01,,-0.601642,-0.257308,-0.344334,24.0,81,5,XGBoost,xgb_probability,0.6447637677192688,,
Shriram ELSS Tax Saver Fund,2025-11-01,2025-12-01,,-0.508466,-0.257308,-0.251158,76.0,81,18,XGBoost,xgb_probability,0.07396095991134644,,
Shriram Flexi Cap Fund,2025-11-01,2025-12-01,,-0.539523,-0.257308,-0.282215,75.0,81,18,XGBoost,xgb_probability,0.08476153761148453,,
Sundaram Dividend Yield Fund,2025-11-01,2025-12-01,,0.114626,-0.257308,0.371934,50.0,81,12,XGBoost,xgb_probability,0.26971498131752014,,
Sundaram ELSS Tax Saver Fund,2025-11-01,2025-12-01,,0.090844,-0.257308,0.348152,25.0,81,5,XGBoost,xgb_probability,0.6426482200622559,,
Sundaram Focused Fund,2025-11-01,2025-12-01,,0.380988,-0.257308,0.638296,67.0,81,16,XGBoost,xgb_probability,0.1494670957326889,,
Sundaram Value Fund,2025-11-01,2025-12-01,,0.544504,-0.257308,0.801812,59.0,81,14,XGBoost,xgb_probability,0.21323861181735992,,
Tata Business Cycle Fund,2025-11-01,2025-12-01,,-0.385275,-0.257308,-0.127967,6.0,81,1,XGBoost,xgb_probability,0.8699312806129456,,
Tata Dividend Yield Fund,2025-11-01,2025-12-01,,0.271851,-0.257308,0.529159,55.0,81,13,XGBoost,xgb_probability,0.2469891756772995,,
Tata ELSS Fund,2025-11-01,2025-12-01,,-0.153249,-0.257308,0.104059,81.0,81,19,XGBoost,xgb_probability,0.009527789428830147,,
Tata Flexi Cap Fund,2025-11-01,2025-12-01,,0.319714,-0.257308,0.577022,4.0,81,0,XGBoost,xgb_probability,0.8957363963127136,,
Tata Focused Fund,2025-11-01,2025-12-01,,-0.690823,-0.257308,-0.433515,57.0,81,13,XGBoost,xgb_probability,0.22510354220867157,,
Tata Value Fund,2025-11-01,2025-12-01,,0.451082,-0.257308,0.70839,48.0,81,11,XGBoost,xgb_probability,0.2747732102870941,,
UTI Dividend Yield Fund,2025-11-01,2025-12-01,,0.468304,-0.257308,0.725612,13.0,81,2,XGBoost,xgb_probability,0.7276042699813843,,
UTI ELSS Tax Saver Fund,2025-11-01,2025-12-01,,0.052909,-0.257308,0.310217,77.0,81,18,XGBoost,xgb_probability,0.06653890013694763,,
UTI Flexi Cap Fund,2025-11-01,2025-12-01,,-2.017164,-0.257308,-1.759856,78.0,81,19,XGBoost,xgb_probability,0.0581473670899868,,
UTI Focused Fund,2025-11-01,2025-12-01,,-0.474165,-0.257308,-0.216857,53.0,81,12,XGBoost,xgb_probability,0.2512577474117279,,
UTI Value Fund,2025-11-01,2025-12-01,,0.429924,-0.257308,0.687232,9.0,81,1,XGBoost,xgb_probability,0.8010072112083435,,
Aditya Birla Sun Life Dividend Yield Fund,2025-12-01,2026-01-01,,1.245475,-3.273242,4.518717,41.0,85,9,XGBoost,xgb_probability,0.40818527340888977,,
Aditya Birla Sun Life ELSS Tax Saver Fund,2025-12-01,2026-01-01,,-1.933267,-3.273242,1.339975,45.0,85,10,XGBoost,xgb_probability,0.3518063426017761,,
Aditya Birla Sun Life Flexi Cap Fund,2025-12-01,2026-01-01,,-2.968614,-3.273242,0.304628,47.0,85,10,XGBoost,xgb_probability,0.3174169063568115,,
Aditya Birla Sun Life Focused Fund,2025-12-01,2026-01-01,,-1.492715,-3.273242,1.780527,53.0,85,12,XGBoost,xgb_probability,0.27768707275390625,,
Aditya Birla Sun Life Value Fund,2025-12-01,2026-01-01,,-2.418382,-3.273242,0.85486,60.0,85,13,XGBoost,xgb_probability,0.22694961726665497,,
Axis ELSS Tax Saver Fund,2025-12-01,2026-01-01,,-3.041023,-3.273242,0.232219,22.0,85,4,XGBoost,xgb_probability,0.6307215690612793,,
Axis Flexi Cap Fund,2025-12-01,2026-01-01,,-2.67434,-3.273242,0.598902,3.0,85,0,XGBoost,xgb_probability,0.8907445073127747,,
Axis Focused Fund,2025-12-01,2026-01-01,,-3.766419,-3.273242,-0.493177,4.0,85,0,XGBoost,xgb_probability,0.8773480653762817,,
Axis Innovation Fund,2025-12-01,2026-01-01,,-3.656126,-3.273242,-0.382884,37.0,85,8,XGBoost,xgb_probability,0.4217461347579956,,
Baroda BNP Paribas ELSS Tax Saver Fund,2025-12-01,2026-01-01,,-2.727373,-3.273242,0.545869,78.0,85,18,XGBoost,xgb_probability,0.10503153502941132,,
Baroda BNP Paribas Focused Fund,2025-12-01,2026-01-01,,-4.319112,-3.273242,-1.04587,69.0,85,16,XGBoost,xgb_probability,0.15908406674861908,,
DSP ELSS Tax Saver Fund,2025-12-01,2026-01-01,,-1.944057,-3.273242,1.329185,50.0,85,11,XGBoost,xgb_probability,0.2881335914134979,,
DSP Flexi Cap Fund,2025-12-01,2026-01-01,,-2.753139,-3.273242,0.520103,79.0,85,18,XGBoost,xgb_probability,0.10034866631031036,,
DSP Focused Fund,2025-12-01,2026-01-01,,-2.584701,-3.273242,0.688541,61.0,85,14,XGBoost,xgb_probability,0.21265819668769836,,
DSP Value Fund,2025-12-01,2026-01-01,,0.847281,-3.273242,4.120523,76.0,85,17,XGBoost,xgb_probability,0.12721411883831024,,
Edelweiss ELSS Tax saver Fund,2025-12-01,2026-01-01,,-2.365794,-3.273242,0.907448,18.0,85,4,XGBoost,xgb_probability,0.6445370316505432,,
Edelweiss Flexi Cap Fund,2025-12-01,2026-01-01,,-1.936081,-3.273242,1.337161,36.0,85,8,XGBoost,xgb_probability,0.4237821400165558,,
Franklin India ELSS Tax Saver Fund,2025-12-01,2026-01-01,,-2.751835,-3.273242,0.521407,26.0,85,5,XGBoost,xgb_probability,0.5825758576393127,,
Franklin India Flexi Cap Fund,2025-12-01,2026-01-01,,-2.490162,-3.273242,0.78308,46.0,85,10,XGBoost,xgb_probability,0.3260444700717926,,
Franklin India Focused Equity Fund,2025-12-01,2026-01-01,,-2.921789,-3.273242,0.351453,39.0,85,8,XGBoost,xgb_probability,0.41779130697250366,,
Franklin India Opportunities Fund,2025-12-01,2026-01-01,,-2.718802,-3.273242,0.55444,6.0,85,1,XGBoost,xgb_probability,0.8281327486038208,,
HDFC Dividend Yield Fund,2025-12-01,2026-01-01,,-2.824484,-3.273242,0.448758,58.0,85,13,XGBoost,xgb_probability,0.25174760818481445,,
HDFC ELSS Tax saver,2025-12-01,2026-01-01,,-2.297385,-3.273242,0.975857,57.0,85,13,XGBoost,xgb_probability,0.26108062267303467,,
HDFC Flexi Cap Fund,2025-12-01,2026-01-01,,-1.269667,-3.273242,2.003575,56.0,85,12,XGBoost,xgb_probability,0.26361945271492004,,
HDFC Focused Fund,2025-12-01,2026-01-01,,-1.894084,-3.273242,1.379158,52.0,85,12,XGBoost,xgb_probability,0.27792268991470337,,
HDFC Value Fund,2025-12-01,2026-01-01,,-2.075634,-3.273242,1.197608,71.0,85,16,XGBoost,xgb_probability,0.14378494024276733,,
HSBC Business Cycles Fund,2025-12-01,2026-01-01,,-4.150956,-3.273242,-0.877714,1.0,85,0,XGBoost,xgb_probability,0.9773262143135071,,
HSBC ELSS Tax saver Fund,2025-12-01,2026-01-01,,-3.033578,-3.273242,0.239664,15.0,85,3,XGBoost,xgb_probability,0.6701821088790894,,
HSBC Flexi Cap Fund,2025-12-01,2026-01-01,,-2.871356,-3.273242,0.401886,12.0,85,2,XGBoost,xgb_probability,0.7039455771446228,,
HSBC Focused Fund,2025-12-01,2026-01-01,,-2.772649,-3.273242,0.500593,29.0,85,6,XGBoost,xgb_probability,0.5205032825469971,,
HSBC Tax Saver Equity Fund,2025-12-01,2026-01-01,,-6.151567,-3.273242,-2.878325,48.0,85,11,XGBoost,xgb_probability,0.31680503487586975,,
HSBC Value Fund,2025-12-01,2026-01-01,,-1.561298,-3.273242,1.711944,40.0,85,9,XGBoost,xgb_probability,0.41255658864974976,,
ICICI Prudential Business Cycle Fund,2025-12-01,2026-01-01,,-2.345181,-3.273242,0.928061,19.0,85,4,XGBoost,xgb_probability,0.639291524887085,,
ICICI Prudential Dividend Yield Equity Fund,2025-12-01,2026-01-01,,-1.674252,-3.273242,1.59899,21.0,85,4,XGBoost,xgb_probability,0.6384084820747375,,
ICICI Prudential ELSS Tax Saver Fund,2025-12-01,2026-01-01,,-3.292927,-3.273242,-0.019685,72.0,85,16,XGBoost,xgb_probability,0.14005927741527557,,
ICICI Prudential India Opportunities Fund,2025-12-01,2026-01-01,,-1.258775,-3.273242,2.014467,17.0,85,3,XGBoost,xgb_probability,0.6466258764266968,,
ICICI Prudential Value Fund,2025-12-01,2026-01-01,,-2.559901,-3.273242,0.713341,10.0,85,2,XGBoost,xgb_probability,0.7177252173423767,,
ITI ELSS Tax Saver Fund,2025-12-01,2026-01-01,,-6.064342,-3.273242,-2.7911,25.0,85,5,XGBoost,xgb_probability,0.5850058197975159,,
ITI Value Fund,2025-12-01,2026-01-01,,-2.782515,-3.273242,0.490727,66.0,85,15,XGBoost,xgb_probability,0.1783939003944397,,
Kotak Contra Fund,2025-12-01,2026-01-01,,-2.366371,-3.273242,0.906871,11.0,85,2,XGBoost,xgb_probability,0.7168433666229248,,
Kotak ELSS Tax Saver Fund,2025-12-01,2026-01-01,,-2.052376,-3.273242,1.220866,23.0,85,5,XGBoost,xgb_probability,0.6297221183776855,,
Kotak Flexi Cap Fund,2025-12-01,2026-01-01,,-0.401855,-3.273242,2.871387,54.0,85,12,XGBoost,xgb_probability,0.27539488673210144,,
Kotak Focused Fund,2025-12-01,2026-01-01,,-1.187609,-3.273242,2.085633,83.0,85,19,XGBoost,xgb_probability,0.04623055458068848,,
LIC MF Dividend Yield Fund,2025-12-01,2026-01-01,,-3.964291,-3.273242,-0.691049,42.0,85,9,XGBoost,xgb_probability,0.4015851616859436,,
LIC MF ELSS Tax Saver,2025-12-01,2026-01-01,,-3.502648,-3.273242,-0.229406,51.0,85,11,XGBoost,xgb_probability,0.28352370858192444,,
LIC MF Flexi Cap Fund,2025-12-01,2026-01-01,,-4.295341,-3.273242,-1.022099,30.0,85,6,XGBoost,xgb_probability,0.49956586956977844,,
LIC MF Focused Fund,2025-12-01,2026-01-01,,-5.09452,-3.273242,-1.821278,2.0,85,0,XGBoost,xgb_probability,0.9202977418899536,,
LIC MF Value Fund,2025-12-01,2026-01-01,,-2.469631,-3.273242,0.803611,82.0,85,19,XGBoost,xgb_probability,0.08757772296667099,,
Mahindra Manulife ELSS Tax Saver Fund,2025-12-01,2026-01-01,,-3.154434,-3.273242,0.118808,77.0,85,17,XGBoost,xgb_probability,0.11569447070360184,,
Mahindra Manulife Flexi Cap Fund,2025-12-01,2026-01-01,,-3.080662,-3.273242,0.19258,55.0,85,12,XGBoost,xgb_probability,0.26843589544296265,,
Mahindra Manulife Focused Fund,2025-12-01,2026-01-01,,-1.030986,-3.273242,2.242256,74.0,85,17,XGBoost,xgb_probability,0.13104256987571716,,
Mirae Asset ELSS Tax Saver Fund,2025-12-01,2026-01-01,,-3.476272,-3.273242,-0.20303,35.0,85,8,XGBoost,xgb_probability,0.4304483234882355,,
Mirae Asset Focused Fund,2025-12-01,2026-01-01,,-5.6938,-3.273242,-2.420558,70.0,85,16,XGBoost,xgb_probability,0.1567506641149521,,
Motilal Oswal ELSS Tax Saver Fund,2025-12-01,2026-01-01,,-3.672223,-3.273242,-0.398981,27.0,85,6,XGBoost,xgb_probability,0.5594992637634277,,
Motilal Oswal Flexi Cap Fund,2025-12-01,2026-01-01,,-4.562469,-3.273242,-1.289227,44.0,85,10,XGBoost,xgb_probability,0.380503386259079,,
Motilal Oswal Focused Fund,2025-12-01,2026-01-01,,-3.717558,-3.273242,-0.444316,9.0,85,1,XGBoost,xgb_probability,0.7265927195549011,,
Navi Flexi Cap Fund,2025-12-01,2026-01-01,,-3.643171,-3.273242,-0.369929,43.0,85,9,XGBoost,xgb_probability,0.39531299471855164,,
Nippon India ELSS Tax Saver Fund,2025-12-01,2026-01-01,,-2.023484,-3.273242,1.249758,14.0,85,3,XGBoost,xgb_probability,0.6804336309432983,,
Nippon India Flexi Cap Fund,2025-12-01,2026-01-01,,-4.065307,-3.273242,-0.792065,33.0,85,7,XGBoost,xgb_probability,0.47178569436073303,,
Nippon India Value Fund,2025-12-01,2026-01-01,,-2.169738,-3.273242,1.103504,84.0,85,19,XGBoost,xgb_probability,0.04296240210533142,,
Parag Parikh ELSS Tax Saver Fund,2025-12-01,2026-01-01,,-3.387181,-3.273242,-0.113939,16.0,85,3,XGBoost,xgb_probability,0.6568122506141663,,
Parag Parikh Flexi Cap Fund,2025-12-01,2026-01-01,,-1.733408,-3.273242,1.539834,8.0,85,1,XGBoost,xgb_probability,0.7585636377334595,,
PGIM India ELSS Tax Saver Fund,2025-12-01,2026-01-01,,-4.015865,-3.273242,-0.742623,62.0,85,14,XGBoost,xgb_probability,0.2103424370288849,,
PGIM India Flexi Cap Fund,2025-12-01,2026-01-01,,-3.465804,-3.273242,-0.192562,38.0,85,8,XGBoost,xgb_probability,0.4214582145214081,,
Quant ELSS Tax Saver Fund,2025-12-01,2026-01-01,,-5.288602,-3.273242,-2.01536,65.0,85,15,XGBoost,xgb_probability,0.18128877878189087,,
Quant Flexi Cap Fund,2025-12-01,2026-01-01,,-5.294112,-3.273242,-2.02087,32.0,85,7,XGBoost,xgb_probability,0.4785914719104767,,
Quant Focused Fund,2025-12-01,2026-01-01,,-4.184327,-3.273242,-0.911085,5.0,85,0,XGBoost,xgb_probability,0.8690528273582458,,
Quant Value Fund,2025-12-01,2026-01-01,,-5.237872,-3.273242,-1.96463,13.0,85,2,XGBoost,xgb_probability,0.7017703056335449,,
Shriram ELSS Tax Saver Fund,2025-12-01,2026-01-01,,-3.167371,-3.273242,0.105871,34.0,85,7,XGBoost,xgb_probability,0.47126758098602295,,
Shriram Flexi Cap Fund,2025-12-01,2026-01-01,,-3.178671,-3.273242,0.094571,63.0,85,14,XGBoost,xgb_probability,0.20819976925849915,,
Sundaram Dividend Yield Fund,2025-12-01,2026-01-01,,-1.114532,-3.273242,2.15871,73.0,85,16,XGBoost,xgb_probability,0.13716018199920654,,
Sundaram ELSS Tax Saver Fund,2025-12-01,2026-01-01,,-3.385803,-3.273242,-0.112561,24.0,85,5,XGBoost,xgb_probability,0.6149715781211853,,
Sundaram Focused Fund,2025-12-01,2026-01-01,,-3.504511,-3.273242,-0.231269,67.0,85,15,XGBoost,xgb_probability,0.1713903248310089,,
Sundaram Value Fund,2025-12-01,2026-01-01,,-3.132766,-3.273242,0.140476,68.0,85,15,XGBoost,xgb_probability,0.16234806180000305,,
Tata Business Cycle Fund,2025-12-01,2026-01-01,,-3.658567,-3.273242,-0.385325,7.0,85,1,XGBoost,xgb_probability,0.7656849026679993,,
Tata Dividend Yield Fund,2025-12-01,2026-01-01,,-2.313505,-3.273242,0.959737,75.0,85,17,XGBoost,xgb_probability,0.1304572969675064,,
Tata ELSS Fund,2025-12-01,2026-01-01,,-3.419167,-3.273242,-0.145925,85.0,85,19,XGBoost,xgb_probability,0.029382862150669098,,
Tata Flexi Cap Fund,2025-12-01,2026-01-01,,-3.336799,-3.273242,-0.063557,80.0,85,18,XGBoost,xgb_probability,0.09476619958877563,,
Tata Focused Fund,2025-12-01,2026-01-01,,-2.838867,-3.273242,0.434375,49.0,85,11,XGBoost,xgb_probability,0.3126611113548279,,
Tata Value Fund,2025-12-01,2026-01-01,,-2.577982,-3.273242,0.69526,59.0,85,13,XGBoost,xgb_probability,0.24511145055294037,,
UTI Dividend Yield Fund,2025-12-01,2026-01-01,,-1.288746,-3.273242,1.984496,28.0,85,6,XGBoost,xgb_probability,0.5371353626251221,,
UTI ELSS Tax Saver Fund,2025-12-01,2026-01-01,,-3.362167,-3.273242,-0.088925,81.0,85,18,XGBoost,xgb_probability,0.09185659140348434,,
UTI Flexi Cap Fund,2025-12-01,2026-01-01,,-4.759621,-3.273242,-1.486379,20.0,85,4,XGBoost,xgb_probability,0.6388590931892395,,
UTI Focused Fund,2025-12-01,2026-01-01,,-2.978688,-3.273242,0.294554,64.0,85,14,XGBoost,xgb_probability,0.19565114378929138,,
UTI Value Fund,2025-12-01,2026-01-01,,-2.980569,-3.273242,0.292673,31.0,85,7,XGBoost,xgb_probability,0.48771482706069946,,
Axis Flexi Cap Fund,2024-01-01,2024-02-01,,3.476749,1.574078,1.902671,30.0,32,18,LightGBM,lgbm_probability,,0.03071090329052759,
DSP ELSS Tax Saver Fund,2024-01-01,2024-02-01,,3.724196,1.574078,2.150118,29.0,32,17,LightGBM,lgbm_probability,,0.05649196527204783,
DSP Flexi Cap Fund,2024-01-01,2024-02-01,,0.885235,1.574078,-0.688843,13.0,32,7,LightGBM,lgbm_probability,,0.9993477403010347,
Edelweiss ELSS Tax saver Fund,2024-01-01,2024-02-01,,3.105058,1.574078,1.53098,28.0,32,16,LightGBM,lgbm_probability,,0.48951172836214674,
Edelweiss Flexi Cap Fund,2024-01-01,2024-02-01,,3.113537,1.574078,1.539459,27.0,32,16,LightGBM,lgbm_probability,,0.5986438619458275,
Franklin India ELSS Tax Saver Fund,2024-01-01,2024-02-01,,3.185397,1.574078,1.611319,2.0,32,0,LightGBM,lgbm_probability,,0.9999954858978086,
Franklin India Flexi Cap Fund,2024-01-01,2024-02-01,,2.999653,1.574078,1.425575,8.0,32,4,LightGBM,lgbm_probability,,0.9999149827866614,
Franklin India Focused Equity Fund,2024-01-01,2024-02-01,,4.49679,1.574078,2.922712,25.0,32,15,LightGBM,lgbm_probability,,0.7913461346687277,
Franklin India Opportunities Fund,2024-01-01,2024-02-01,,4.346663,1.574078,2.772585,1.0,32,0,LightGBM,lgbm_probability,,0.9999993211185917,
HDFC ELSS Tax saver,2024-01-01,2024-02-01,,4.055237,1.574078,2.481159,10.0,32,5,LightGBM,lgbm_probability,,0.9998763013233042,
HDFC Flexi Cap Fund,2024-01-01,2024-02-01,,4.252392,1.574078,2.678314,18.0,32,10,LightGBM,lgbm_probability,,0.9931914427872084,
HDFC Focused Fund,2024-01-01,2024-02-01,,4.036855,1.574078,2.462777,23.0,32,13,LightGBM,lgbm_probability,,0.8840168349802935,
HDFC Value Fund,2024-01-01,2024-02-01,,3.384377,1.574078,1.810299,6.0,32,3,LightGBM,lgbm_probability,,0.9999504602904145,
HSBC Flexi Cap Fund,2024-01-01,2024-02-01,,4.262429,1.574078,2.688351,26.0,32,15,LightGBM,lgbm_probability,,0.7316076334258792,
ICICI Prudential ELSS Tax Saver Fund,2024-01-01,2024-02-01,,3.919917,1.574078,2.345839,31.0,32,18,LightGBM,lgbm_probability,,0.011660262559026241,
ICICI Prudential India Opportunities Fund,2024-01-01,2024-02-01,,3.343363,1.574078,1.769285,21.0,32,12,LightGBM,lgbm_probability,,0.9740306222949204,
ITI ELSS Tax Saver Fund,2024-01-01,2024-02-01,,2.920871,1.574078,1.346793,9.0,32,5,LightGBM,lgbm_probability,,0.9998869501404812,
Kotak ELSS Tax Saver Fund,2024-01-01,2024-02-01,,5.421958,1.574078,3.84788,16.0,32,9,LightGBM,lgbm_probability,,0.9957443748538115,
LIC MF ELSS Tax Saver,2024-01-01,2024-02-01,,3.340626,1.574078,1.766548,12.0,32,6,LightGBM,lgbm_probability,,0.9997565541599768,
LIC MF Flexi Cap Fund,2024-01-01,2024-02-01,,2.408153,1.574078,0.834075,3.0,32,1,LightGBM,lgbm_probability,,0.9999906433131085,
Motilal Oswal ELSS Tax Saver Fund,2024-01-01,2024-02-01,,4.861023,1.574078,3.286945,22.0,32,13,LightGBM,lgbm_probability,,0.963874181888573,
Motilal Oswal Flexi Cap Fund,2024-01-01,2024-02-01,,3.849571,1.574078,2.275493,7.0,32,3,LightGBM,lgbm_probability,,0.9999458579807611,
Navi Flexi Cap Fund,2024-01-01,2024-02-01,,2.41256,1.574078,0.838482,14.0,32,8,LightGBM,lgbm_probability,,0.9991879503809786,
Parag Parikh ELSS Tax Saver Fund,2024-01-01,2024-02-01,,4.29321,1.574078,2.719132,5.0,32,2,LightGBM,lgbm_probability,,0.9999793058779839,
Parag Parikh Flexi Cap Fund,2024-01-01,2024-02-01,,4.294344,1.574078,2.720266,20.0,32,11,LightGBM,lgbm_probability,,0.9829945224626906,
PGIM India Flexi Cap Fund,2024-01-01,2024-02-01,,3.532847,1.574078,1.958769,15.0,32,8,LightGBM,lgbm_probability,,0.9990779204561021,
Shriram ELSS Tax Saver Fund,2024-01-01,2024-02-01,,1.89555,1.574078,0.321472,24.0,32,14,LightGBM,lgbm_probability,,0.8393707160396202,
Shriram Flexi Cap Fund,2024-01-01,2024-02-01,,2.221846,1.574078,0.647768,4.0,32,1,LightGBM,lgbm_probability,,0.9999859890144077,
Sundaram ELSS Tax Saver Fund,2024-01-01,2024-02-01,,4.489883,1.574078,2.915805,11.0,32,6,LightGBM,lgbm_probability,,0.9998443655999996,
UTI ELSS Tax Saver Fund,2024-01-01,2024-02-01,,0.783845,1.574078,-0.790233,17.0,32,10,LightGBM,lgbm_probability,,0.9940858424635524,
UTI Flexi Cap Fund,2024-01-01,2024-02-01,,1.239782,1.574078,-0.334296,19.0,32,11,LightGBM,lgbm_probability,,0.9926066780794559,
UTI Value Fund,2024-01-01,2024-02-01,,2.61172,1.574078,1.037642,32.0,32,19,LightGBM,lgbm_probability,,0.0017924470826662306,
Axis Flexi Cap Fund,2024-02-01,2024-03-01,,1.792414,3.2e-05,1.792382,29.0,32,17,LightGBM,lgbm_probability,,0.8421037285519921,
DSP ELSS Tax Saver Fund,2024-02-01,2024-03-01,,-2.308027,3.2e-05,-2.308059,28.0,32,16,LightGBM,lgbm_probability,,0.9076144534680156,
DSP Flexi Cap Fund,2024-02-01,2024-03-01,,-0.903344,3.2e-05,-0.903376,22.0,32,13,LightGBM,lgbm_probability,,0.9648898923795675,
Edelweiss ELSS Tax saver Fund,2024-02-01,2024-03-01,,0.0,3.2e-05,-3.2e-05,9.0,32,5,LightGBM,lgbm_probability,,0.9995946901109063,
Edelweiss Flexi Cap Fund,2024-02-01,2024-03-01,,0.340023,3.2e-05,0.339991,25.0,32,15,LightGBM,lgbm_probability,,0.9483574310042686,
Franklin India ELSS Tax Saver Fund,2024-02-01,2024-03-01,,-0.60335,3.2e-05,-0.603382,10.0,32,5,LightGBM,lgbm_probability,,0.9994933034679695,
Franklin India Flexi Cap Fund,2024-02-01,2024-03-01,,-0.540696,3.2e-05,-0.540728,24.0,32,14,LightGBM,lgbm_probability,,0.9501576978340623,
Franklin India Focused Equity Fund,2024-02-01,2024-03-01,,0.749428,3.2e-05,0.749396,26.0,32,15,LightGBM,lgbm_probability,,0.9481119822359547,
Franklin India Opportunities Fund,2024-02-01,2024-03-01,,-1.198766,3.2e-05,-1.198798,2.0,32,0,LightGBM,lgbm_probability,,0.9999987447459324,
HDFC ELSS Tax saver,2024-02-01,2024-03-01,,-0.079831,3.2e-05,-0.079863,12.0,32,6,LightGBM,lgbm_probability,,0.9985343793047932,
HDFC Flexi Cap Fund,2024-02-01,2024-03-01,,0.116542,3.2e-05,0.11651,5.0,32,2,LightGBM,lgbm_probability,,0.9999366863337262,
HDFC Focused Fund,2024-02-01,2024-03-01,,0.411954,3.2e-05,0.411922,20.0,32,11,LightGBM,lgbm_probability,,0.9932445855003185,
HDFC Value Fund,2024-02-01,2024-03-01,,-1.045843,3.2e-05,-1.045875,11.0,32,6,LightGBM,lgbm_probability,,0.9992386644133167,
HSBC Flexi Cap Fund,2024-02-01,2024-03-01,,-0.677776,3.2e-05,-0.677808,15.0,32,8,LightGBM,lgbm_probability,,0.9967212693767493,
ICICI Prudential ELSS Tax Saver Fund,2024-02-01,2024-03-01,,0.462177,3.2e-05,0.462145,27.0,32,16,LightGBM,lgbm_probability,,0.9454778138971136,
ICICI Prudential India Opportunities Fund,2024-02-01,2024-03-01,,1.857783,3.2e-05,1.857751,18.0,32,10,LightGBM,lgbm_probability,,0.9952041300288333,
ITI ELSS Tax Saver Fund,2024-02-01,2024-03-01,,0.388914,3.2e-05,0.388882,3.0,32,1,LightGBM,lgbm_probability,,0.9999915597870476,
Kotak ELSS Tax Saver Fund,2024-02-01,2024-03-01,,0.674743,3.2e-05,0.674711,31.0,32,18,LightGBM,lgbm_probability,,0.6205333983325163,
LIC MF ELSS Tax Saver,2024-02-01,2024-03-01,,0.275848,3.2e-05,0.275816,21.0,32,12,LightGBM,lgbm_probability,,0.9878647851752429,
LIC MF Flexi Cap Fund,2024-02-01,2024-03-01,,-0.355827,3.2e-05,-0.355859,8.0,32,4,LightGBM,lgbm_probability,,0.9997869920472297,
Motilal Oswal ELSS Tax Saver Fund,2024-02-01,2024-03-01,,1.885959,3.2e-05,1.885927,14.0,32,8,LightGBM,lgbm_probability,,0.9978327227618264,
Motilal Oswal Flexi Cap Fund,2024-02-01,2024-03-01,,1.280927,3.2e-05,1.280895,19.0,32,11,LightGBM,lgbm_probability,,0.9951804958957458,
Navi Flexi Cap Fund,2024-02-01,2024-03-01,,-3.145843,3.2e-05,-3.145875,4.0,32,1,LightGBM,lgbm_probability,,0.9999847714315157,
Parag Parikh ELSS Tax Saver Fund,2024-02-01,2024-03-01,,-1.805614,3.2e-05,-1.805646,23.0,32,13,LightGBM,lgbm_probability,,0.9615593647406876,
Parag Parikh Flexi Cap Fund,2024-02-01,2024-03-01,,-0.745715,3.2e-05,-0.745747,7.0,32,3,LightGBM,lgbm_probability,,0.9997933638641331,
PGIM India Flexi Cap Fund,2024-02-01,2024-03-01,,0.36384,3.2e-05,0.363808,13.0,32,7,LightGBM,lgbm_probability,,0.9981051463979005,
Shriram ELSS Tax Saver Fund,2024-02-01,2024-03-01,,-2.030433,3.2e-05,-2.030465,16.0,32,9,LightGBM,lgbm_probability,,0.9965065016023271,
Shriram Flexi Cap Fund,2024-02-01,2024-03-01,,-1.775879,3.2e-05,-1.775911,6.0,32,3,LightGBM,lgbm_probability,,0.9998154760944421,
Sundaram ELSS Tax Saver Fund,2024-02-01,2024-03-01,,0.516676,3.2e-05,0.516644,30.0,32,18,LightGBM,lgbm_probability,,0.6777329098702252,
UTI ELSS Tax Saver Fund,2024-02-01,2024-03-01,,0.338275,3.2e-05,0.338243,1.0,32,0,LightGBM,lgbm_probability,,0.9999988275184908,
UTI Flexi Cap Fund,2024-02-01,2024-03-01,,0.136222,3.2e-05,0.13619,17.0,32,10,LightGBM,lgbm_probability,,0.9960980278121133,
UTI Value Fund,2024-02-01,2024-03-01,,-0.620759,3.2e-05,-0.620791,32.0,32,19,LightGBM,lgbm_probability,,0.07058061504462047,
Axis Flexi Cap Fund,2024-03-01,2024-04-01,,3.685504,4.533622,-0.848118,13.0,32,7,LightGBM,lgbm_probability,,0.9989036568026647,
DSP ELSS Tax Saver Fund,2024-03-01,2024-04-01,,5.889785,4.533622,1.356163,28.0,32,16,LightGBM,lgbm_probability,,0.4964446970591472,
DSP Flexi Cap Fund,2024-03-01,2024-04-01,,5.082646,4.533622,0.549024,18.0,32,10,LightGBM,lgbm_probability,,0.9955616913712078,
Edelweiss ELSS Tax saver Fund,2024-03-01,2024-04-01,,3.328773,4.533622,-1.204849,22.0,32,13,LightGBM,lgbm_probability,,0.9297286010910132,
Edelweiss Flexi Cap Fund,2024-03-01,2024-04-01,,4.391548,4.533622,-0.142074,4.0,32,1,LightGBM,lgbm_probability,,0.9999754042634801,
Franklin India ELSS Tax Saver Fund,2024-03-01,2024-04-01,,3.897104,4.533622,-0.636518,5.0,32,2,LightGBM,lgbm_probability,,0.9999727669062515,
Franklin India Flexi Cap Fund,2024-03-01,2024-04-01,,4.020038,4.533622,-0.513584,3.0,32,1,LightGBM,lgbm_probability,,0.9999873774406169,
Franklin India Focused Equity Fund,2024-03-01,2024-04-01,,3.601527,4.533622,-0.932095,25.0,32,15,LightGBM,lgbm_probability,,0.7976005972100821,
Franklin India Opportunities Fund,2024-03-01,2024-04-01,,10.286075,4.533622,5.752453,10.0,32,5,LightGBM,lgbm_probability,,0.9997132435150059,
HDFC ELSS Tax saver,2024-03-01,2024-04-01,,3.603967,4.533622,-0.929655,21.0,32,12,LightGBM,lgbm_probability,,0.9778830705609587,
HDFC Flexi Cap Fund,2024-03-01,2024-04-01,,3.323035,4.533622,-1.210587,17.0,32,10,LightGBM,lgbm_probability,,0.9971496319593004,
HDFC Focused Fund,2024-03-01,2024-04-01,,3.601527,4.533622,-0.932095,7.0,32,3,LightGBM,lgbm_probability,,0.9998611126829559,
HDFC Value Fund,2024-03-01,2024-04-01,,4.623961,4.533622,0.090339,8.0,32,4,LightGBM,lgbm_probability,,0.9998237385580618,
HSBC Flexi Cap Fund,2024-03-01,2024-04-01,,4.05967,4.533622,-0.473952,24.0,32,14,LightGBM,lgbm_probability,,0.8800867862680785,
ICICI Prudential ELSS Tax Saver Fund,2024-03-01,2024-04-01,,2.956655,4.533622,-1.576967,14.0,32,8,LightGBM,lgbm_probability,,0.9983085705586547,
ICICI Prudential India Opportunities Fund,2024-03-01,2024-04-01,,2.610063,4.533622,-1.923559,2.0,32,0,LightGBM,lgbm_probability,,0.999989264924015,
ITI ELSS Tax Saver Fund,2024-03-01,2024-04-01,,6.41467,4.533622,1.881048,12.0,32,6,LightGBM,lgbm_probability,,0.9994784521132686,
Kotak ELSS Tax Saver Fund,2024-03-01,2024-04-01,,5.497173,4.533622,0.963551,31.0,32,18,LightGBM,lgbm_probability,,0.20176464326371155,
LIC MF ELSS Tax Saver,2024-03-01,2024-04-01,,4.109112,4.533622,-0.42451,26.0,32,15,LightGBM,lgbm_probability,,0.7284555317156584,
LIC MF Flexi Cap Fund,2024-03-01,2024-04-01,,4.089111,4.533622,-0.444511,27.0,32,16,LightGBM,lgbm_probability,,0.5850768222198521,
Motilal Oswal ELSS Tax Saver Fund,2024-03-01,2024-04-01,,6.604114,4.533622,2.070492,6.0,32,3,LightGBM,lgbm_probability,,0.9999536953684293,
Motilal Oswal Flexi Cap Fund,2024-03-01,2024-04-01,,4.220808,4.533622,-0.312814,20.0,32,11,LightGBM,lgbm_probability,,0.9880316341668979,
Navi Flexi Cap Fund,2024-03-01,2024-04-01,,3.392367,4.533622,-1.141255,1.0,32,0,LightGBM,lgbm_probability,,0.9999998072889155,
Parag Parikh ELSS Tax Saver Fund,2024-03-01,2024-04-01,,2.756612,4.533622,-1.77701,23.0,32,13,LightGBM,lgbm_probability,,0.9169393188121253,
Parag Parikh Flexi Cap Fund,2024-03-01,2024-04-01,,2.799175,4.533622,-1.734447,15.0,32,8,LightGBM,lgbm_probability,,0.9978433395175987,
PGIM India Flexi Cap Fund,2024-03-01,2024-04-01,,3.011712,4.533622,-1.52191,32.0,32,19,LightGBM,lgbm_probability,,0.026042502475082108,
Shriram ELSS Tax Saver Fund,2024-03-01,2024-04-01,,4.380169,4.533622,-0.153453,29.0,32,17,LightGBM,lgbm_probability,,0.47934381927579484,
Shriram Flexi Cap Fund,2024-03-01,2024-04-01,,4.441339,4.533622,-0.092283,16.0,32,9,LightGBM,lgbm_probability,,0.9978315016313166,
Sundaram ELSS Tax Saver Fund,2024-03-01,2024-04-01,,3.655039,4.533622,-0.878583,9.0,32,5,LightGBM,lgbm_probability,,0.9998040507926084,
UTI ELSS Tax Saver Fund,2024-03-01,2024-04-01,,4.284869,4.533622,-0.248753,11.0,32,6,LightGBM,lgbm_probability,,0.9996296548062953,
UTI Flexi Cap Fund,2024-03-01,2024-04-01,,1.91143,4.533622,-2.622192,19.0,32,11,LightGBM,lgbm_probability,,0.9881455120235594,
UTI Value Fund,2024-03-01,2024-04-01,,4.710377,4.533622,0.176755,30.0,32,18,LightGBM,lgbm_probability,,0.36143444489484833,
Axis Flexi Cap Fund,2024-04-01,2024-05-01,,1.342812,0.731367,0.611445,18.0,32,10,LightGBM,lgbm_probability,,0.04246297462599025,
DSP ELSS Tax Saver Fund,2024-04-01,2024-05-01,,2.480496,0.731367,1.749129,6.0,32,3,LightGBM,lgbm_probability,,0.37872324991236983,
DSP Flexi Cap Fund,2024-04-01,2024-05-01,,2.098992,0.731367,1.367625,13.0,32,7,LightGBM,lgbm_probability,,0.08548585391143226,
Edelweiss ELSS Tax saver Fund,2024-04-01,2024-05-01,,1.897617,0.731367,1.16625,19.0,32,11,LightGBM,lgbm_probability,,0.03939383005141463,
Edelweiss Flexi Cap Fund,2024-04-01,2024-05-01,,2.507192,0.731367,1.775825,31.0,32,18,LightGBM,lgbm_probability,,0.0013897223350417796,
Franklin India ELSS Tax Saver Fund,2024-04-01,2024-05-01,,0.864446,0.731367,0.133079,22.0,32,13,LightGBM,lgbm_probability,,0.009242262338246864,
Franklin India Flexi Cap Fund,2024-04-01,2024-05-01,,0.885017,0.731367,0.15365,32.0,32,19,LightGBM,lgbm_probability,,0.0005115935946609555,
Franklin India Focused Equity Fund,2024-04-01,2024-05-01,,0.864442,0.731367,0.133075,15.0,32,8,LightGBM,lgbm_probability,,0.05732902117025499,
Franklin India Opportunities Fund,2024-04-01,2024-05-01,,4.345069,0.731367,3.613702,5.0,32,2,LightGBM,lgbm_probability,,0.41833507747134796,
HDFC ELSS Tax saver,2024-04-01,2024-05-01,,2.317903,0.731367,1.586536,29.0,32,17,LightGBM,lgbm_probability,,0.001528551332546879,
HDFC Flexi Cap Fund,2024-04-01,2024-05-01,,2.17523,0.731367,1.443863,26.0,32,15,LightGBM,lgbm_probability,,0.0035556335052526872,
HDFC Focused Fund,2024-04-01,2024-05-01,,2.336364,0.731367,1.604997,12.0,32,6,LightGBM,lgbm_probability,,0.12311184646435652,
HDFC Value Fund,2024-04-01,2024-05-01,,1.756638,0.731367,1.025271,27.0,32,16,LightGBM,lgbm_probability,,0.0033688035262690987,
HSBC Flexi Cap Fund,2024-04-01,2024-05-01,,1.317161,0.731367,0.585794,23.0,32,13,LightGBM,lgbm_probability,,0.004846872615837957,
ICICI Prudential ELSS Tax Saver Fund,2024-04-01,2024-05-01,,-1.73968,0.731367,-2.471047,24.0,32,14,LightGBM,lgbm_probability,,0.0047146341379710405,
ICICI Prudential India Opportunities Fund,2024-04-01,2024-05-01,,0.398406,0.731367,-0.332961,2.0,32,0,LightGBM,lgbm_probability,,0.9342409696582787,
ITI ELSS Tax Saver Fund,2024-04-01,2024-05-01,,2.332572,0.731367,1.601205,1.0,32,0,LightGBM,lgbm_probability,,0.981996004000323,
Kotak ELSS Tax Saver Fund,2024-04-01,2024-05-01,,2.526659,0.731367,1.795292,17.0,32,10,LightGBM,lgbm_probability,,0.04562029094021715,
LIC MF ELSS Tax Saver,2024-04-01,2024-05-01,,2.278237,0.731367,1.54687,28.0,32,16,LightGBM,lgbm_probability,,0.0029886971227871717,
LIC MF Flexi Cap Fund,2024-04-01,2024-05-01,,1.635679,0.731367,0.904312,20.0,32,11,LightGBM,lgbm_probability,,0.03270054934973323,
Motilal Oswal ELSS Tax Saver Fund,2024-04-01,2024-05-01,,1.485936,0.731367,0.754569,4.0,32,1,LightGBM,lgbm_probability,,0.8171796586998126,
Motilal Oswal Flexi Cap Fund,2024-04-01,2024-05-01,,0.30065,0.731367,-0.430717,9.0,32,5,LightGBM,lgbm_probability,,0.27506041322298047,
Navi Flexi Cap Fund,2024-04-01,2024-05-01,,0.432494,0.731367,-0.298873,3.0,32,1,LightGBM,lgbm_probability,,0.9245614977761702,
Parag Parikh ELSS Tax Saver Fund,2024-04-01,2024-05-01,,0.333982,0.731367,-0.397385,21.0,32,12,LightGBM,lgbm_probability,,0.021415874053695497,
Parag Parikh Flexi Cap Fund,2024-04-01,2024-05-01,,1.046461,0.731367,0.315094,25.0,32,15,LightGBM,lgbm_probability,,0.004061222448667813,
PGIM India Flexi Cap Fund,2024-04-01,2024-05-01,,-1.732539,0.731367,-2.463906,11.0,32,6,LightGBM,lgbm_probability,,0.1490325881579587,
Shriram ELSS Tax Saver Fund,2024-04-01,2024-05-01,,2.694394,0.731367,1.963027,30.0,32,18,LightGBM,lgbm_probability,,0.0015093307682437463,
Shriram Flexi Cap Fund,2024-04-01,2024-05-01,,1.890275,0.731367,1.158908,16.0,32,9,LightGBM,lgbm_probability,,0.053868258922743585,
Sundaram ELSS Tax Saver Fund,2024-04-01,2024-05-01,,-0.168575,0.731367,-0.899942,10.0,32,5,LightGBM,lgbm_probability,,0.17610364245209703,
UTI ELSS Tax Saver Fund,2024-04-01,2024-05-01,,0.912111,0.731367,0.180744,7.0,32,3,LightGBM,lgbm_probability,,0.37318545359656585,
UTI Flexi Cap Fund,2024-04-01,2024-05-01,,0.680787,0.731367,-0.05058,14.0,32,8,LightGBM,lgbm_probability,,0.06654379273159232,
UTI Value Fund,2024-04-01,2024-05-01,,2.645571,0.731367,1.914204,8.0,32,4,LightGBM,lgbm_probability,,0.27746941337658226,
Axis Flexi Cap Fund,2024-05-01,2024-06-01,,7.371295,7.051242,0.320053,20.0,32,11,LightGBM,lgbm_probability,,0.13055218920793774,
DSP ELSS Tax Saver Fund,2024-05-01,2024-06-01,,6.930649,7.051242,-0.120593,2.0,32,0,LightGBM,lgbm_probability,,0.9869393778977826,
DSP Flexi Cap Fund,2024-05-01,2024-06-01,,7.270235,7.051242,0.218993,26.0,32,15,LightGBM,lgbm_probability,,0.07128214862774915,
Edelweiss ELSS Tax saver Fund,2024-05-01,2024-06-01,,8.367259,7.051242,1.316017,27.0,32,16,LightGBM,lgbm_probability,,0.026495026115442386,
Edelweiss Flexi Cap Fund,2024-05-01,2024-06-01,,8.725316,7.051242,1.674074,32.0,32,19,LightGBM,lgbm_probability,,0.004664392980205449,
Franklin India ELSS Tax Saver Fund,2024-05-01,2024-06-01,,6.915345,7.051242,-0.135897,15.0,32,8,LightGBM,lgbm_probability,,0.20771640063067723,
Franklin India Flexi Cap Fund,2024-05-01,2024-06-01,,6.790821,7.051242,-0.260421,28.0,32,16,LightGBM,lgbm_probability,,0.023535357006599558,
Franklin India Focused Equity Fund,2024-05-01,2024-06-01,,6.51886,7.051242,-0.532382,11.0,32,6,LightGBM,lgbm_probability,,0.5605393901666429,
Franklin India Opportunities Fund,2024-05-01,2024-06-01,,7.498378,7.051242,0.447136,12.0,32,6,LightGBM,lgbm_probability,,0.4273499459377847,
HDFC ELSS Tax saver,2024-05-01,2024-06-01,,6.051424,7.051242,-0.999818,9.0,32,5,LightGBM,lgbm_probability,,0.6888442692607244,
HDFC Flexi Cap Fund,2024-05-01,2024-06-01,,6.208431,7.051242,-0.842811,13.0,32,7,LightGBM,lgbm_probability,,0.2851464120508009,
HDFC Focused Fund,2024-05-01,2024-06-01,,6.364508,7.051242,-0.686734,25.0,32,15,LightGBM,lgbm_probability,,0.08486953277235028,
HDFC Value Fund,2024-05-01,2024-06-01,,7.475505,7.051242,0.424263,21.0,32,12,LightGBM,lgbm_probability,,0.12266231817852465,
HSBC Flexi Cap Fund,2024-05-01,2024-06-01,,8.116271,7.051242,1.065029,19.0,32,11,LightGBM,lgbm_probability,,0.13413598235163127,
ICICI Prudential ELSS Tax Saver Fund,2024-05-01,2024-06-01,,6.083416,7.051242,-0.967826,24.0,32,14,LightGBM,lgbm_probability,,0.10824631156835787,
ICICI Prudential India Opportunities Fund,2024-05-01,2024-06-01,,5.385779,7.051242,-1.665463,4.0,32,1,LightGBM,lgbm_probability,,0.8755619347198792,
ITI ELSS Tax Saver Fund,2024-05-01,2024-06-01,,5.780891,7.051242,-1.270351,3.0,32,1,LightGBM,lgbm_probability,,0.9847383234433655,
Kotak ELSS Tax Saver Fund,2024-05-01,2024-06-01,,5.351887,7.051242,-1.699355,10.0,32,5,LightGBM,lgbm_probability,,0.6526001510928288,
LIC MF ELSS Tax Saver,2024-05-01,2024-06-01,,8.539354,7.051242,1.488112,16.0,32,9,LightGBM,lgbm_probability,,0.19994175950651222,
LIC MF Flexi Cap Fund,2024-05-01,2024-06-01,,8.578565,7.051242,1.527323,29.0,32,17,LightGBM,lgbm_probability,,0.016014563381799952,
Motilal Oswal ELSS Tax Saver Fund,2024-05-01,2024-06-01,,9.013836,7.051242,1.962594,7.0,32,3,LightGBM,lgbm_probability,,0.7670966049749232,
Motilal Oswal Flexi Cap Fund,2024-05-01,2024-06-01,,9.078674,7.051242,2.027432,17.0,32,10,LightGBM,lgbm_probability,,0.17194507662083824,
Navi Flexi Cap Fund,2024-05-01,2024-06-01,,7.593285,7.051242,0.542043,1.0,32,0,LightGBM,lgbm_probability,,0.9986772990790791,
Parag Parikh ELSS Tax Saver Fund,2024-05-01,2024-06-01,,5.210036,7.051242,-1.841206,31.0,32,18,LightGBM,lgbm_probability,,0.004822889453363429,
Parag Parikh Flexi Cap Fund,2024-05-01,2024-06-01,,4.537794,7.051242,-2.513448,23.0,32,13,LightGBM,lgbm_probability,,0.11088477890472091,
PGIM India Flexi Cap Fund,2024-05-01,2024-06-01,,7.99343,7.051242,0.942188,8.0,32,4,LightGBM,lgbm_probability,,0.7230943405436773,
Shriram ELSS Tax Saver Fund,2024-05-01,2024-06-01,,5.103785,7.051242,-1.947457,22.0,32,13,LightGBM,lgbm_probability,,0.11346810707282366,
Shriram Flexi Cap Fund,2024-05-01,2024-06-01,,4.568717,7.051242,-2.482525,6.0,32,3,LightGBM,lgbm_probability,,0.8467513147777621,
Sundaram ELSS Tax Saver Fund,2024-05-01,2024-06-01,,5.823164,7.051242,-1.228078,18.0,32,10,LightGBM,lgbm_probability,,0.15935567688690494,
UTI ELSS Tax Saver Fund,2024-05-01,2024-06-01,,7.975032,7.051242,0.92379,30.0,32,18,LightGBM,lgbm_probability,,0.006975405309440683,
UTI Flexi Cap Fund,2024-05-01,2024-06-01,,7.216369,7.051242,0.165127,5.0,32,2,LightGBM,lgbm_probability,,0.8656130471730049,
UTI Value Fund,2024-05-01,2024-06-01,,8.606123,7.051242,1.554881,14.0,32,8,LightGBM,lgbm_probability,,0.2760005650242765,
Axis Flexi Cap Fund,2024-06-01,2024-07-01,,2.482014,4.390997,-1.908983,22.0,33,12,LightGBM,lgbm_probability,,0.06527141440406654,
DSP ELSS Tax Saver Fund,2024-06-01,2024-07-01,,5.438025,4.390997,1.047028,1.0,33,0,LightGBM,lgbm_probability,,0.9963282940018353,
DSP Flexi Cap Fund,2024-06-01,2024-07-01,,3.682852,4.390997,-0.708145,24.0,33,13,LightGBM,lgbm_probability,,0.023124643278656744,
Edelweiss ELSS Tax saver Fund,2024-06-01,2024-07-01,,2.29958,4.390997,-2.091417,17.0,33,9,LightGBM,lgbm_probability,,0.16556393939636638,
Edelweiss Flexi Cap Fund,2024-06-01,2024-07-01,,2.597585,4.390997,-1.793412,30.0,33,17,LightGBM,lgbm_probability,,0.00642438697127705,
Franklin India ELSS Tax Saver Fund,2024-06-01,2024-07-01,,3.994447,4.390997,-0.39655,2.0,33,0,LightGBM,lgbm_probability,,0.9732157087203941,
Franklin India Flexi Cap Fund,2024-06-01,2024-07-01,,3.920058,4.390997,-0.470939,6.0,33,3,LightGBM,lgbm_probability,,0.8933292899590244,
Franklin India Focused Equity Fund,2024-06-01,2024-07-01,,2.404036,4.390997,-1.986961,23.0,33,13,LightGBM,lgbm_probability,,0.041432270353191955,
Franklin India Opportunities Fund,2024-06-01,2024-07-01,,2.65292,4.390997,-1.738077,5.0,33,2,LightGBM,lgbm_probability,,0.9425985848670765,
HDFC ELSS Tax saver,2024-06-01,2024-07-01,,2.903611,4.390997,-1.487386,16.0,33,9,LightGBM,lgbm_probability,,0.2044357671489185,
HDFC Flexi Cap Fund,2024-06-01,2024-07-01,,2.890179,4.390997,-1.500818,10.0,33,5,LightGBM,lgbm_probability,,0.5114384086414127,
HDFC Focused Fund,2024-06-01,2024-07-01,,2.360188,4.390997,-2.030809,29.0,33,16,LightGBM,lgbm_probability,,0.007363162561308803,
HDFC Value Fund,2024-06-01,2024-07-01,,3.921894,4.390997,-0.469103,4.0,33,1,LightGBM,lgbm_probability,,0.952301323428313,
HSBC Flexi Cap Fund,2024-06-01,2024-07-01,,2.97356,4.390997,-1.417437,12.0,33,6,LightGBM,lgbm_probability,,0.28857288761814376,
ICICI Prudential ELSS Tax Saver Fund,2024-06-01,2024-07-01,,4.664275,4.390997,0.273278,31.0,33,18,LightGBM,lgbm_probability,,0.0047859093288393955,
ICICI Prudential India Opportunities Fund,2024-06-01,2024-07-01,,5.221113,4.390997,0.830116,14.0,33,7,LightGBM,lgbm_probability,,0.21906461908419292,
ITI ELSS Tax Saver Fund,2024-06-01,2024-07-01,,3.049052,4.390997,-1.341945,3.0,33,1,LightGBM,lgbm_probability,,0.9696089510123743,
Kotak ELSS Tax Saver Fund,2024-06-01,2024-07-01,,3.156319,4.390997,-1.234678,19.0,33,10,LightGBM,lgbm_probability,,0.14818395315027627,
LIC MF ELSS Tax Saver,2024-06-01,2024-07-01,,3.070136,4.390997,-1.320861,27.0,33,15,LightGBM,lgbm_probability,,0.009395538665752545,
LIC MF Flexi Cap Fund,2024-06-01,2024-07-01,,3.305034,4.390997,-1.085963,26.0,33,15,LightGBM,lgbm_probability,,0.01035840139947563,
Motilal Oswal ELSS Tax Saver Fund,2024-06-01,2024-07-01,,3.133506,4.390997,-1.257491,9.0,33,4,LightGBM,lgbm_probability,,0.6078006921376545,
Motilal Oswal Flexi Cap Fund,2024-06-01,2024-07-01,,3.074992,4.390997,-1.316005,33.0,33,19,LightGBM,lgbm_probability,,0.0011932238047392427,
Navi Flexi Cap Fund,2024-06-01,2024-07-01,,3.831163,4.390997,-0.559834,28.0,33,16,LightGBM,lgbm_probability,,0.008897391661179694,
Nippon India Value Fund,2024-06-01,2024-07-01,,3.335344,4.390997,-1.055653,7.0,33,3,LightGBM,lgbm_probability,,0.8365852473060648,
Parag Parikh ELSS Tax Saver Fund,2024-06-01,2024-07-01,,4.793368,4.390997,0.402371,15.0,33,8,LightGBM,lgbm_probability,,0.21456952100987153,
Parag Parikh Flexi Cap Fund,2024-06-01,2024-07-01,,2.903931,4.390997,-1.487066,20.0,33,11,LightGBM,lgbm_probability,,0.1435071687085383,
PGIM India Flexi Cap Fund,2024-06-01,2024-07-01,,2.336096,4.390997,-2.054901,18.0,33,10,LightGBM,lgbm_probability,,0.1522744871458812,
Shriram ELSS Tax Saver Fund,2024-06-01,2024-07-01,,3.009417,4.390997,-1.38158,13.0,33,7,LightGBM,lgbm_probability,,0.25324302368788154,
Shriram Flexi Cap Fund,2024-06-01,2024-07-01,,2.333637,4.390997,-2.05736,8.0,33,4,LightGBM,lgbm_probability,,0.7399311281842289,
Sundaram ELSS Tax Saver Fund,2024-06-01,2024-07-01,,2.775656,4.390997,-1.615341,21.0,33,12,LightGBM,lgbm_probability,,0.11356382834455876,
UTI ELSS Tax Saver Fund,2024-06-01,2024-07-01,,3.403802,4.390997,-0.987195,25.0,33,14,LightGBM,lgbm_probability,,0.01067009199958915,
UTI Flexi Cap Fund,2024-06-01,2024-07-01,,3.02596,4.390997,-1.365037,32.0,33,18,LightGBM,lgbm_probability,,0.00127501949790433,
UTI Value Fund,2024-06-01,2024-07-01,,4.09342,4.390997,-0.297577,11.0,33,6,LightGBM,lgbm_probability,,0.30374859653515496,
Axis Flexi Cap Fund,2024-07-01,2024-08-01,,2.508834,1.035556,1.473278,10.0,33,5,LightGBM,lgbm_probability,,0.7781197255411666,
DSP ELSS Tax Saver Fund,2024-07-01,2024-08-01,,1.695555,1.035556,0.659999,6.0,33,3,LightGBM,lgbm_probability,,0.8837802781996699,
DSP Flexi Cap Fund,2024-07-01,2024-08-01,,2.281496,1.035556,1.24594,12.0,33,6,LightGBM,lgbm_probability,,0.48224380925833715,
Edelweiss ELSS Tax saver Fund,2024-07-01,2024-08-01,,2.20138,1.035556,1.165824,7.0,33,3,LightGBM,lgbm_probability,,0.8730970127247032,
Edelweiss Flexi Cap Fund,2024-07-01,2024-08-01,,2.239335,1.035556,1.203779,11.0,33,6,LightGBM,lgbm_probability,,0.5081861040248642,
Franklin India ELSS Tax Saver Fund,2024-07-01,2024-08-01,,1.724601,1.035556,0.689045,20.0,33,11,LightGBM,lgbm_probability,,0.0914073234371753,
Franklin India Flexi Cap Fund,2024-07-01,2024-08-01,,1.738428,1.035556,0.702872,27.0,33,15,LightGBM,lgbm_probability,,0.020362850492137912,
Franklin India Focused Equity Fund,2024-07-01,2024-08-01,,2.022357,1.035556,0.986801,8.0,33,4,LightGBM,lgbm_probability,,0.8684406987343275,
Franklin India Opportunities Fund,2024-07-01,2024-08-01,,1.802703,1.035556,0.767147,26.0,33,15,LightGBM,lgbm_probability,,0.025035742306933038,
HDFC ELSS Tax saver,2024-07-01,2024-08-01,,1.991641,1.035556,0.956085,29.0,33,16,LightGBM,lgbm_probability,,0.01590881440130224,
HDFC Flexi Cap Fund,2024-07-01,2024-08-01,,1.768461,1.035556,0.732905,28.0,33,16,LightGBM,lgbm_probability,,0.02033507593184468,
HDFC Focused Fund,2024-07-01,2024-08-01,,1.581999,1.035556,0.546443,32.0,33,18,LightGBM,lgbm_probability,,0.0008695123333247465,
HDFC Value Fund,2024-07-01,2024-08-01,,1.873672,1.035556,0.838116,21.0,33,12,LightGBM,lgbm_probability,,0.08949827968693413,
HSBC Flexi Cap Fund,2024-07-01,2024-08-01,,2.06088,1.035556,1.025324,18.0,33,10,LightGBM,lgbm_probability,,0.14605464701096332,
ICICI Prudential ELSS Tax Saver Fund,2024-07-01,2024-08-01,,2.794379,1.035556,1.758823,4.0,33,1,LightGBM,lgbm_probability,,0.9790083296079103,
ICICI Prudential India Opportunities Fund,2024-07-01,2024-08-01,,2.982646,1.035556,1.94709,9.0,33,4,LightGBM,lgbm_probability,,0.8222459917685312,
ITI ELSS Tax Saver Fund,2024-07-01,2024-08-01,,1.636609,1.035556,0.601053,23.0,33,13,LightGBM,lgbm_probability,,0.059153558431150714,
Kotak ELSS Tax Saver Fund,2024-07-01,2024-08-01,,-0.83931,1.035556,-1.874866,25.0,33,14,LightGBM,lgbm_probability,,0.044390549512065045,
LIC MF ELSS Tax Saver,2024-07-01,2024-08-01,,1.532421,1.035556,0.496865,22.0,33,12,LightGBM,lgbm_probability,,0.0827473065898327,
LIC MF Flexi Cap Fund,2024-07-01,2024-08-01,,0.095282,1.035556,-0.940274,14.0,33,7,LightGBM,lgbm_probability,,0.34670247796788395,
Motilal Oswal ELSS Tax Saver Fund,2024-07-01,2024-08-01,,4.061059,1.035556,3.025503,15.0,33,8,LightGBM,lgbm_probability,,0.32335059738256894,
Motilal Oswal Flexi Cap Fund,2024-07-01,2024-08-01,,2.711336,1.035556,1.67578,31.0,33,18,LightGBM,lgbm_probability,,0.0009443270496000317,
Navi Flexi Cap Fund,2024-07-01,2024-08-01,,1.787335,1.035556,0.751779,19.0,33,10,LightGBM,lgbm_probability,,0.10195437824614795,
Nippon India Value Fund,2024-07-01,2024-08-01,,2.115678,1.035556,1.080122,13.0,33,7,LightGBM,lgbm_probability,,0.38232138472856586,
Parag Parikh ELSS Tax Saver Fund,2024-07-01,2024-08-01,,1.327908,1.035556,0.292352,1.0,33,0,LightGBM,lgbm_probability,,0.9984848501221542,
Parag Parikh Flexi Cap Fund,2024-07-01,2024-08-01,,1.16076,1.035556,0.125204,2.0,33,0,LightGBM,lgbm_probability,,0.9959642210766558,
PGIM India Flexi Cap Fund,2024-07-01,2024-08-01,,2.57732,1.035556,1.541764,3.0,33,1,LightGBM,lgbm_probability,,0.9860540064039989,
Shriram ELSS Tax Saver Fund,2024-07-01,2024-08-01,,-0.881247,1.035556,-1.916803,33.0,33,19,LightGBM,lgbm_probability,,4.6164706889429845e-05,
Shriram Flexi Cap Fund,2024-07-01,2024-08-01,,-0.379166,1.035556,-1.414722,30.0,33,17,LightGBM,lgbm_probability,,0.001485238721938527,
Sundaram ELSS Tax Saver Fund,2024-07-01,2024-08-01,,1.589401,1.035556,0.553845,16.0,33,9,LightGBM,lgbm_probability,,0.32151502283412914,
UTI ELSS Tax Saver Fund,2024-07-01,2024-08-01,,1.956739,1.035556,0.921183,5.0,33,2,LightGBM,lgbm_probability,,0.9245392095315512,
UTI Flexi Cap Fund,2024-07-01,2024-08-01,,3.214202,1.035556,2.178646,17.0,33,9,LightGBM,lgbm_probability,,0.2646698687433458,
UTI Value Fund,2024-07-01,2024-08-01,,2.827207,1.035556,1.791651,24.0,33,13,LightGBM,lgbm_probability,,0.052801571564595966,
Axis Flexi Cap Fund,2024-08-01,2024-09-01,,3.619442,2.166814,1.452628,13.0,33,7,LightGBM,lgbm_probability,,0.17773717986243281,
DSP ELSS Tax Saver Fund,2024-08-01,2024-09-01,,1.859147,2.166814,-0.307667,3.0,33,1,LightGBM,lgbm_probability,,0.8191615159234631,
DSP Flexi Cap Fund,2024-08-01,2024-09-01,,2.503388,2.166814,0.336574,28.0,33,16,LightGBM,lgbm_probability,,0.000745148463366716,
Edelweiss ELSS Tax saver Fund,2024-08-01,2024-09-01,,2.025028,2.166814,-0.141786,14.0,33,7,LightGBM,lgbm_probability,,0.15780569304835157,
Edelweiss Flexi Cap Fund,2024-08-01,2024-09-01,,2.621639,2.166814,0.454825,25.0,33,14,LightGBM,lgbm_probability,,0.0010824026548162068,
Franklin India ELSS Tax Saver Fund,2024-08-01,2024-09-01,,1.999836,2.166814,-0.166978,31.0,33,18,LightGBM,lgbm_probability,,0.00036317377557831224,
Franklin India Flexi Cap Fund,2024-08-01,2024-09-01,,1.843844,2.166814,-0.32297,32.0,33,18,LightGBM,lgbm_probability,,0.0002304606041110739,
Franklin India Focused Equity Fund,2024-08-01,2024-09-01,,2.577702,2.166814,0.410888,27.0,33,15,LightGBM,lgbm_probability,,0.0008307483058792454,
Franklin India Opportunities Fund,2024-08-01,2024-09-01,,0.779048,2.166814,-1.387766,26.0,33,15,LightGBM,lgbm_probability,,0.0009687425990303812,
HDFC ELSS Tax saver,2024-08-01,2024-09-01,,2.300985,2.166814,0.134171,30.0,33,17,LightGBM,lgbm_probability,,0.0005252123963395783,
HDFC Flexi Cap Fund,2024-08-01,2024-09-01,,2.992151,2.166814,0.825337,33.0,33,19,LightGBM,lgbm_probability,,3.0294254896387148e-05,
HDFC Focused Fund,2024-08-01,2024-09-01,,3.480776,2.166814,1.313962,29.0,33,16,LightGBM,lgbm_probability,,0.0006990243981291,
HDFC Value Fund,2024-08-01,2024-09-01,,2.268256,2.166814,0.101442,18.0,33,10,LightGBM,lgbm_probability,,0.07574892460552989,
HSBC Flexi Cap Fund,2024-08-01,2024-09-01,,1.862276,2.166814,-0.304538,9.0,33,4,LightGBM,lgbm_probability,,0.6579432192111367,
ICICI Prudential ELSS Tax Saver Fund,2024-08-01,2024-09-01,,3.364964,2.166814,1.19815,4.0,33,1,LightGBM,lgbm_probability,,0.8116761020695835,
ICICI Prudential India Opportunities Fund,2024-08-01,2024-09-01,,2.369668,2.166814,0.202854,2.0,33,0,LightGBM,lgbm_probability,,0.8438427827637539,
ITI ELSS Tax Saver Fund,2024-08-01,2024-09-01,,2.708076,2.166814,0.541262,5.0,33,2,LightGBM,lgbm_probability,,0.8086140631541301,
Kotak ELSS Tax Saver Fund,2024-08-01,2024-09-01,,3.087091,2.166814,0.920277,10.0,33,5,LightGBM,lgbm_probability,,0.6300838620778547,
LIC MF ELSS Tax Saver,2024-08-01,2024-09-01,,2.48218,2.166814,0.315366,24.0,33,13,LightGBM,lgbm_probability,,0.0025425389503534127,
LIC MF Flexi Cap Fund,2024-08-01,2024-09-01,,3.081102,2.166814,0.914288,1.0,33,0,LightGBM,lgbm_probability,,0.970833472613558,
Motilal Oswal ELSS Tax Saver Fund,2024-08-01,2024-09-01,,5.032987,2.166814,2.866173,21.0,33,12,LightGBM,lgbm_probability,,0.05424913814106224,
Motilal Oswal Flexi Cap Fund,2024-08-01,2024-09-01,,6.662377,2.166814,4.495563,17.0,33,9,LightGBM,lgbm_probability,,0.08145621210138608,
Navi Flexi Cap Fund,2024-08-01,2024-09-01,,1.386044,2.166814,-0.78077,19.0,33,10,LightGBM,lgbm_probability,,0.07388109015062873,
Nippon India Value Fund,2024-08-01,2024-09-01,,2.290888,2.166814,0.124074,23.0,33,13,LightGBM,lgbm_probability,,0.028915741741121957,
Parag Parikh ELSS Tax Saver Fund,2024-08-01,2024-09-01,,3.26813,2.166814,1.101316,15.0,33,8,LightGBM,lgbm_probability,,0.11398110859338333,
Parag Parikh Flexi Cap Fund,2024-08-01,2024-09-01,,3.178253,2.166814,1.011439,6.0,33,3,LightGBM,lgbm_probability,,0.7867097131007679,
PGIM India Flexi Cap Fund,2024-08-01,2024-09-01,,2.775784,2.166814,0.60897,8.0,33,4,LightGBM,lgbm_probability,,0.6891818738461586,
Shriram ELSS Tax Saver Fund,2024-08-01,2024-09-01,,1.091026,2.166814,-1.075788,11.0,33,6,LightGBM,lgbm_probability,,0.2676118308181943,
Shriram Flexi Cap Fund,2024-08-01,2024-09-01,,0.056761,2.166814,-2.110053,20.0,33,11,LightGBM,lgbm_probability,,0.06393669730023303,
Sundaram ELSS Tax Saver Fund,2024-08-01,2024-09-01,,2.024397,2.166814,-0.142417,7.0,33,3,LightGBM,lgbm_probability,,0.7719157705003497,
UTI ELSS Tax Saver Fund,2024-08-01,2024-09-01,,2.306352,2.166814,0.139538,22.0,33,12,LightGBM,lgbm_probability,,0.0335737431398905,
UTI Flexi Cap Fund,2024-08-01,2024-09-01,,3.455851,2.166814,1.289037,12.0,33,6,LightGBM,lgbm_probability,,0.2164466637871036,
UTI Value Fund,2024-08-01,2024-09-01,,2.59996,2.166814,0.433146,16.0,33,9,LightGBM,lgbm_probability,,0.1058073634683078,
Axis Flexi Cap Fund,2024-09-01,2024-10-01,,-6.169154,-6.352122,0.182968,32.0,33,18,LightGBM,lgbm_probability,,0.000205850223044724,
DSP ELSS Tax Saver Fund,2024-09-01,2024-10-01,,-5.348337,-6.352122,1.003785,4.0,33,1,LightGBM,lgbm_probability,,0.7648745639136733,
DSP Flexi Cap Fund,2024-09-01,2024-10-01,,-5.223379,-6.352122,1.128743,31.0,33,18,LightGBM,lgbm_probability,,0.0002781347555514766,
Edelweiss ELSS Tax saver Fund,2024-09-01,2024-10-01,,-5.41923,-6.352122,0.932892,28.0,33,16,LightGBM,lgbm_probability,,0.00043578890093025894,
Edelweiss Flexi Cap Fund,2024-09-01,2024-10-01,,-5.877755,-6.352122,0.474367,18.0,33,10,LightGBM,lgbm_probability,,0.028268177620798744,
Franklin India ELSS Tax Saver Fund,2024-09-01,2024-10-01,,-5.274571,-6.352122,1.077551,16.0,33,9,LightGBM,lgbm_probability,,0.04152755116442579,
Franklin India Flexi Cap Fund,2024-09-01,2024-10-01,,-5.138116,-6.352122,1.214006,15.0,33,8,LightGBM,lgbm_probability,,0.04378071925679872,
Franklin India Focused Equity Fund,2024-09-01,2024-10-01,,-7.147953,-6.352122,-0.795831,6.0,33,3,LightGBM,lgbm_probability,,0.5777418833050788,
Franklin India Opportunities Fund,2024-09-01,2024-10-01,,-4.333196,-6.352122,2.018926,17.0,33,9,LightGBM,lgbm_probability,,0.03349372109357875,
HDFC ELSS Tax saver,2024-09-01,2024-10-01,,-5.057553,-6.352122,1.294569,24.0,33,13,LightGBM,lgbm_probability,,0.003911556549337661,
HDFC Flexi Cap Fund,2024-09-01,2024-10-01,,-3.806231,-6.352122,2.545891,27.0,33,15,LightGBM,lgbm_probability,,0.0016578106286643311,
HDFC Focused Fund,2024-09-01,2024-10-01,,-3.544983,-6.352122,2.807139,30.0,33,17,LightGBM,lgbm_probability,,0.0003191758554242069,
HDFC Value Fund,2024-09-01,2024-10-01,,-4.955691,-6.352122,1.396431,26.0,33,15,LightGBM,lgbm_probability,,0.0019213511642040366,
HSBC Flexi Cap Fund,2024-09-01,2024-10-01,,-4.661348,-6.352122,1.690774,13.0,33,7,LightGBM,lgbm_probability,,0.12381895472131042,
ICICI Prudential ELSS Tax Saver Fund,2024-09-01,2024-10-01,,-6.017424,-6.352122,0.334698,23.0,33,13,LightGBM,lgbm_probability,,0.008851626487683123,
ICICI Prudential India Opportunities Fund,2024-09-01,2024-10-01,,-5.023184,-6.352122,1.328938,8.0,33,4,LightGBM,lgbm_probability,,0.3784727272895504,
ITI ELSS Tax Saver Fund,2024-09-01,2024-10-01,,-7.13458,-6.352122,-0.782458,7.0,33,3,LightGBM,lgbm_probability,,0.39943767110572637,
Kotak ELSS Tax Saver Fund,2024-09-01,2024-10-01,,-5.978265,-6.352122,0.373857,11.0,33,6,LightGBM,lgbm_probability,,0.2791742087649917,
LIC MF ELSS Tax Saver,2024-09-01,2024-10-01,,-5.627119,-6.352122,0.725003,29.0,33,16,LightGBM,lgbm_probability,,0.00033003966126352426,
LIC MF Flexi Cap Fund,2024-09-01,2024-10-01,,-5.838482,-6.352122,0.51364,1.0,33,0,LightGBM,lgbm_probability,,0.9951226479533323,
Motilal Oswal ELSS Tax Saver Fund,2024-09-01,2024-10-01,,-3.805693,-6.352122,2.546429,25.0,33,14,LightGBM,lgbm_probability,,0.0026280198455997696,
Motilal Oswal Flexi Cap Fund,2024-09-01,2024-10-01,,-6.56817,-6.352122,-0.216048,33.0,33,19,LightGBM,lgbm_probability,,1.9981764354100417e-05,
Navi Flexi Cap Fund,2024-09-01,2024-10-01,,-5.026672,-6.352122,1.32545,3.0,33,1,LightGBM,lgbm_probability,,0.8187706455307079,
Nippon India Value Fund,2024-09-01,2024-10-01,,-5.336331,-6.352122,1.015791,21.0,33,12,LightGBM,lgbm_probability,,0.012807592888376917,
Parag Parikh ELSS Tax Saver Fund,2024-09-01,2024-10-01,,-4.403874,-6.352122,1.948248,10.0,33,5,LightGBM,lgbm_probability,,0.3375646503442636,
Parag Parikh Flexi Cap Fund,2024-09-01,2024-10-01,,-3.006436,-6.352122,3.345686,5.0,33,2,LightGBM,lgbm_probability,,0.6029101588065394,
PGIM India Flexi Cap Fund,2024-09-01,2024-10-01,,-6.068356,-6.352122,0.283766,22.0,33,12,LightGBM,lgbm_probability,,0.011092223983907332,
Shriram ELSS Tax Saver Fund,2024-09-01,2024-10-01,,-6.715607,-6.352122,-0.363485,20.0,33,11,LightGBM,lgbm_probability,,0.023525106777026777,
Shriram Flexi Cap Fund,2024-09-01,2024-10-01,,-6.720487,-6.352122,-0.368365,9.0,33,4,LightGBM,lgbm_probability,,0.3740481976579249,
Sundaram ELSS Tax Saver Fund,2024-09-01,2024-10-01,,-5.593751,-6.352122,0.758371,19.0,33,10,LightGBM,lgbm_probability,,0.027665850489015705,
UTI ELSS Tax Saver Fund,2024-09-01,2024-10-01,,-7.043841,-6.352122,-0.691719,2.0,33,0,LightGBM,lgbm_probability,,0.836823288521391,
UTI Flexi Cap Fund,2024-09-01,2024-10-01,,-6.273179,-6.352122,0.078943,14.0,33,7,LightGBM,lgbm_probability,,0.0657399641274849,
UTI Value Fund,2024-09-01,2024-10-01,,-5.714124,-6.352122,0.637998,12.0,33,6,LightGBM,lgbm_probability,,0.16654335322677816,
Axis Flexi Cap Fund,2024-10-01,2024-11-01,,1.272534,0.045826,1.226708,30.0,33,17,LightGBM,lgbm_probability,,0.007236167763569567,
DSP ELSS Tax Saver Fund,2024-10-01,2024-11-01,,0.125883,0.045826,0.080057,15.0,33,8,LightGBM,lgbm_probability,,0.9451154550715163,
DSP Flexi Cap Fund,2024-10-01,2024-11-01,,0.074621,0.045826,0.028795,18.0,33,10,LightGBM,lgbm_probability,,0.5946254678572623,
Edelweiss ELSS Tax saver Fund,2024-10-01,2024-11-01,,0.524626,0.045826,0.4788,23.0,33,13,LightGBM,lgbm_probability,,0.3622614150491736,
Edelweiss Flexi Cap Fund,2024-10-01,2024-11-01,,0.515002,0.045826,0.469176,13.0,33,7,LightGBM,lgbm_probability,,0.9879985400361625,
Franklin India ELSS Tax Saver Fund,2024-10-01,2024-11-01,,0.716843,0.045826,0.671017,12.0,33,6,LightGBM,lgbm_probability,,0.9918529650598369,
Franklin India Flexi Cap Fund,2024-10-01,2024-11-01,,0.548324,0.045826,0.502498,9.0,33,4,LightGBM,lgbm_probability,,0.9975258733375117,
Franklin India Focused Equity Fund,2024-10-01,2024-11-01,,1.080515,0.045826,1.034689,26.0,33,15,LightGBM,lgbm_probability,,0.03220227430796977,
Franklin India Opportunities Fund,2024-10-01,2024-11-01,,2.297428,0.045826,2.251602,10.0,33,5,LightGBM,lgbm_probability,,0.9934153728282444,
HDFC ELSS Tax saver,2024-10-01,2024-11-01,,0.017741,0.045826,-0.028085,20.0,33,11,LightGBM,lgbm_probability,,0.4894650656332925,
HDFC Flexi Cap Fund,2024-10-01,2024-11-01,,0.416493,0.045826,0.370667,3.0,33,1,LightGBM,lgbm_probability,,0.9993552170499516,
HDFC Focused Fund,2024-10-01,2024-11-01,,0.804786,0.045826,0.75896,7.0,33,3,LightGBM,lgbm_probability,,0.998210867938255,
HDFC Value Fund,2024-10-01,2024-11-01,,-0.568207,0.045826,-0.614033,21.0,33,12,LightGBM,lgbm_probability,,0.39770121548533754,
HSBC Flexi Cap Fund,2024-10-01,2024-11-01,,1.932505,0.045826,1.886679,14.0,33,7,LightGBM,lgbm_probability,,0.9828919017321652,
ICICI Prudential ELSS Tax Saver Fund,2024-10-01,2024-11-01,,-0.851567,0.045826,-0.897393,27.0,33,15,LightGBM,lgbm_probability,,0.03167891803576617,
ICICI Prudential India Opportunities Fund,2024-10-01,2024-11-01,,-0.406394,0.045826,-0.45222,2.0,33,0,LightGBM,lgbm_probability,,0.9994307202248185,
ITI ELSS Tax Saver Fund,2024-10-01,2024-11-01,,0.99409,0.045826,0.948264,29.0,33,16,LightGBM,lgbm_probability,,0.009840746050836187,
Kotak ELSS Tax Saver Fund,2024-10-01,2024-11-01,,0.53034,0.045826,0.484514,4.0,33,1,LightGBM,lgbm_probability,,0.9992064395394049,
LIC MF ELSS Tax Saver,2024-10-01,2024-11-01,,1.018699,0.045826,0.972873,28.0,33,16,LightGBM,lgbm_probability,,0.01503588235510709,
LIC MF Flexi Cap Fund,2024-10-01,2024-11-01,,1.189527,0.045826,1.143701,6.0,33,3,LightGBM,lgbm_probability,,0.999034295602483,
Motilal Oswal ELSS Tax Saver Fund,2024-10-01,2024-11-01,,1.904544,0.045826,1.858718,11.0,33,6,LightGBM,lgbm_probability,,0.9933872700438473,
Motilal Oswal Flexi Cap Fund,2024-10-01,2024-11-01,,3.833551,0.045826,3.787725,19.0,33,10,LightGBM,lgbm_probability,,0.5914274121743811,
Navi Flexi Cap Fund,2024-10-01,2024-11-01,,-0.398355,0.045826,-0.444181,17.0,33,9,LightGBM,lgbm_probability,,0.842267176774378,
Nippon India Value Fund,2024-10-01,2024-11-01,,-0.288773,0.045826,-0.334599,8.0,33,4,LightGBM,lgbm_probability,,0.9981219914026467,
Parag Parikh ELSS Tax Saver Fund,2024-10-01,2024-11-01,,0.340966,0.045826,0.29514,1.0,33,0,LightGBM,lgbm_probability,,0.9997849448411688,
Parag Parikh Flexi Cap Fund,2024-10-01,2024-11-01,,0.274599,0.045826,0.228773,5.0,33,2,LightGBM,lgbm_probability,,0.9990969622279419,
PGIM India Flexi Cap Fund,2024-10-01,2024-11-01,,0.345253,0.045826,0.299427,31.0,33,18,LightGBM,lgbm_probability,,0.006286661724737074,
Shriram ELSS Tax Saver Fund,2024-10-01,2024-11-01,,0.099863,0.045826,0.054037,32.0,33,18,LightGBM,lgbm_probability,,0.00048427979034486557,
Shriram Flexi Cap Fund,2024-10-01,2024-11-01,,0.16613,0.045826,0.120304,33.0,33,19,LightGBM,lgbm_probability,,6.113187819581654e-05,
Sundaram ELSS Tax Saver Fund,2024-10-01,2024-11-01,,0.352726,0.045826,0.3069,25.0,33,14,LightGBM,lgbm_probability,,0.036359625000119335,
UTI ELSS Tax Saver Fund,2024-10-01,2024-11-01,,-0.317364,0.045826,-0.36319,24.0,33,13,LightGBM,lgbm_probability,,0.2577145486185037,
UTI Flexi Cap Fund,2024-10-01,2024-11-01,,1.169353,0.045826,1.123527,22.0,33,12,LightGBM,lgbm_probability,,0.39030069906339954,
UTI Value Fund,2024-10-01,2024-11-01,,0.034214,0.045826,-0.011612,16.0,33,9,LightGBM,lgbm_probability,,0.8937598355259639,
Axis Flexi Cap Fund,2024-11-01,2024-12-01,,0.383944,-1.36551,1.749454,21.0,33,12,LightGBM,lgbm_probability,,0.3619041117451499,
DSP ELSS Tax Saver Fund,2024-11-01,2024-12-01,,-1.276435,-1.36551,0.089075,9.0,33,4,LightGBM,lgbm_probability,,0.985731817099355,
DSP Flexi Cap Fund,2024-11-01,2024-12-01,,-1.596052,-1.36551,-0.230542,20.0,33,11,LightGBM,lgbm_probability,,0.551701626076595,
Edelweiss ELSS Tax saver Fund,2024-11-01,2024-12-01,,-0.755569,-1.36551,0.609941,19.0,33,10,LightGBM,lgbm_probability,,0.702018437705409,
Edelweiss Flexi Cap Fund,2024-11-01,2024-12-01,,-0.69535,-1.36551,0.67016,5.0,33,2,LightGBM,lgbm_probability,,0.9978031408376673,
Franklin India ELSS Tax Saver Fund,2024-11-01,2024-12-01,,-0.143834,-1.36551,1.221676,4.0,33,1,LightGBM,lgbm_probability,,0.999314731617847,
Franklin India Flexi Cap Fund,2024-11-01,2024-12-01,,-0.144048,-1.36551,1.221462,3.0,33,1,LightGBM,lgbm_probability,,0.9999457400828442,
Franklin India Focused Equity Fund,2024-11-01,2024-12-01,,-1.195273,-1.36551,0.170237,27.0,33,15,LightGBM,lgbm_probability,,0.07277787629707688,
Franklin India Opportunities Fund,2024-11-01,2024-12-01,,0.245392,-1.36551,1.610902,22.0,33,12,LightGBM,lgbm_probability,,0.3201060443270664,
HDFC ELSS Tax saver,2024-11-01,2024-12-01,,-1.356294,-1.36551,0.009216,30.0,33,17,LightGBM,lgbm_probability,,0.054157816597104134,
HDFC Flexi Cap Fund,2024-11-01,2024-12-01,,-1.213239,-1.36551,0.152271,7.0,33,3,LightGBM,lgbm_probability,,0.9951765668706858,
HDFC Focused Fund,2024-11-01,2024-12-01,,-1.54074,-1.36551,-0.17523,12.0,33,6,LightGBM,lgbm_probability,,0.9692942212346534,
HDFC Value Fund,2024-11-01,2024-12-01,,-1.386799,-1.36551,-0.021289,10.0,33,5,LightGBM,lgbm_probability,,0.9817395456837308,
HSBC Flexi Cap Fund,2024-11-01,2024-12-01,,-0.281478,-1.36551,1.084032,14.0,33,7,LightGBM,lgbm_probability,,0.9377489875935668,
ICICI Prudential ELSS Tax Saver Fund,2024-11-01,2024-12-01,,-2.176505,-1.36551,-0.810995,26.0,33,15,LightGBM,lgbm_probability,,0.11678461013670262,
ICICI Prudential India Opportunities Fund,2024-11-01,2024-12-01,,-1.468988,-1.36551,-0.103478,11.0,33,6,LightGBM,lgbm_probability,,0.969384008718194,
ITI ELSS Tax Saver Fund,2024-11-01,2024-12-01,,-1.209364,-1.36551,0.156146,25.0,33,14,LightGBM,lgbm_probability,,0.13470617986449115,
Kotak ELSS Tax Saver Fund,2024-11-01,2024-12-01,,-0.625948,-1.36551,0.739562,8.0,33,4,LightGBM,lgbm_probability,,0.9884740683541303,
LIC MF ELSS Tax Saver,2024-11-01,2024-12-01,,0.652999,-1.36551,2.018509,31.0,33,18,LightGBM,lgbm_probability,,0.04980890811459204,
LIC MF Flexi Cap Fund,2024-11-01,2024-12-01,,-1.059455,-1.36551,0.306055,13.0,33,7,LightGBM,lgbm_probability,,0.9481903788843388,
Motilal Oswal ELSS Tax Saver Fund,2024-11-01,2024-12-01,,3.906413,-1.36551,5.271923,17.0,33,9,LightGBM,lgbm_probability,,0.8577613403228912,
Motilal Oswal Flexi Cap Fund,2024-11-01,2024-12-01,,2.734816,-1.36551,4.100326,23.0,33,13,LightGBM,lgbm_probability,,0.28935834715962727,
Navi Flexi Cap Fund,2024-11-01,2024-12-01,,-1.659668,-1.36551,-0.294158,29.0,33,16,LightGBM,lgbm_probability,,0.06975612257026939,
Nippon India Value Fund,2024-11-01,2024-12-01,,-0.014219,-1.36551,1.351291,1.0,33,0,LightGBM,lgbm_probability,,0.9999931495519976,
Parag Parikh ELSS Tax Saver Fund,2024-11-01,2024-12-01,,0.501988,-1.36551,1.867498,6.0,33,3,LightGBM,lgbm_probability,,0.9976842088259813,
Parag Parikh Flexi Cap Fund,2024-11-01,2024-12-01,,1.047786,-1.36551,2.413296,2.0,33,0,LightGBM,lgbm_probability,,0.9999739087476669,
PGIM India Flexi Cap Fund,2024-11-01,2024-12-01,,0.221185,-1.36551,1.586695,33.0,33,19,LightGBM,lgbm_probability,,0.002759880840566804,
Shriram ELSS Tax Saver Fund,2024-11-01,2024-12-01,,1.456944,-1.36551,2.822454,18.0,33,10,LightGBM,lgbm_probability,,0.728733590531486,
Shriram Flexi Cap Fund,2024-11-01,2024-12-01,,1.730334,-1.36551,3.095844,28.0,33,16,LightGBM,lgbm_probability,,0.07034692440510529,
Sundaram ELSS Tax Saver Fund,2024-11-01,2024-12-01,,-0.538272,-1.36551,0.827238,32.0,33,18,LightGBM,lgbm_probability,,0.04382313166720929,
UTI ELSS Tax Saver Fund,2024-11-01,2024-12-01,,-1.370693,-1.36551,-0.005183,24.0,33,13,LightGBM,lgbm_probability,,0.27631511141409065,
UTI Flexi Cap Fund,2024-11-01,2024-12-01,,-0.622073,-1.36551,0.743437,16.0,33,9,LightGBM,lgbm_probability,,0.9094510760338606,
UTI Value Fund,2024-11-01,2024-12-01,,-2.136573,-1.36551,-0.771063,15.0,33,8,LightGBM,lgbm_probability,,0.9198593926711535,
Aditya Birla Sun Life ELSS Tax Saver Fund,2024-12-01,2025-01-01,,-4.208701,-3.470144,-0.738557,60.0,60,19,LightGBM,lgbm_probability,,8.15008928870892e-06,
Aditya Birla Sun Life Flexi Cap Fund,2024-12-01,2025-01-01,,-3.919877,-3.470144,-0.449733,34.0,60,11,LightGBM,lgbm_probability,,0.09762774662629496,
Axis ELSS Tax Saver Fund,2024-12-01,2025-01-01,,-3.643577,-3.470144,-0.173433,43.0,60,14,LightGBM,lgbm_probability,,0.015121035376901378,
Axis Flexi Cap Fund,2024-12-01,2025-01-01,,-6.4036,-3.470144,-2.933456,27.0,60,8,LightGBM,lgbm_probability,,0.414154234156534,
Axis Focused Fund,2024-12-01,2025-01-01,,-4.879646,-3.470144,-1.409502,57.0,60,18,LightGBM,lgbm_probability,,0.0002906159399197493,
Baroda BNP Paribas ELSS Tax Saver Fund,2024-12-01,2025-01-01,,-6.285185,-3.470144,-2.815041,24.0,60,7,LightGBM,lgbm_probability,,0.49274679657529874,
Baroda BNP Paribas Focused Fund,2024-12-01,2025-01-01,,-6.599403,-3.470144,-3.129259,23.0,60,7,LightGBM,lgbm_probability,,0.5013677390399769,
DSP ELSS Tax Saver Fund,2024-12-01,2025-01-01,,-4.27113,-3.470144,-0.800986,16.0,60,5,LightGBM,lgbm_probability,,0.8326290972795969,
DSP Flexi Cap Fund,2024-12-01,2025-01-01,,-5.1035,-3.470144,-1.633356,40.0,60,13,LightGBM,lgbm_probability,,0.03189479829221068,
DSP Focused Fund,2024-12-01,2025-01-01,,-3.790168,-3.470144,-0.320024,14.0,60,4,LightGBM,lgbm_probability,,0.8616449701001292,
Edelweiss ELSS Tax saver Fund,2024-12-01,2025-01-01,,-5.03479,-3.470144,-1.564646,46.0,60,15,LightGBM,lgbm_probability,,0.012776225539761902,
Edelweiss Flexi Cap Fund,2024-12-01,2025-01-01,,-6.151445,-3.470144,-2.681301,15.0,60,4,LightGBM,lgbm_probability,,0.8424976166238881,
Franklin India ELSS Tax Saver Fund,2024-12-01,2025-01-01,,-5.592759,-3.470144,-2.122615,8.0,60,2,LightGBM,lgbm_probability,,0.9842806396934974,
Franklin India Flexi Cap Fund,2024-12-01,2025-01-01,,-5.41933,-3.470144,-1.949186,6.0,60,1,LightGBM,lgbm_probability,,0.9948968617989747,
Franklin India Focused Equity Fund,2024-12-01,2025-01-01,,-4.566456,-3.470144,-1.096312,50.0,60,16,LightGBM,lgbm_probability,,0.00827427231739614,
Franklin India Opportunities Fund,2024-12-01,2025-01-01,,-6.435277,-3.470144,-2.965133,39.0,60,12,LightGBM,lgbm_probability,,0.040984567131146836,
HDFC ELSS Tax saver,2024-12-01,2025-01-01,,-2.568971,-3.470144,0.901173,26.0,60,8,LightGBM,lgbm_probability,,0.43813608518117825,
HDFC Flexi Cap Fund,2024-12-01,2025-01-01,,-2.726904,-3.470144,0.74324,2.0,60,0,LightGBM,lgbm_probability,,0.999582464812677,
HDFC Focused Fund,2024-12-01,2025-01-01,,-2.74642,-3.470144,0.723724,3.0,60,0,LightGBM,lgbm_probability,,0.9995075074937613,
HDFC Value Fund,2024-12-01,2025-01-01,,-4.453804,-3.470144,-0.98366,7.0,60,2,LightGBM,lgbm_probability,,0.9860648775311432,
HSBC Flexi Cap Fund,2024-12-01,2025-01-01,,-8.142979,-3.470144,-4.672835,17.0,60,5,LightGBM,lgbm_probability,,0.8030483879514732,
HSBC Focused Fund,2024-12-01,2025-01-01,,-8.771084,-3.470144,-5.30094,44.0,60,14,LightGBM,lgbm_probability,,0.014101229868044123,
HSBC Tax Saver Equity Fund,2024-12-01,2025-01-01,,-8.186671,-3.470144,-4.716527,25.0,60,8,LightGBM,lgbm_probability,,0.4518454945242393,
ICICI Prudential ELSS Tax Saver Fund,2024-12-01,2025-01-01,,-2.786406,-3.470144,0.683738,22.0,60,7,LightGBM,lgbm_probability,,0.5224020408135452,
ICICI Prudential India Opportunities Fund,2024-12-01,2025-01-01,,-1.291564,-3.470144,2.17858,45.0,60,14,LightGBM,lgbm_probability,,0.01324186348504725,
ITI ELSS Tax Saver Fund,2024-12-01,2025-01-01,,-7.340815,-3.470144,-3.870671,32.0,60,10,LightGBM,lgbm_probability,,0.21451566855448148,
Kotak ELSS Tax Saver Fund,2024-12-01,2025-01-01,,-6.293276,-3.470144,-2.823132,10.0,60,3,LightGBM,lgbm_probability,,0.9758369163882658,
Kotak Flexi Cap Fund,2024-12-01,2025-01-01,,-2.893887,-3.470144,0.576257,30.0,60,9,LightGBM,lgbm_probability,,0.338786008342469,
Kotak Focused Fund,2024-12-01,2025-01-01,,-4.014195,-3.470144,-0.544051,53.0,60,17,LightGBM,lgbm_probability,,0.002370219554442908,
LIC MF ELSS Tax Saver,2024-12-01,2025-01-01,,-5.094073,-3.470144,-1.623929,11.0,60,3,LightGBM,lgbm_probability,,0.9681495527934023,
LIC MF Flexi Cap Fund,2024-12-01,2025-01-01,,-6.824417,-3.470144,-3.354273,5.0,60,1,LightGBM,lgbm_probability,,0.9957624443434187,
LIC MF Focused Fund,2024-12-01,2025-01-01,,-2.333221,-3.470144,1.136923,38.0,60,12,LightGBM,lgbm_probability,,0.05148323953423386,
Mahindra Manulife ELSS Tax Saver Fund,2024-12-01,2025-01-01,,-3.35736,-3.470144,0.112784,51.0,60,16,LightGBM,lgbm_probability,,0.008220885851305575,
Mahindra Manulife Focused Fund,2024-12-01,2025-01-01,,-1.582456,-3.470144,1.887688,20.0,60,6,LightGBM,lgbm_probability,,0.5565434355954499,
Mirae Asset ELSS Tax Saver Fund,2024-12-01,2025-01-01,,-4.658138,-3.470144,-1.187994,31.0,60,10,LightGBM,lgbm_probability,,0.289892351865076,
Mirae Asset Focused Fund,2024-12-01,2025-01-01,,-6.363076,-3.470144,-2.892932,59.0,60,19,LightGBM,lgbm_probability,,7.483736066841129e-05,
Motilal Oswal ELSS Tax Saver Fund,2024-12-01,2025-01-01,,-15.028961,-3.470144,-11.558817,42.0,60,13,LightGBM,lgbm_probability,,0.02369316437343133,
Motilal Oswal Flexi Cap Fund,2024-12-01,2025-01-01,,-11.891417,-3.470144,-8.421273,19.0,60,6,LightGBM,lgbm_probability,,0.6641853474287885,
Motilal Oswal Focused Fund,2024-12-01,2025-01-01,,-9.702875,-3.470144,-6.232731,49.0,60,16,LightGBM,lgbm_probability,,0.008317707965327234,
Navi Flexi Cap Fund,2024-12-01,2025-01-01,,-4.640898,-3.470144,-1.170754,41.0,60,13,LightGBM,lgbm_probability,,0.02441267498440196,
Nippon India ELSS Tax Saver Fund,2024-12-01,2025-01-01,,-4.692683,-3.470144,-1.222539,12.0,60,3,LightGBM,lgbm_probability,,0.938437965513492,
Nippon India Value Fund,2024-12-01,2025-01-01,,-5.368608,-3.470144,-1.898464,13.0,60,4,LightGBM,lgbm_probability,,0.8665304861018726,
Parag Parikh ELSS Tax Saver Fund,2024-12-01,2025-01-01,,-1.86081,-3.470144,1.609334,4.0,60,1,LightGBM,lgbm_probability,,0.9968081115241343,
Parag Parikh Flexi Cap Fund,2024-12-01,2025-01-01,,-0.5807,-3.470144,2.889444,1.0,60,0,LightGBM,lgbm_probability,,0.9996423278735747,
PGIM India ELSS Tax Saver Fund,2024-12-01,2025-01-01,,-4.616169,-3.470144,-1.146025,47.0,60,15,LightGBM,lgbm_probability,,0.010222911614718718,
PGIM India Flexi Cap Fund,2024-12-01,2025-01-01,,-4.847747,-3.470144,-1.377603,56.0,60,18,LightGBM,lgbm_probability,,0.00031430306700956157,
Quant ELSS Tax Saver Fund,2024-12-01,2025-01-01,,-4.472322,-3.470144,-1.002178,18.0,60,5,LightGBM,lgbm_probability,,0.7758217917676421,
Quant Focused Fund,2024-12-01,2025-01-01,,-1.981542,-3.470144,1.488602,9.0,60,2,LightGBM,lgbm_probability,,0.9798820442808548,
Shriram ELSS Tax Saver Fund,2024-12-01,2025-01-01,,-12.464724,-3.470144,-8.99458,33.0,60,10,LightGBM,lgbm_probability,,0.13746638116177193,
Shriram Flexi Cap Fund,2024-12-01,2025-01-01,,-12.756083,-3.470144,-9.285939,54.0,60,17,LightGBM,lgbm_probability,,0.002154256662677863,
Sundaram ELSS Tax Saver Fund,2024-12-01,2025-01-01,,-3.942616,-3.470144,-0.472472,35.0,60,11,LightGBM,lgbm_probability,,0.08907744703445085,
Sundaram Focused Fund,2024-12-01,2025-01-01,,-4.267578,-3.470144,-0.797434,29.0,60,9,LightGBM,lgbm_probability,,0.34183996912273096,
Sundaram Value Fund,2024-12-01,2025-01-01,,-3.797437,-3.470144,-0.327293,37.0,60,12,LightGBM,lgbm_probability,,0.07595375884967463,
Tata ELSS Fund,2024-12-01,2025-01-01,,-5.599734,-3.470144,-2.12959,58.0,60,19,LightGBM,lgbm_probability,,0.00022941735828900143,
Tata Flexi Cap Fund,2024-12-01,2025-01-01,,-1.37659,-3.470144,2.093554,55.0,60,18,LightGBM,lgbm_probability,,0.00035742670352280077,
Tata Focused Fund,2024-12-01,2025-01-01,,-7.453829,-3.470144,-3.983685,21.0,60,6,LightGBM,lgbm_probability,,0.5329364471433373,
Tata Value Fund,2024-12-01,2025-01-01,,-6.967372,-3.470144,-3.497228,36.0,60,11,LightGBM,lgbm_probability,,0.08517644743218333,
UTI ELSS Tax Saver Fund,2024-12-01,2025-01-01,,-4.239837,-3.470144,-0.769693,52.0,60,17,LightGBM,lgbm_probability,,0.006280631531794549,
UTI Flexi Cap Fund,2024-12-01,2025-01-01,,-3.951754,-3.470144,-0.48161,48.0,60,15,LightGBM,lgbm_probability,,0.008727164481266897,
UTI Value Fund,2024-12-01,2025-01-01,,-3.000438,-3.470144,0.469706,28.0,60,9,LightGBM,lgbm_probability,,0.40740299767417354,
Aditya Birla Sun Life Dividend Yield Fund,2025-01-01,2025-02-01,,-7.236039,-7.786369,0.55033,10.0,71,2,LightGBM,lgbm_probability,,0.44965000363525515,
Aditya Birla Sun Life ELSS Tax Saver Fund,2025-01-01,2025-02-01,,-5.212483,-7.786369,2.573886,23.0,71,6,LightGBM,lgbm_probability,,0.1379591013584209,
Aditya Birla Sun Life Flexi Cap Fund,2025-01-01,2025-02-01,,-5.79981,-7.786369,1.986559,65.0,71,18,LightGBM,lgbm_probability,,0.0005888486627335093,
Aditya Birla Sun Life Focused Fund,2025-01-01,2025-02-01,,-5.465014,-7.786369,2.321355,54.0,71,14,LightGBM,lgbm_probability,,0.005723326837472034,
Axis ELSS Tax Saver Fund,2025-01-01,2025-02-01,,-5.338428,-7.786369,2.447941,45.0,71,12,LightGBM,lgbm_probability,,0.021777038250610187,
Axis Flexi Cap Fund,2025-01-01,2025-02-01,,-7.540127,-7.786369,0.246242,67.0,71,18,LightGBM,lgbm_probability,,0.0005101982368155732,
Axis Focused Fund,2025-01-01,2025-02-01,,-5.238508,-7.786369,2.547861,37.0,71,10,LightGBM,lgbm_probability,,0.062414515017650996,
Axis Innovation Fund,2025-01-01,2025-02-01,,-6.07221,-7.786369,1.714159,47.0,71,12,LightGBM,lgbm_probability,,0.01879104242460427,
Baroda BNP Paribas ELSS Tax Saver Fund,2025-01-01,2025-02-01,,-7.137244,-7.786369,0.649125,56.0,71,15,LightGBM,lgbm_probability,,0.0028046466906192806,
Baroda BNP Paribas Focused Fund,2025-01-01,2025-02-01,,-8.437424,-7.786369,-0.651055,40.0,71,10,LightGBM,lgbm_probability,,0.03716411914684775,
DSP ELSS Tax Saver Fund,2025-01-01,2025-02-01,,-5.012894,-7.786369,2.773475,41.0,71,11,LightGBM,lgbm_probability,,0.03579825495555502,
DSP Flexi Cap Fund,2025-01-01,2025-02-01,,-5.364658,-7.786369,2.421711,59.0,71,16,LightGBM,lgbm_probability,,0.0025718262780224824,
DSP Focused Fund,2025-01-01,2025-02-01,,-4.189949,-7.786369,3.59642,42.0,71,11,LightGBM,lgbm_probability,,0.029913938004368763,
Edelweiss ELSS Tax saver Fund,2025-01-01,2025-02-01,,-7.284713,-7.786369,0.501656,62.0,71,17,LightGBM,lgbm_probability,,0.0015431817996072739,
Edelweiss Flexi Cap Fund,2025-01-01,2025-02-01,,-6.79194,-7.786369,0.994429,36.0,71,9,LightGBM,lgbm_probability,,0.06558834790964031,
Franklin India ELSS Tax Saver Fund,2025-01-01,2025-02-01,,-5.88627,-7.786369,1.900099,25.0,71,6,LightGBM,lgbm_probability,,0.13019986080320986,
Franklin India Flexi Cap Fund,2025-01-01,2025-02-01,,-5.649296,-7.786369,2.137073,20.0,71,5,LightGBM,lgbm_probability,,0.239200174360479,
Franklin India Focused Equity Fund,2025-01-01,2025-02-01,,-4.508899,-7.786369,3.27747,12.0,71,3,LightGBM,lgbm_probability,,0.4124871192471777,
Franklin India Opportunities Fund,2025-01-01,2025-02-01,,-9.034619,-7.786369,-1.24825,50.0,71,13,LightGBM,lgbm_probability,,0.009438532173498996,
HDFC Dividend Yield Fund,2025-01-01,2025-02-01,,-6.882327,-7.786369,0.904042,6.0,71,1,LightGBM,lgbm_probability,,0.7909525486645927,
HDFC ELSS Tax saver,2025-01-01,2025-02-01,,-3.811088,-7.786369,3.975281,2.0,71,0,LightGBM,lgbm_probability,,0.8362844840535816,
HDFC Flexi Cap Fund,2025-01-01,2025-02-01,,-3.431157,-7.786369,4.355212,1.0,71,0,LightGBM,lgbm_probability,,0.8862822483623468,
HDFC Focused Fund,2025-01-01,2025-02-01,,-2.837266,-7.786369,4.949103,4.0,71,0,LightGBM,lgbm_probability,,0.8141312460582819,
HDFC Value Fund,2025-01-01,2025-02-01,,-6.176204,-7.786369,1.610165,32.0,71,8,LightGBM,lgbm_probability,,0.08422671192091025,
HSBC Flexi Cap Fund,2025-01-01,2025-02-01,,-9.066471,-7.786369,-1.280102,53.0,71,14,LightGBM,lgbm_probability,,0.006031711842920277,
HSBC Focused Fund,2025-01-01,2025-02-01,,-9.75888,-7.786369,-1.972511,46.0,71,12,LightGBM,lgbm_probability,,0.021482596509651238,
HSBC Tax Saver Equity Fund,2025-01-01,2025-02-01,,-9.119677,-7.786369,-1.333308,64.0,71,17,LightGBM,lgbm_probability,,0.0010015268396048507,
ICICI Prudential Dividend Yield Equity Fund,2025-01-01,2025-02-01,,-4.475367,-7.786369,3.311002,18.0,71,4,LightGBM,lgbm_probability,,0.26787563874841,
ICICI Prudential ELSS Tax Saver Fund,2025-01-01,2025-02-01,,-4.650715,-7.786369,3.135654,44.0,71,12,LightGBM,lgbm_probability,,0.024618940069034957,
ICICI Prudential India Opportunities Fund,2025-01-01,2025-02-01,,-3.64819,-7.786369,4.138179,28.0,71,7,LightGBM,lgbm_probability,,0.12388092509602118,
ICICI Prudential Value Fund,2025-01-01,2025-02-01,,-4.035028,-7.786369,3.751341,15.0,71,3,LightGBM,lgbm_probability,,0.35556032179759384,
ITI ELSS Tax Saver Fund,2025-01-01,2025-02-01,,-7.145335,-7.786369,0.641034,31.0,71,8,LightGBM,lgbm_probability,,0.1027835908921921,
Kotak Contra Fund,2025-01-01,2025-02-01,,-6.745531,-7.786369,1.040838,7.0,71,1,LightGBM,lgbm_probability,,0.6902694724495212,
Kotak ELSS Tax Saver Fund,2025-01-01,2025-02-01,,-7.891379,-7.786369,-0.10501,19.0,71,5,LightGBM,lgbm_probability,,0.25198039904118946,
Kotak Flexi Cap Fund,2025-01-01,2025-02-01,,-5.767472,-7.786369,2.018897,22.0,71,5,LightGBM,lgbm_probability,,0.1543967982044447,
Kotak Focused Fund,2025-01-01,2025-02-01,,-5.022978,-7.786369,2.763391,48.0,71,13,LightGBM,lgbm_probability,,0.013246299381467853,
LIC MF Dividend Yield Fund,2025-01-01,2025-02-01,,-7.233696,-7.786369,0.552673,30.0,71,8,LightGBM,lgbm_probability,,0.10747747569871464,
LIC MF ELSS Tax Saver,2025-01-01,2025-02-01,,-6.727254,-7.786369,1.059115,52.0,71,14,LightGBM,lgbm_probability,,0.006296860064568388,
LIC MF Flexi Cap Fund,2025-01-01,2025-02-01,,-10.496342,-7.786369,-2.709973,38.0,71,10,LightGBM,lgbm_probability,,0.046158694836827996,
LIC MF Focused Fund,2025-01-01,2025-02-01,,-7.358125,-7.786369,0.428244,16.0,71,4,LightGBM,lgbm_probability,,0.300454011816289,
LIC MF Value Fund,2025-01-01,2025-02-01,,-12.490715,-7.786369,-4.704346,13.0,71,3,LightGBM,lgbm_probability,,0.38898222192599957,
Mahindra Manulife ELSS Tax Saver Fund,2025-01-01,2025-02-01,,-5.199549,-7.786369,2.58682,29.0,71,7,LightGBM,lgbm_probability,,0.1094857506207448,
Mahindra Manulife Focused Fund,2025-01-01,2025-02-01,,-4.373572,-7.786369,3.412797,8.0,71,1,LightGBM,lgbm_probability,,0.6819438605210218,
Mirae Asset ELSS Tax Saver Fund,2025-01-01,2025-02-01,,-5.902226,-7.786369,1.884143,58.0,71,16,LightGBM,lgbm_probability,,0.0026913803457422835,
Mirae Asset Focused Fund,2025-01-01,2025-02-01,,-6.560497,-7.786369,1.225872,55.0,71,15,LightGBM,lgbm_probability,,0.0037416862730378212,
Motilal Oswal ELSS Tax Saver Fund,2025-01-01,2025-02-01,,-10.750704,-7.786369,-2.964335,11.0,71,2,LightGBM,lgbm_probability,,0.44017582837592517,
Motilal Oswal Flexi Cap Fund,2025-01-01,2025-02-01,,-5.477515,-7.786369,2.308854,9.0,71,2,LightGBM,lgbm_probability,,0.5286811685758398,
Motilal Oswal Focused Fund,2025-01-01,2025-02-01,,-11.892751,-7.786369,-4.106382,14.0,71,3,LightGBM,lgbm_probability,,0.3845298342244658,
Navi Flexi Cap Fund,2025-01-01,2025-02-01,,-7.579686,-7.786369,0.206683,26.0,71,7,LightGBM,lgbm_probability,,0.1253350401394063,
Nippon India ELSS Tax Saver Fund,2025-01-01,2025-02-01,,-6.196526,-7.786369,1.589843,33.0,71,9,LightGBM,lgbm_probability,,0.08219348672242846,
Nippon India Value Fund,2025-01-01,2025-02-01,,-5.449836,-7.786369,2.336533,51.0,71,14,LightGBM,lgbm_probability,,0.006877523816426938,
Parag Parikh ELSS Tax Saver Fund,2025-01-01,2025-02-01,,-3.277708,-7.786369,4.508661,17.0,71,4,LightGBM,lgbm_probability,,0.27756701091587277,
Parag Parikh Flexi Cap Fund,2025-01-01,2025-02-01,,-3.281699,-7.786369,4.50467,35.0,71,9,LightGBM,lgbm_probability,,0.07795079139758104,
PGIM India ELSS Tax Saver Fund,2025-01-01,2025-02-01,,-5.899865,-7.786369,1.886504,69.0,71,19,LightGBM,lgbm_probability,,0.000367908793530909,
PGIM India Flexi Cap Fund,2025-01-01,2025-02-01,,-6.296968,-7.786369,1.489401,71.0,71,19,LightGBM,lgbm_probability,,0.00014111283812901746,
Quant ELSS Tax Saver Fund,2025-01-01,2025-02-01,,-7.464985,-7.786369,0.321384,39.0,71,10,LightGBM,lgbm_probability,,0.039016007900190344,
Quant Flexi Cap Fund,2025-01-01,2025-02-01,,-7.97638,-7.786369,-0.190011,34.0,71,9,LightGBM,lgbm_probability,,0.07840064901599586,
Quant Focused Fund,2025-01-01,2025-02-01,,-7.564585,-7.786369,0.221784,24.0,71,6,LightGBM,lgbm_probability,,0.13737292806104592,
Shriram ELSS Tax Saver Fund,2025-01-01,2025-02-01,,-7.029413,-7.786369,0.756956,5.0,71,1,LightGBM,lgbm_probability,,0.81048979563938,
Shriram Flexi Cap Fund,2025-01-01,2025-02-01,,-7.058566,-7.786369,0.727803,3.0,71,0,LightGBM,lgbm_probability,,0.8327706122511074,
Sundaram ELSS Tax Saver Fund,2025-01-01,2025-02-01,,-5.477455,-7.786369,2.308914,66.0,71,18,LightGBM,lgbm_probability,,0.0005858107803435212,
Sundaram Focused Fund,2025-01-01,2025-02-01,,-4.291342,-7.786369,3.495027,60.0,71,16,LightGBM,lgbm_probability,,0.0022579661355026253,
Sundaram Value Fund,2025-01-01,2025-02-01,,-5.510104,-7.786369,2.276265,57.0,71,15,LightGBM,lgbm_probability,,0.0027079252689955606,
Tata ELSS Fund,2025-01-01,2025-02-01,,-6.747394,-7.786369,1.038975,70.0,71,19,LightGBM,lgbm_probability,,0.00030176839931384886,
Tata Flexi Cap Fund,2025-01-01,2025-02-01,,-4.391461,-7.786369,3.394908,63.0,71,17,LightGBM,lgbm_probability,,0.0013867665611717137,
Tata Focused Fund,2025-01-01,2025-02-01,,-4.993015,-7.786369,2.793354,21.0,71,5,LightGBM,lgbm_probability,,0.1960382800943363,
Tata Value Fund,2025-01-01,2025-02-01,,-7.095713,-7.786369,0.690656,43.0,71,11,LightGBM,lgbm_probability,,0.027485961231754945,
UTI Dividend Yield Fund,2025-01-01,2025-02-01,,-6.746851,-7.786369,1.039518,27.0,71,7,LightGBM,lgbm_probability,,0.12491086980890921,
UTI ELSS Tax Saver Fund,2025-01-01,2025-02-01,,-5.968976,-7.786369,1.817393,49.0,71,13,LightGBM,lgbm_probability,,0.010304238303677344,
UTI Flexi Cap Fund,2025-01-01,2025-02-01,,-5.510256,-7.786369,2.276113,68.0,71,18,LightGBM,lgbm_probability,,0.00037389157073396145,
UTI Value Fund,2025-01-01,2025-02-01,,-5.561363,-7.786369,2.225006,61.0,71,16,LightGBM,lgbm_probability,,0.0020028620271212365,
Aditya Birla Sun Life Dividend Yield Fund,2025-02-01,2025-03-01,,5.255744,7.352851,-2.097107,5.0,74,1,LightGBM,lgbm_probability,,0.9177452970725292,
Aditya Birla Sun Life ELSS Tax Saver Fund,2025-02-01,2025-03-01,,6.742557,7.352851,-0.610294,15.0,74,3,LightGBM,lgbm_probability,,0.6162663190237296,
Aditya Birla Sun Life Flexi Cap Fund,2025-02-01,2025-03-01,,7.799285,7.352851,0.446434,68.0,74,18,LightGBM,lgbm_probability,,0.0037931137295551054,
Aditya Birla Sun Life Focused Fund,2025-02-01,2025-03-01,,6.096442,7.352851,-1.256409,49.0,74,12,LightGBM,lgbm_probability,,0.0332357230800291,
Aditya Birla Sun Life Value Fund,2025-02-01,2025-03-01,,9.259662,7.352851,1.906811,17.0,74,4,LightGBM,lgbm_probability,,0.5553622940525514,
Axis ELSS Tax Saver Fund,2025-02-01,2025-03-01,,6.908471,7.352851,-0.44438,50.0,74,13,LightGBM,lgbm_probability,,0.03263384916248869,
Axis Flexi Cap Fund,2025-02-01,2025-03-01,,8.437626,7.352851,1.084775,51.0,74,13,LightGBM,lgbm_probability,,0.03028867364536489,
Axis Focused Fund,2025-02-01,2025-03-01,,7.541644,7.352851,0.188793,40.0,74,10,LightGBM,lgbm_probability,,0.06726032947539813,
Axis Innovation Fund,2025-02-01,2025-03-01,,2.387886,7.352851,-4.964965,63.0,74,16,LightGBM,lgbm_probability,,0.007537297144133136,
Baroda BNP Paribas ELSS Tax Saver Fund,2025-02-01,2025-03-01,,7.757537,7.352851,0.404686,74.0,74,19,LightGBM,lgbm_probability,,0.00012682179258883354,
Baroda BNP Paribas Focused Fund,2025-02-01,2025-03-01,,8.940257,7.352851,1.587406,14.0,74,3,LightGBM,lgbm_probability,,0.6273757869232386,
DSP ELSS Tax Saver Fund,2025-02-01,2025-03-01,,8.093573,7.352851,0.740722,45.0,74,11,LightGBM,lgbm_probability,,0.042169480199187544,
DSP Flexi Cap Fund,2025-02-01,2025-03-01,,8.149299,7.352851,0.796448,70.0,74,18,LightGBM,lgbm_probability,,0.0019569250696829066,
DSP Focused Fund,2025-02-01,2025-03-01,,8.114076,7.352851,0.761225,62.0,74,16,LightGBM,lgbm_probability,,0.008363295862985148,
Edelweiss ELSS Tax saver Fund,2025-02-01,2025-03-01,,7.641076,7.352851,0.288225,38.0,74,10,LightGBM,lgbm_probability,,0.11250938812833604,
Edelweiss Flexi Cap Fund,2025-02-01,2025-03-01,,7.14892,7.352851,-0.203931,66.0,74,17,LightGBM,lgbm_probability,,0.005254455354698273,
Franklin India ELSS Tax Saver Fund,2025-02-01,2025-03-01,,6.464294,7.352851,-0.888557,34.0,74,8,LightGBM,lgbm_probability,,0.1543061192320587,
Franklin India Flexi Cap Fund,2025-02-01,2025-03-01,,6.580458,7.352851,-0.772393,35.0,74,9,LightGBM,lgbm_probability,,0.1451351236455628,
Franklin India Focused Equity Fund,2025-02-01,2025-03-01,,4.345691,7.352851,-3.00716,26.0,74,6,LightGBM,lgbm_probability,,0.29806930200828796,
Franklin India Opportunities Fund,2025-02-01,2025-03-01,,6.798842,7.352851,-0.554009,42.0,74,11,LightGBM,lgbm_probability,,0.04682156865112467,
HDFC Dividend Yield Fund,2025-02-01,2025-03-01,,7.000614,7.352851,-0.352237,4.0,74,0,LightGBM,lgbm_probability,,0.9242831509433829,
HDFC ELSS Tax saver,2025-02-01,2025-03-01,,6.4587,7.352851,-0.894151,11.0,74,2,LightGBM,lgbm_probability,,0.7397447390834581,
HDFC Flexi Cap Fund,2025-02-01,2025-03-01,,6.490708,7.352851,-0.862143,30.0,74,7,LightGBM,lgbm_probability,,0.22833311507719403,
HDFC Focused Fund,2025-02-01,2025-03-01,,6.031841,7.352851,-1.32101,37.0,74,9,LightGBM,lgbm_probability,,0.13465848544620324,
HDFC Value Fund,2025-02-01,2025-03-01,,6.60474,7.352851,-0.748111,20.0,74,5,LightGBM,lgbm_probability,,0.5018972567902511,
HSBC Flexi Cap Fund,2025-02-01,2025-03-01,,8.444021,7.352851,1.09117,23.0,74,5,LightGBM,lgbm_probability,,0.3791097299005412,
HSBC Focused Fund,2025-02-01,2025-03-01,,7.046254,7.352851,-0.306597,31.0,74,8,LightGBM,lgbm_probability,,0.18772881376101033,
HSBC Tax Saver Equity Fund,2025-02-01,2025-03-01,,8.207526,7.352851,0.854675,73.0,74,19,LightGBM,lgbm_probability,,0.0006026031684155575,
ICICI Prudential Business Cycle Fund,2025-02-01,2025-03-01,,7.509158,7.352851,0.156307,21.0,74,5,LightGBM,lgbm_probability,,0.47486308930566246,
ICICI Prudential Dividend Yield Equity Fund,2025-02-01,2025-03-01,,7.440945,7.352851,0.088094,43.0,74,11,LightGBM,lgbm_probability,,0.045652923640247575,
ICICI Prudential ELSS Tax Saver Fund,2025-02-01,2025-03-01,,7.240088,7.352851,-0.112763,47.0,74,12,LightGBM,lgbm_probability,,0.040836665554837434,
ICICI Prudential India Opportunities Fund,2025-02-01,2025-03-01,,5.4887,7.352851,-1.864151,56.0,74,14,LightGBM,lgbm_probability,,0.017802409065173486,
ICICI Prudential Value Fund,2025-02-01,2025-03-01,,5.928103,7.352851,-1.424748,22.0,74,5,LightGBM,lgbm_probability,,0.40768422021582784,
ITI ELSS Tax Saver Fund,2025-02-01,2025-03-01,,8.328144,7.352851,0.975293,12.0,74,2,LightGBM,lgbm_probability,,0.7288004010370922,
Kotak Contra Fund,2025-02-01,2025-03-01,,7.392034,7.352851,0.039183,2.0,74,0,LightGBM,lgbm_probability,,0.9412893824367681,
Kotak ELSS Tax Saver Fund,2025-02-01,2025-03-01,,7.595134,7.352851,0.242283,27.0,74,7,LightGBM,lgbm_probability,,0.2736571256833457,
Kotak Flexi Cap Fund,2025-02-01,2025-03-01,,8.151917,7.352851,0.799066,58.0,74,15,LightGBM,lgbm_probability,,0.01395407108569435,
Kotak Focused Fund,2025-02-01,2025-03-01,,6.544992,7.352851,-0.807859,44.0,74,11,LightGBM,lgbm_probability,,0.04433271181986285,
LIC MF Dividend Yield Fund,2025-02-01,2025-03-01,,8.308985,7.352851,0.956134,19.0,74,4,LightGBM,lgbm_probability,,0.5161252213223918,
LIC MF ELSS Tax Saver,2025-02-01,2025-03-01,,8.231762,7.352851,0.878911,71.0,74,18,LightGBM,lgbm_probability,,0.0015195084062915396,
LIC MF Flexi Cap Fund,2025-02-01,2025-03-01,,5.215601,7.352851,-2.13725,7.0,74,1,LightGBM,lgbm_probability,,0.8389338316628228,
LIC MF Focused Fund,2025-02-01,2025-03-01,,5.849669,7.352851,-1.503182,1.0,74,0,LightGBM,lgbm_probability,,0.9600154698199608,
LIC MF Value Fund,2025-02-01,2025-03-01,,7.111829,7.352851,-0.241022,10.0,74,2,LightGBM,lgbm_probability,,0.7701738672880724,
Mahindra Manulife ELSS Tax Saver Fund,2025-02-01,2025-03-01,,7.311465,7.352851,-0.041386,25.0,74,6,LightGBM,lgbm_probability,,0.3005190508827287,
Mahindra Manulife Focused Fund,2025-02-01,2025-03-01,,6.389038,7.352851,-0.963813,9.0,74,2,LightGBM,lgbm_probability,,0.7829584662052612,
Mirae Asset ELSS Tax Saver Fund,2025-02-01,2025-03-01,,6.849461,7.352851,-0.50339,46.0,74,12,LightGBM,lgbm_probability,,0.041097313211787445,
Mirae Asset Focused Fund,2025-02-01,2025-03-01,,5.100599,7.352851,-2.252252,48.0,74,12,LightGBM,lgbm_probability,,0.03464923359841467,
Motilal Oswal ELSS Tax Saver Fund,2025-02-01,2025-03-01,,10.686443,7.352851,3.333592,18.0,74,4,LightGBM,lgbm_probability,,0.5508343354521437,
Motilal Oswal Flexi Cap Fund,2025-02-01,2025-03-01,,8.214007,7.352851,0.861156,57.0,74,15,LightGBM,lgbm_probability,,0.016944325037836636,
Motilal Oswal Focused Fund,2025-02-01,2025-03-01,,8.447434,7.352851,1.094583,6.0,74,1,LightGBM,lgbm_probability,,0.8852846829135426,
Navi Flexi Cap Fund,2025-02-01,2025-03-01,,6.356716,7.352851,-0.996135,3.0,74,0,LightGBM,lgbm_probability,,0.9363972740273842,
Nippon India ELSS Tax Saver Fund,2025-02-01,2025-03-01,,8.791235,7.352851,1.438384,16.0,74,4,LightGBM,lgbm_probability,,0.5996382095604064,
Nippon India Value Fund,2025-02-01,2025-03-01,,6.203603,7.352851,-1.149248,65.0,74,17,LightGBM,lgbm_probability,,0.005610081953793125,
Parag Parikh ELSS Tax Saver Fund,2025-02-01,2025-03-01,,5.359819,7.352851,-1.993032,36.0,74,9,LightGBM,lgbm_probability,,0.14138887336743156,
Parag Parikh Flexi Cap Fund,2025-02-01,2025-03-01,,2.765318,7.352851,-4.587533,52.0,74,13,LightGBM,lgbm_probability,,0.02993317616074599,
PGIM India ELSS Tax Saver Fund,2025-02-01,2025-03-01,,6.586137,7.352851,-0.766714,67.0,74,17,LightGBM,lgbm_probability,,0.003995615080985448,
PGIM India Flexi Cap Fund,2025-02-01,2025-03-01,,7.27323,7.352851,-0.079621,59.0,74,15,LightGBM,lgbm_probability,,0.013789520970145271,
Quant ELSS Tax Saver Fund,2025-02-01,2025-03-01,,8.134465,7.352851,0.781614,41.0,74,10,LightGBM,lgbm_probability,,0.04749487486663616,
Quant Flexi Cap Fund,2025-02-01,2025-03-01,,8.766317,7.352851,1.413466,13.0,74,3,LightGBM,lgbm_probability,,0.7186465100230648,
Quant Focused Fund,2025-02-01,2025-03-01,,6.028886,7.352851,-1.323965,24.0,74,6,LightGBM,lgbm_probability,,0.37530292441743845,
Shriram ELSS Tax Saver Fund,2025-02-01,2025-03-01,,7.61167,7.352851,0.258819,29.0,74,7,LightGBM,lgbm_probability,,0.24184370938773336,
Shriram Flexi Cap Fund,2025-02-01,2025-03-01,,7.845072,7.352851,0.492221,32.0,74,8,LightGBM,lgbm_probability,,0.16788105057336683,
Sundaram Dividend Yield Fund,2025-02-01,2025-03-01,,7.614261,7.352851,0.26141,8.0,74,1,LightGBM,lgbm_probability,,0.7876127733894712,
Sundaram ELSS Tax Saver Fund,2025-02-01,2025-03-01,,6.327295,7.352851,-1.025556,61.0,74,16,LightGBM,lgbm_probability,,0.008743682322840902,
Sundaram Focused Fund,2025-02-01,2025-03-01,,3.473231,7.352851,-3.87962,55.0,74,14,LightGBM,lgbm_probability,,0.018841200173212638,
Sundaram Value Fund,2025-02-01,2025-03-01,,6.030436,7.352851,-1.322415,53.0,74,14,LightGBM,lgbm_probability,,0.02476689211162852,
Tata ELSS Fund,2025-02-01,2025-03-01,,5.425492,7.352851,-1.927359,54.0,74,14,LightGBM,lgbm_probability,,0.0224746096230444,
Tata Flexi Cap Fund,2025-02-01,2025-03-01,,5.47014,7.352851,-1.882711,72.0,74,19,LightGBM,lgbm_probability,,0.001072672155577502,
Tata Focused Fund,2025-02-01,2025-03-01,,4.232243,7.352851,-3.120608,64.0,74,17,LightGBM,lgbm_probability,,0.006210655246313334,
Tata Value Fund,2025-02-01,2025-03-01,,6.698339,7.352851,-0.654512,33.0,74,8,LightGBM,lgbm_probability,,0.15625421184691782,
UTI Dividend Yield Fund,2025-02-01,2025-03-01,,6.358923,7.352851,-0.993928,39.0,74,10,LightGBM,lgbm_probability,,0.09132689097921738,
UTI ELSS Tax Saver Fund,2025-02-01,2025-03-01,,6.236512,7.352851,-1.116339,28.0,74,7,LightGBM,lgbm_probability,,0.24233323157798098,
UTI Flexi Cap Fund,2025-02-01,2025-03-01,,5.040053,7.352851,-2.312798,60.0,74,15,LightGBM,lgbm_probability,,0.011468423828987764,
UTI Value Fund,2025-02-01,2025-03-01,,5.887251,7.352851,-1.4656,69.0,74,18,LightGBM,lgbm_probability,,0.0031293996037551597,
Aditya Birla Sun Life Dividend Yield Fund,2025-03-01,2025-04-01,,0.723986,3.251256,-2.52727,11.0,75,2,LightGBM,lgbm_probability,,0.2369728132137269,
Aditya Birla Sun Life ELSS Tax Saver Fund,2025-03-01,2025-04-01,,3.150123,3.251256,-0.101133,41.0,75,10,LightGBM,lgbm_probability,,0.005558503360344327,
Aditya Birla Sun Life Flexi Cap Fund,2025-03-01,2025-04-01,,3.575423,3.251256,0.324167,51.0,75,13,LightGBM,lgbm_probability,,0.00211543749119627,
Aditya Birla Sun Life Focused Fund,2025-03-01,2025-04-01,,3.551765,3.251256,0.300509,55.0,75,14,LightGBM,lgbm_probability,,0.0018375416763493156,
Aditya Birla Sun Life Value Fund,2025-03-01,2025-04-01,,0.553011,3.251256,-2.698245,36.0,75,9,LightGBM,lgbm_probability,,0.0076142577434725805,
Axis ELSS Tax Saver Fund,2025-03-01,2025-04-01,,3.088769,3.251256,-0.162487,67.0,75,17,LightGBM,lgbm_probability,,0.00048255552170270525,
Axis Flexi Cap Fund,2025-03-01,2025-04-01,,2.792256,3.251256,-0.459,71.0,75,18,LightGBM,lgbm_probability,,0.00017138081537865931,
Axis Focused Fund,2025-03-01,2025-04-01,,3.285106,3.251256,0.03385,68.0,75,17,LightGBM,lgbm_probability,,0.0004265177516880221,
Axis Innovation Fund,2025-03-01,2025-04-01,,3.356086,3.251256,0.10483,5.0,75,1,LightGBM,lgbm_probability,,0.5251559274459934,
Baroda BNP Paribas ELSS Tax Saver Fund,2025-03-01,2025-04-01,,2.904757,3.251256,-0.346499,75.0,75,19,LightGBM,lgbm_probability,,1.3615622594351727e-05,
Baroda BNP Paribas Focused Fund,2025-03-01,2025-04-01,,5.450846,3.251256,2.19959,44.0,75,11,LightGBM,lgbm_probability,,0.005242896541353527,
DSP ELSS Tax Saver Fund,2025-03-01,2025-04-01,,2.754592,3.251256,-0.496664,43.0,75,11,LightGBM,lgbm_probability,,0.0053221413968940826,
DSP Flexi Cap Fund,2025-03-01,2025-04-01,,1.800719,3.251256,-1.450537,29.0,75,7,LightGBM,lgbm_probability,,0.018424666224307024,
DSP Focused Fund,2025-03-01,2025-04-01,,1.237758,3.251256,-2.013498,64.0,75,16,LightGBM,lgbm_probability,,0.0005979772655284015,
DSP Value Fund,2025-03-01,2025-04-01,,0.682181,3.251256,-2.569075,27.0,75,6,LightGBM,lgbm_probability,,0.023211458644791943,
Edelweiss ELSS Tax saver Fund,2025-03-01,2025-04-01,,2.474916,3.251256,-0.77634,59.0,75,15,LightGBM,lgbm_probability,,0.0009664066995401639,
Edelweiss Flexi Cap Fund,2025-03-01,2025-04-01,,3.087169,3.251256,-0.164087,52.0,75,13,LightGBM,lgbm_probability,,0.0020936340781404134,
Franklin India ELSS Tax Saver Fund,2025-03-01,2025-04-01,,4.088567,3.251256,0.837311,57.0,75,14,LightGBM,lgbm_probability,,0.001449690010887888,
Franklin India Flexi Cap Fund,2025-03-01,2025-04-01,,4.226786,3.251256,0.97553,46.0,75,12,LightGBM,lgbm_probability,,0.003943857586232341,
Franklin India Focused Equity Fund,2025-03-01,2025-04-01,,4.899818,3.251256,1.648562,13.0,75,3,LightGBM,lgbm_probability,,0.20934167811360152,
Franklin India Opportunities Fund,2025-03-01,2025-04-01,,4.337862,3.251256,1.086606,58.0,75,15,LightGBM,lgbm_probability,,0.001429585714097476,
HDFC Dividend Yield Fund,2025-03-01,2025-04-01,,3.111421,3.251256,-0.139835,4.0,75,0,LightGBM,lgbm_probability,,0.6076738270381423,
HDFC ELSS Tax saver,2025-03-01,2025-04-01,,4.437692,3.251256,1.186436,20.0,75,5,LightGBM,lgbm_probability,,0.05711531319214022,
HDFC Flexi Cap Fund,2025-03-01,2025-04-01,,4.101172,3.251256,0.849916,26.0,75,6,LightGBM,lgbm_probability,,0.02396766731617671,
HDFC Focused Fund,2025-03-01,2025-04-01,,3.597155,3.251256,0.345899,33.0,75,8,LightGBM,lgbm_probability,,0.010132536437292464,
HDFC Value Fund,2025-03-01,2025-04-01,,4.895407,3.251256,1.644151,56.0,75,14,LightGBM,lgbm_probability,,0.0016629745995480364,
HSBC Flexi Cap Fund,2025-03-01,2025-04-01,,2.953316,3.251256,-0.29794,70.0,75,18,LightGBM,lgbm_probability,,0.0002299873544623461,
HSBC Focused Fund,2025-03-01,2025-04-01,,2.221178,3.251256,-1.030078,62.0,75,16,LightGBM,lgbm_probability,,0.0008428473007188389,
HSBC Tax Saver Equity Fund,2025-03-01,2025-04-01,,4.313425,3.251256,1.062169,72.0,75,18,LightGBM,lgbm_probability,,0.0001163391008212946,
ICICI Prudential Business Cycle Fund,2025-03-01,2025-04-01,,3.534923,3.251256,0.283667,24.0,75,6,LightGBM,lgbm_probability,,0.0319996908455138,
ICICI Prudential Dividend Yield Equity Fund,2025-03-01,2025-04-01,,3.206303,3.251256,-0.044953,12.0,75,2,LightGBM,lgbm_probability,,0.21427364563552448,
ICICI Prudential ELSS Tax Saver Fund,2025-03-01,2025-04-01,,3.898955,3.251256,0.647699,47.0,75,12,LightGBM,lgbm_probability,,0.003681697496668284,
ICICI Prudential India Opportunities Fund,2025-03-01,2025-04-01,,4.09015,3.251256,0.838894,17.0,75,4,LightGBM,lgbm_probability,,0.12305087383303474,
ICICI Prudential Value Fund,2025-03-01,2025-04-01,,3.460431,3.251256,0.209175,34.0,75,8,LightGBM,lgbm_probability,,0.009837836109566398,
ITI ELSS Tax Saver Fund,2025-03-01,2025-04-01,,1.688847,3.251256,-1.562409,50.0,75,13,LightGBM,lgbm_probability,,0.0021411201590555854,
Kotak Contra Fund,2025-03-01,2025-04-01,,2.281793,3.251256,-0.969463,35.0,75,9,LightGBM,lgbm_probability,,0.008822644670092611,
Kotak ELSS Tax Saver Fund,2025-03-01,2025-04-01,,3.639743,3.251256,0.388487,49.0,75,12,LightGBM,lgbm_probability,,0.0024133998992841707,
Kotak Flexi Cap Fund,2025-03-01,2025-04-01,,3.448395,3.251256,0.197139,54.0,75,14,LightGBM,lgbm_probability,,0.002025968460999141,
Kotak Focused Fund,2025-03-01,2025-04-01,,2.967891,3.251256,-0.283365,60.0,75,15,LightGBM,lgbm_probability,,0.0009302981602950411,
LIC MF Dividend Yield Fund,2025-03-01,2025-04-01,,1.975731,3.251256,-1.275525,15.0,75,3,LightGBM,lgbm_probability,,0.13563099021574745,
LIC MF ELSS Tax Saver,2025-03-01,2025-04-01,,0.411887,3.251256,-2.839369,61.0,75,16,LightGBM,lgbm_probability,,0.0008742982400119078,
LIC MF Flexi Cap Fund,2025-03-01,2025-04-01,,0.900648,3.251256,-2.350608,1.0,75,0,LightGBM,lgbm_probability,,0.9240136412615425,
LIC MF Focused Fund,2025-03-01,2025-04-01,,4.009592,3.251256,0.758336,14.0,75,3,LightGBM,lgbm_probability,,0.17526963596835216,
LIC MF Value Fund,2025-03-01,2025-04-01,,-0.189849,3.251256,-3.441105,16.0,75,4,LightGBM,lgbm_probability,,0.12812849341535879,
Mahindra Manulife ELSS Tax Saver Fund,2025-03-01,2025-04-01,,3.438636,3.251256,0.18738,38.0,75,9,LightGBM,lgbm_probability,,0.0071038128259627705,
Mahindra Manulife Focused Fund,2025-03-01,2025-04-01,,3.032643,3.251256,-0.218613,6.0,75,1,LightGBM,lgbm_probability,,0.5240017180518254,
Mirae Asset ELSS Tax Saver Fund,2025-03-01,2025-04-01,,3.750225,3.251256,0.498969,30.0,75,7,LightGBM,lgbm_probability,,0.01432388370166048,
Mirae Asset Focused Fund,2025-03-01,2025-04-01,,3.907764,3.251256,0.656508,39.0,75,10,LightGBM,lgbm_probability,,0.006877301539657409,
Motilal Oswal ELSS Tax Saver Fund,2025-03-01,2025-04-01,,1.690359,3.251256,-1.560897,42.0,75,10,LightGBM,lgbm_probability,,0.005363270719646195,
Motilal Oswal Flexi Cap Fund,2025-03-01,2025-04-01,,0.232298,3.251256,-3.018958,63.0,75,16,LightGBM,lgbm_probability,,0.0007560965585697762,
Motilal Oswal Focused Fund,2025-03-01,2025-04-01,,0.676019,3.251256,-2.575237,19.0,75,4,LightGBM,lgbm_probability,,0.10879862311298352,
Navi Flexi Cap Fund,2025-03-01,2025-04-01,,1.552898,3.251256,-1.698358,22.0,75,5,LightGBM,lgbm_probability,,0.041405935246745684,
Nippon India ELSS Tax Saver Fund,2025-03-01,2025-04-01,,3.123557,3.251256,-0.127699,65.0,75,17,LightGBM,lgbm_probability,,0.0005350317711838161,
Nippon India Value Fund,2025-03-01,2025-04-01,,3.235885,3.251256,-0.015371,25.0,75,6,LightGBM,lgbm_probability,,0.029195188157825545,
Parag Parikh ELSS Tax Saver Fund,2025-03-01,2025-04-01,,1.682883,3.251256,-1.568373,31.0,75,8,LightGBM,lgbm_probability,,0.013729857765471244,
Parag Parikh Flexi Cap Fund,2025-03-01,2025-04-01,,1.878553,3.251256,-1.372703,10.0,75,2,LightGBM,lgbm_probability,,0.2502577114877551,
PGIM India ELSS Tax Saver Fund,2025-03-01,2025-04-01,,3.804641,3.251256,0.553385,73.0,75,19,LightGBM,lgbm_probability,,0.00010078866527355493,
PGIM India Flexi Cap Fund,2025-03-01,2025-04-01,,3.402939,3.251256,0.151683,74.0,75,19,LightGBM,lgbm_probability,,2.24441622610435e-05,
Quant ELSS Tax Saver Fund,2025-03-01,2025-04-01,,3.550288,3.251256,0.299032,7.0,75,1,LightGBM,lgbm_probability,,0.3739199766643752,
Quant Flexi Cap Fund,2025-03-01,2025-04-01,,3.578566,3.251256,0.32731,3.0,75,0,LightGBM,lgbm_probability,,0.7870122323102984,
Quant Focused Fund,2025-03-01,2025-04-01,,2.298942,3.251256,-0.952314,2.0,75,0,LightGBM,lgbm_probability,,0.8529348775316845,
Shriram ELSS Tax Saver Fund,2025-03-01,2025-04-01,,1.285968,3.251256,-1.965288,48.0,75,12,LightGBM,lgbm_probability,,0.0025759754136038624,
Shriram Flexi Cap Fund,2025-03-01,2025-04-01,,1.322701,3.251256,-1.928555,53.0,75,13,LightGBM,lgbm_probability,,0.0020823551980932884,
Sundaram Dividend Yield Fund,2025-03-01,2025-04-01,,2.42101,3.251256,-0.830246,8.0,75,1,LightGBM,lgbm_probability,,0.35753098852386556,
Sundaram ELSS Tax Saver Fund,2025-03-01,2025-04-01,,3.38182,3.251256,0.130564,69.0,75,18,LightGBM,lgbm_probability,,0.0003866075389407232,
Sundaram Focused Fund,2025-03-01,2025-04-01,,1.775585,3.251256,-1.475671,28.0,75,7,LightGBM,lgbm_probability,,0.021908642100882777,
Sundaram Value Fund,2025-03-01,2025-04-01,,3.464306,3.251256,0.21305,66.0,75,17,LightGBM,lgbm_probability,,0.0004993663682305379,
Tata ELSS Fund,2025-03-01,2025-04-01,,-77.325687,3.251256,-80.576943,18.0,75,4,LightGBM,lgbm_probability,,0.11769959167388055,
Tata Flexi Cap Fund,2025-03-01,2025-04-01,,4.572775,3.251256,1.321519,37.0,75,9,LightGBM,lgbm_probability,,0.007109777376665104,
Tata Focused Fund,2025-03-01,2025-04-01,,2.938535,3.251256,-0.312721,9.0,75,2,LightGBM,lgbm_probability,,0.297818411702551,
Tata Value Fund,2025-03-01,2025-04-01,,2.484419,3.251256,-0.766837,21.0,75,5,LightGBM,lgbm_probability,,0.048953518376025316,
UTI Dividend Yield Fund,2025-03-01,2025-04-01,,2.383853,3.251256,-0.867403,23.0,75,5,LightGBM,lgbm_probability,,0.03854353496210065,
UTI ELSS Tax Saver Fund,2025-03-01,2025-04-01,,3.191272,3.251256,-0.059984,45.0,75,11,LightGBM,lgbm_probability,,0.004472658389999882,
UTI Flexi Cap Fund,2025-03-01,2025-04-01,,3.451552,3.251256,0.200296,40.0,75,10,LightGBM,lgbm_probability,,0.006306875724294343,
UTI Value Fund,2025-03-01,2025-04-01,,2.683566,3.251256,-0.56769,32.0,75,8,LightGBM,lgbm_probability,,0.010526035539336663,
Aditya Birla Sun Life Dividend Yield Fund,2025-04-01,2025-05-01,,4.277842,3.652402,0.62544,7.0,75,1,LightGBM,lgbm_probability,,0.8082387388748478,
Aditya Birla Sun Life ELSS Tax Saver Fund,2025-04-01,2025-05-01,,4.66041,3.652402,1.008008,46.0,75,12,LightGBM,lgbm_probability,,0.47423664758700507,
Aditya Birla Sun Life Flexi Cap Fund,2025-04-01,2025-05-01,,3.014799,3.652402,-0.637603,70.0,75,18,LightGBM,lgbm_probability,,0.18133893769219264,
Aditya Birla Sun Life Focused Fund,2025-04-01,2025-05-01,,2.618279,3.652402,-1.034123,14.0,75,3,LightGBM,lgbm_probability,,0.6891116216472853,
Aditya Birla Sun Life Value Fund,2025-04-01,2025-05-01,,6.061452,3.652402,2.40905,2.0,75,0,LightGBM,lgbm_probability,,0.9165246603218414,
Axis ELSS Tax Saver Fund,2025-04-01,2025-05-01,,2.228007,3.652402,-1.424395,25.0,75,6,LightGBM,lgbm_probability,,0.5767926245921053,
Axis Flexi Cap Fund,2025-04-01,2025-05-01,,4.273814,3.652402,0.621412,28.0,75,7,LightGBM,lgbm_probability,,0.5569373363963407,
Axis Focused Fund,2025-04-01,2025-05-01,,2.966381,3.652402,-0.686021,30.0,75,7,LightGBM,lgbm_probability,,0.550787408294108,
Axis Innovation Fund,2025-04-01,2025-05-01,,5.668685,3.652402,2.016283,47.0,75,12,LightGBM,lgbm_probability,,0.4501643260742817,
Baroda BNP Paribas ELSS Tax Saver Fund,2025-04-01,2025-05-01,,3.628056,3.652402,-0.024346,53.0,75,13,LightGBM,lgbm_probability,,0.36455521766622345,
Baroda BNP Paribas Focused Fund,2025-04-01,2025-05-01,,2.495407,3.652402,-1.156995,21.0,75,5,LightGBM,lgbm_probability,,0.616464574962835,
DSP ELSS Tax Saver Fund,2025-04-01,2025-05-01,,2.525381,3.652402,-1.127021,74.0,75,19,LightGBM,lgbm_probability,,0.07890149421975966,
DSP Flexi Cap Fund,2025-04-01,2025-05-01,,4.236796,3.652402,0.584394,22.0,75,5,LightGBM,lgbm_probability,,0.6054531168189053,
DSP Focused Fund,2025-04-01,2025-05-01,,4.085187,3.652402,0.432785,61.0,75,16,LightGBM,lgbm_probability,,0.275570544142392,
DSP Value Fund,2025-04-01,2025-05-01,,4.440173,3.652402,0.787771,3.0,75,0,LightGBM,lgbm_probability,,0.860862154346885,
Edelweiss ELSS Tax saver Fund,2025-04-01,2025-05-01,,3.891971,3.652402,0.239569,35.0,75,9,LightGBM,lgbm_probability,,0.538317422329675,
Edelweiss Flexi Cap Fund,2025-04-01,2025-05-01,,2.485591,3.652402,-1.166811,55.0,75,14,LightGBM,lgbm_probability,,0.33348857209242777,
Franklin India ELSS Tax Saver Fund,2025-04-01,2025-05-01,,2.415297,3.652402,-1.237105,6.0,75,1,LightGBM,lgbm_probability,,0.8165996063208062,
Franklin India Flexi Cap Fund,2025-04-01,2025-05-01,,2.437813,3.652402,-1.214589,38.0,75,9,LightGBM,lgbm_probability,,0.5075303576885654,
Franklin India Focused Equity Fund,2025-04-01,2025-05-01,,1.662454,3.652402,-1.989948,11.0,75,2,LightGBM,lgbm_probability,,0.7293821339953782,
Franklin India Opportunities Fund,2025-04-01,2025-05-01,,3.955008,3.652402,0.302606,33.0,75,8,LightGBM,lgbm_probability,,0.5423626663004336,
HDFC Dividend Yield Fund,2025-04-01,2025-05-01,,3.403173,3.652402,-0.249229,60.0,75,15,LightGBM,lgbm_probability,,0.2964174718772904,
HDFC ELSS Tax saver,2025-04-01,2025-05-01,,1.580342,3.652402,-2.07206,23.0,75,5,LightGBM,lgbm_probability,,0.5933406867257269,
HDFC Flexi Cap Fund,2025-04-01,2025-05-01,,1.365654,3.652402,-2.286748,54.0,75,14,LightGBM,lgbm_probability,,0.34779755069513113,
HDFC Focused Fund,2025-04-01,2025-05-01,,1.898383,3.652402,-1.754019,73.0,75,19,LightGBM,lgbm_probability,,0.12348576108783156,
HDFC Value Fund,2025-04-01,2025-05-01,,2.747091,3.652402,-0.905311,40.0,75,10,LightGBM,lgbm_probability,,0.49914302603422356,
HSBC Flexi Cap Fund,2025-04-01,2025-05-01,,5.08508,3.652402,1.432678,71.0,75,18,LightGBM,lgbm_probability,,0.16431320601377358,
HSBC Focused Fund,2025-04-01,2025-05-01,,5.43859,3.652402,1.786188,64.0,75,16,LightGBM,lgbm_probability,,0.2594068021900705,
HSBC Tax Saver Equity Fund,2025-04-01,2025-05-01,,4.468728,3.652402,0.816326,56.0,75,14,LightGBM,lgbm_probability,,0.3270787552916255,
ICICI Prudential Business Cycle Fund,2025-04-01,2025-05-01,,3.373097,3.652402,-0.279305,44.0,75,11,LightGBM,lgbm_probability,,0.4830557198134141,
ICICI Prudential Dividend Yield Equity Fund,2025-04-01,2025-05-01,,1.40245,3.652402,-2.249952,57.0,75,14,LightGBM,lgbm_probability,,0.3269765979558007,
ICICI Prudential ELSS Tax Saver Fund,2025-04-01,2025-05-01,,2.226024,3.652402,-1.426378,66.0,75,17,LightGBM,lgbm_probability,,0.23648781109687117,
ICICI Prudential India Opportunities Fund,2025-04-01,2025-05-01,,2.298851,3.652402,-1.353551,59.0,75,15,LightGBM,lgbm_probability,,0.30743679837678267,
ICICI Prudential Value Fund,2025-04-01,2025-05-01,,2.501966,3.652402,-1.150436,15.0,75,3,LightGBM,lgbm_probability,,0.6866324382192354,
ITI ELSS Tax Saver Fund,2025-04-01,2025-05-01,,8.995687,3.652402,5.343285,72.0,75,18,LightGBM,lgbm_probability,,0.14720195989988433,
Kotak Contra Fund,2025-04-01,2025-05-01,,4.271928,3.652402,0.619526,62.0,75,16,LightGBM,lgbm_probability,,0.27040884003981575,
Kotak ELSS Tax Saver Fund,2025-04-01,2025-05-01,,3.304604,3.652402,-0.347798,18.0,75,4,LightGBM,lgbm_probability,,0.6461652888668503,
Kotak Flexi Cap Fund,2025-04-01,2025-05-01,,4.251865,3.652402,0.599463,12.0,75,2,LightGBM,lgbm_probability,,0.7160791447144754,
Kotak Focused Fund,2025-04-01,2025-05-01,,3.385306,3.652402,-0.267096,41.0,75,10,LightGBM,lgbm_probability,,0.493607489911788,
LIC MF Dividend Yield Fund,2025-04-01,2025-05-01,,6.901667,3.652402,3.249265,65.0,75,17,LightGBM,lgbm_probability,,0.24966358142924566,
LIC MF ELSS Tax Saver,2025-04-01,2025-05-01,,2.936625,3.652402,-0.715777,5.0,75,1,LightGBM,lgbm_probability,,0.8259386603770255,
LIC MF Flexi Cap Fund,2025-04-01,2025-05-01,,6.017997,3.652402,2.365595,58.0,75,15,LightGBM,lgbm_probability,,0.3231323755929761,
LIC MF Focused Fund,2025-04-01,2025-05-01,,6.265645,3.652402,2.613243,32.0,75,8,LightGBM,lgbm_probability,,0.5443027526616997,
LIC MF Value Fund,2025-04-01,2025-05-01,,7.391871,3.652402,3.739469,9.0,75,2,LightGBM,lgbm_probability,,0.7599518551451747,
Mahindra Manulife ELSS Tax Saver Fund,2025-04-01,2025-05-01,,3.339705,3.652402,-0.312697,36.0,75,9,LightGBM,lgbm_probability,,0.5288901591048465,
Mahindra Manulife Focused Fund,2025-04-01,2025-05-01,,1.505592,3.652402,-2.14681,50.0,75,13,LightGBM,lgbm_probability,,0.3929547663975046,
Mirae Asset ELSS Tax Saver Fund,2025-04-01,2025-05-01,,3.630089,3.652402,-0.022313,49.0,75,12,LightGBM,lgbm_probability,,0.4004556949948667,
Mirae Asset Focused Fund,2025-04-01,2025-05-01,,4.754292,3.652402,1.10189,45.0,75,11,LightGBM,lgbm_probability,,0.48259209398969605,
Motilal Oswal ELSS Tax Saver Fund,2025-04-01,2025-05-01,,11.835143,3.652402,8.182741,52.0,75,13,LightGBM,lgbm_probability,,0.36846352666211846,
Motilal Oswal Flexi Cap Fund,2025-04-01,2025-05-01,,5.026894,3.652402,1.374492,10.0,75,2,LightGBM,lgbm_probability,,0.7332597915891614,
Motilal Oswal Focused Fund,2025-04-01,2025-05-01,,12.540357,3.652402,8.887955,26.0,75,6,LightGBM,lgbm_probability,,0.5692918202638189,
Navi Flexi Cap Fund,2025-04-01,2025-05-01,,5.282337,3.652402,1.629935,37.0,75,9,LightGBM,lgbm_probability,,0.5183236418248494,
Nippon India ELSS Tax Saver Fund,2025-04-01,2025-05-01,,4.085546,3.652402,0.433144,27.0,75,6,LightGBM,lgbm_probability,,0.5598884680821676,
Nippon India Value Fund,2025-04-01,2025-05-01,,3.332376,3.652402,-0.320026,68.0,75,17,LightGBM,lgbm_probability,,0.2059024514816177,
Parag Parikh ELSS Tax Saver Fund,2025-04-01,2025-05-01,,2.67236,3.652402,-0.980042,39.0,75,10,LightGBM,lgbm_probability,,0.5041759245309005,
Parag Parikh Flexi Cap Fund,2025-04-01,2025-05-01,,2.713818,3.652402,-0.938584,4.0,75,0,LightGBM,lgbm_probability,,0.8401431897712217,
PGIM India ELSS Tax Saver Fund,2025-04-01,2025-05-01,,1.663634,3.652402,-1.988768,51.0,75,13,LightGBM,lgbm_probability,,0.372336460874915,
PGIM India Flexi Cap Fund,2025-04-01,2025-05-01,,2.468212,3.652402,-1.18419,17.0,75,4,LightGBM,lgbm_probability,,0.6724702901606471,
Quant ELSS Tax Saver Fund,2025-04-01,2025-05-01,,3.587392,3.652402,-0.06501,63.0,75,16,LightGBM,lgbm_probability,,0.2680003814630621,
Quant Flexi Cap Fund,2025-04-01,2025-05-01,,2.133502,3.652402,-1.5189,43.0,75,11,LightGBM,lgbm_probability,,0.48913195301827894,
Quant Focused Fund,2025-04-01,2025-05-01,,3.69653,3.652402,0.044128,67.0,75,17,LightGBM,lgbm_probability,,0.21142963844560944,
Shriram ELSS Tax Saver Fund,2025-04-01,2025-05-01,,2.135588,3.652402,-1.516814,13.0,75,3,LightGBM,lgbm_probability,,0.7125225298854532,
Shriram Flexi Cap Fund,2025-04-01,2025-05-01,,1.506658,3.652402,-2.145744,20.0,75,5,LightGBM,lgbm_probability,,0.6258896646227509,
Sundaram Dividend Yield Fund,2025-04-01,2025-05-01,,1.642087,3.652402,-2.010315,24.0,75,6,LightGBM,lgbm_probability,,0.5808240673488447,
Sundaram ELSS Tax Saver Fund,2025-04-01,2025-05-01,,2.80303,3.652402,-0.849372,42.0,75,10,LightGBM,lgbm_probability,,0.4903233020997758,
Sundaram Focused Fund,2025-04-01,2025-05-01,,2.631649,3.652402,-1.020753,29.0,75,7,LightGBM,lgbm_probability,,0.5542725096617728,
Sundaram Value Fund,2025-04-01,2025-05-01,,2.486496,3.652402,-1.165906,19.0,75,4,LightGBM,lgbm_probability,,0.6332077318086324,
Tata ELSS Fund,2025-04-01,2025-05-01,,4.495324,3.652402,0.842922,1.0,75,0,LightGBM,lgbm_probability,,0.957995982275478,
Tata Flexi Cap Fund,2025-04-01,2025-05-01,,3.077916,3.652402,-0.574486,75.0,75,19,LightGBM,lgbm_probability,,0.0629921202759257,
Tata Focused Fund,2025-04-01,2025-05-01,,2.394926,3.652402,-1.257476,48.0,75,12,LightGBM,lgbm_probability,,0.4382738864243994,
Tata Value Fund,2025-04-01,2025-05-01,,3.326446,3.652402,-0.325956,16.0,75,4,LightGBM,lgbm_probability,,0.6799054477739106,
UTI Dividend Yield Fund,2025-04-01,2025-05-01,,2.500943,3.652402,-1.151459,31.0,75,8,LightGBM,lgbm_probability,,0.5481803477551217,
UTI ELSS Tax Saver Fund,2025-04-01,2025-05-01,,3.17944,3.652402,-0.472962,34.0,75,8,LightGBM,lgbm_probability,,0.5407194940591968,
UTI Flexi Cap Fund,2025-04-01,2025-05-01,,2.079562,3.652402,-1.57284,8.0,75,1,LightGBM,lgbm_probability,,0.7670908463653184,
UTI Value Fund,2025-04-01,2025-05-01,,2.330204,3.652402,-1.322198,69.0,75,18,LightGBM,lgbm_probability,,0.19559281005791704,
Aditya Birla Sun Life Dividend Yield Fund,2025-05-01,2025-06-01,,4.060574,3.766898,0.293676,14.0,75,3,LightGBM,lgbm_probability,,0.693079883583845,
Aditya Birla Sun Life ELSS Tax Saver Fund,2025-05-01,2025-06-01,,4.164134,3.766898,0.397236,58.0,75,15,LightGBM,lgbm_probability,,0.23522444011555932,
Aditya Birla Sun Life Flexi Cap Fund,2025-05-01,2025-06-01,,3.31688,3.766898,-0.450018,72.0,75,18,LightGBM,lgbm_probability,,0.06973793016957558,
Aditya Birla Sun Life Focused Fund,2025-05-01,2025-06-01,,3.87432,3.766898,0.107422,30.0,75,7,LightGBM,lgbm_probability,,0.4938732836314638,
Aditya Birla Sun Life Value Fund,2025-05-01,2025-06-01,,3.645284,3.766898,-0.121614,52.0,75,13,LightGBM,lgbm_probability,,0.2724525084284178,
Axis ELSS Tax Saver Fund,2025-05-01,2025-06-01,,3.466085,3.766898,-0.300813,40.0,75,10,LightGBM,lgbm_probability,,0.438957699571695,
Axis Flexi Cap Fund,2025-05-01,2025-06-01,,4.098645,3.766898,0.331747,45.0,75,11,LightGBM,lgbm_probability,,0.31467777796824464,
Axis Focused Fund,2025-05-01,2025-06-01,,3.953265,3.766898,0.186367,37.0,75,9,LightGBM,lgbm_probability,,0.44964571194084213,
Axis Innovation Fund,2025-05-01,2025-06-01,,3.385417,3.766898,-0.381481,50.0,75,13,LightGBM,lgbm_probability,,0.2988691982681075,
Baroda BNP Paribas ELSS Tax Saver Fund,2025-05-01,2025-06-01,,2.923105,3.766898,-0.843793,68.0,75,17,LightGBM,lgbm_probability,,0.1213132857976375,
Baroda BNP Paribas Focused Fund,2025-05-01,2025-06-01,,4.56482,3.766898,0.797922,22.0,75,5,LightGBM,lgbm_probability,,0.6005528574131975,
DSP ELSS Tax Saver Fund,2025-05-01,2025-06-01,,2.9596,3.766898,-0.807298,44.0,75,11,LightGBM,lgbm_probability,,0.32909662367663245,
DSP Flexi Cap Fund,2025-05-01,2025-06-01,,2.769299,3.766898,-0.997599,47.0,75,12,LightGBM,lgbm_probability,,0.3055199062141835,
DSP Focused Fund,2025-05-01,2025-06-01,,1.96988,3.766898,-1.797018,10.0,75,2,LightGBM,lgbm_probability,,0.7123761919550256,
DSP Value Fund,2025-05-01,2025-06-01,,2.58581,3.766898,-1.181088,9.0,75,2,LightGBM,lgbm_probability,,0.7207309521425928,
Edelweiss ELSS Tax saver Fund,2025-05-01,2025-06-01,,4.555093,3.766898,0.788195,60.0,75,15,LightGBM,lgbm_probability,,0.21385580989947964,
Edelweiss Flexi Cap Fund,2025-05-01,2025-06-01,,4.660808,3.766898,0.89391,54.0,75,14,LightGBM,lgbm_probability,,0.27063613117828283,
Franklin India ELSS Tax Saver Fund,2025-05-01,2025-06-01,,2.917754,3.766898,-0.849144,61.0,75,16,LightGBM,lgbm_probability,,0.2069951862797797,
Franklin India Flexi Cap Fund,2025-05-01,2025-06-01,,3.147418,3.766898,-0.61948,65.0,75,17,LightGBM,lgbm_probability,,0.17335257723954944,
Franklin India Focused Equity Fund,2025-05-01,2025-06-01,,3.395775,3.766898,-0.371123,46.0,75,12,LightGBM,lgbm_probability,,0.30595275474871386,
Franklin India Opportunities Fund,2025-05-01,2025-06-01,,2.784976,3.766898,-0.981922,34.0,75,8,LightGBM,lgbm_probability,,0.48039402397941533,
HDFC Dividend Yield Fund,2025-05-01,2025-06-01,,3.302703,3.766898,-0.464195,38.0,75,9,LightGBM,lgbm_probability,,0.4460534007326677,
HDFC ELSS Tax saver,2025-05-01,2025-06-01,,2.994768,3.766898,-0.77213,17.0,75,4,LightGBM,lgbm_probability,,0.6518917913826924,
HDFC Flexi Cap Fund,2025-05-01,2025-06-01,,2.762676,3.766898,-1.004222,4.0,75,0,LightGBM,lgbm_probability,,0.7845987458299326,
HDFC Focused Fund,2025-05-01,2025-06-01,,2.739683,3.766898,-1.027215,41.0,75,10,LightGBM,lgbm_probability,,0.4028360070518421,
HDFC Value Fund,2025-05-01,2025-06-01,,4.379749,3.766898,0.612851,59.0,75,15,LightGBM,lgbm_probability,,0.22750462034340266,
HSBC Flexi Cap Fund,2025-05-01,2025-06-01,,4.593736,3.766898,0.826838,74.0,75,19,LightGBM,lgbm_probability,,0.06510029641605844,
HSBC Focused Fund,2025-05-01,2025-06-01,,3.981603,3.766898,0.214705,32.0,75,8,LightGBM,lgbm_probability,,0.48328993479996224,
HSBC Tax Saver Equity Fund,2025-05-01,2025-06-01,,4.29233,3.766898,0.525432,51.0,75,13,LightGBM,lgbm_probability,,0.2730433423151233,
ICICI Prudential Business Cycle Fund,2025-05-01,2025-06-01,,3.422205,3.766898,-0.344693,64.0,75,16,LightGBM,lgbm_probability,,0.18043478916373318,
ICICI Prudential Dividend Yield Equity Fund,2025-05-01,2025-06-01,,3.028711,3.766898,-0.738187,19.0,75,4,LightGBM,lgbm_probability,,0.621192515447243,
ICICI Prudential ELSS Tax Saver Fund,2025-05-01,2025-06-01,,2.690437,3.766898,-1.076461,55.0,75,14,LightGBM,lgbm_probability,,0.2703962708877263,
ICICI Prudential India Opportunities Fund,2025-05-01,2025-06-01,,2.717533,3.766898,-1.049365,12.0,75,2,LightGBM,lgbm_probability,,0.697868966347028,
ICICI Prudential Value Fund,2025-05-01,2025-06-01,,2.360253,3.766898,-1.406645,21.0,75,5,LightGBM,lgbm_probability,,0.6144134070574926,
ITI ELSS Tax Saver Fund,2025-05-01,2025-06-01,,3.784685,3.766898,0.017787,67.0,75,17,LightGBM,lgbm_probability,,0.12240037644794405,
Kotak Contra Fund,2025-05-01,2025-06-01,,4.145774,3.766898,0.378876,62.0,75,16,LightGBM,lgbm_probability,,0.1962635774015781,
Kotak ELSS Tax Saver Fund,2025-05-01,2025-06-01,,3.685192,3.766898,-0.081706,39.0,75,10,LightGBM,lgbm_probability,,0.4431281581885929,
Kotak Flexi Cap Fund,2025-05-01,2025-06-01,,4.482674,3.766898,0.715776,71.0,75,18,LightGBM,lgbm_probability,,0.1036152043788203,
Kotak Focused Fund,2025-05-01,2025-06-01,,4.891101,3.766898,1.124203,48.0,75,12,LightGBM,lgbm_probability,,0.30391532510374664,
LIC MF Dividend Yield Fund,2025-05-01,2025-06-01,,3.185384,3.766898,-0.581514,75.0,75,19,LightGBM,lgbm_probability,,0.046014180080523645,
LIC MF ELSS Tax Saver,2025-05-01,2025-06-01,,3.336301,3.766898,-0.430597,33.0,75,8,LightGBM,lgbm_probability,,0.48244030204011895,
LIC MF Flexi Cap Fund,2025-05-01,2025-06-01,,4.424458,3.766898,0.65756,73.0,75,19,LightGBM,lgbm_probability,,0.06892245198566131,
LIC MF Focused Fund,2025-05-01,2025-06-01,,2.888897,3.766898,-0.878001,25.0,75,6,LightGBM,lgbm_probability,,0.5357314296220792,
LIC MF Value Fund,2025-05-01,2025-06-01,,2.82242,3.766898,-0.944478,35.0,75,9,LightGBM,lgbm_probability,,0.47779131457162966,
Mahindra Manulife ELSS Tax Saver Fund,2025-05-01,2025-06-01,,3.618128,3.766898,-0.14877,36.0,75,9,LightGBM,lgbm_probability,,0.4500766739373234,
Mahindra Manulife Focused Fund,2025-05-01,2025-06-01,,3.360275,3.766898,-0.406623,15.0,75,3,LightGBM,lgbm_probability,,0.6740896345136684,
Mirae Asset ELSS Tax Saver Fund,2025-05-01,2025-06-01,,4.07404,3.766898,0.307142,42.0,75,10,LightGBM,lgbm_probability,,0.3989208034875646,
Mirae Asset Focused Fund,2025-05-01,2025-06-01,,2.572674,3.766898,-1.194224,11.0,75,2,LightGBM,lgbm_probability,,0.7005329948430615,
Motilal Oswal ELSS Tax Saver Fund,2025-05-01,2025-06-01,,3.16728,3.766898,-0.599618,66.0,75,17,LightGBM,lgbm_probability,,0.15127775596332216,
Motilal Oswal Flexi Cap Fund,2025-05-01,2025-06-01,,6.004555,3.766898,2.237657,20.0,75,5,LightGBM,lgbm_probability,,0.6192403887791215,
Motilal Oswal Focused Fund,2025-05-01,2025-06-01,,1.116905,3.766898,-2.649993,69.0,75,18,LightGBM,lgbm_probability,,0.11235051074145451,
Navi Flexi Cap Fund,2025-05-01,2025-06-01,,3.420694,3.766898,-0.346204,28.0,75,7,LightGBM,lgbm_probability,,0.5295557240796993,
Nippon India ELSS Tax Saver Fund,2025-05-01,2025-06-01,,2.708324,3.766898,-1.058574,70.0,75,18,LightGBM,lgbm_probability,,0.10691128369276313,
Nippon India Value Fund,2025-05-01,2025-06-01,,3.208815,3.766898,-0.558083,43.0,75,11,LightGBM,lgbm_probability,,0.35714952753396434,
Parag Parikh ELSS Tax Saver Fund,2025-05-01,2025-06-01,,3.500845,3.766898,-0.266053,6.0,75,1,LightGBM,lgbm_probability,,0.762303557785901,
Parag Parikh Flexi Cap Fund,2025-05-01,2025-06-01,,3.473778,3.766898,-0.29312,8.0,75,1,LightGBM,lgbm_probability,,0.7254505600108979,
PGIM India ELSS Tax Saver Fund,2025-05-01,2025-06-01,,4.014319,3.766898,0.247421,49.0,75,12,LightGBM,lgbm_probability,,0.3036932322993141,
PGIM India Flexi Cap Fund,2025-05-01,2025-06-01,,4.452555,3.766898,0.685657,56.0,75,14,LightGBM,lgbm_probability,,0.2601561717873773,
Quant ELSS Tax Saver Fund,2025-05-01,2025-06-01,,4.658866,3.766898,0.891968,53.0,75,13,LightGBM,lgbm_probability,,0.27155051106829015,
Quant Flexi Cap Fund,2025-05-01,2025-06-01,,3.286892,3.766898,-0.480006,31.0,75,8,LightGBM,lgbm_probability,,0.49375930821138214,
Quant Focused Fund,2025-05-01,2025-06-01,,4.466797,3.766898,0.699899,57.0,75,14,LightGBM,lgbm_probability,,0.24479945581552773,
Shriram ELSS Tax Saver Fund,2025-05-01,2025-06-01,,5.019285,3.766898,1.252387,24.0,75,6,LightGBM,lgbm_probability,,0.5661471760078325,
Shriram Flexi Cap Fund,2025-05-01,2025-06-01,,5.002438,3.766898,1.23554,16.0,75,4,LightGBM,lgbm_probability,,0.658229651015213,
Sundaram Dividend Yield Fund,2025-05-01,2025-06-01,,2.443107,3.766898,-1.323791,7.0,75,1,LightGBM,lgbm_probability,,0.7400314158451983,
Sundaram ELSS Tax Saver Fund,2025-05-01,2025-06-01,,2.974578,3.766898,-0.79232,13.0,75,3,LightGBM,lgbm_probability,,0.6943570535960093,
Sundaram Focused Fund,2025-05-01,2025-06-01,,3.742449,3.766898,-0.024449,18.0,75,4,LightGBM,lgbm_probability,,0.631092901496403,
Sundaram Value Fund,2025-05-01,2025-06-01,,3.322756,3.766898,-0.444142,27.0,75,6,LightGBM,lgbm_probability,,0.5301004019725675,
Tata ELSS Fund,2025-05-01,2025-06-01,,3.206392,3.766898,-0.560506,1.0,75,0,LightGBM,lgbm_probability,,0.938921564364388,
Tata Flexi Cap Fund,2025-05-01,2025-06-01,,3.772098,3.766898,0.0052,63.0,75,16,LightGBM,lgbm_probability,,0.1850809439248633,
Tata Focused Fund,2025-05-01,2025-06-01,,2.810793,3.766898,-0.956105,29.0,75,7,LightGBM,lgbm_probability,,0.5289089220737935,
Tata Value Fund,2025-05-01,2025-06-01,,4.001902,3.766898,0.235004,2.0,75,0,LightGBM,lgbm_probability,,0.8097780428113974,
UTI Dividend Yield Fund,2025-05-01,2025-06-01,,3.350267,3.766898,-0.416631,3.0,75,0,LightGBM,lgbm_probability,,0.7986001995571155,
UTI ELSS Tax Saver Fund,2025-05-01,2025-06-01,,3.69613,3.766898,-0.070768,23.0,75,5,LightGBM,lgbm_probability,,0.5887347311371294,
UTI Flexi Cap Fund,2025-05-01,2025-06-01,,4.06725,3.766898,0.300352,26.0,75,6,LightGBM,lgbm_probability,,0.5355255556729033,
UTI Value Fund,2025-05-01,2025-06-01,,4.082593,3.766898,0.315695,5.0,75,1,LightGBM,lgbm_probability,,0.7668318026024017,
Aditya Birla Sun Life Dividend Yield Fund,2025-06-01,2025-07-01,,-3.783436,-2.826766,-0.95667,15.0,76,3,LightGBM,lgbm_probability,,0.7613230160460577,
Aditya Birla Sun Life ELSS Tax Saver Fund,2025-06-01,2025-07-01,,-1.390312,-2.826766,1.436454,70.0,76,18,LightGBM,lgbm_probability,,0.1891205084003575,
Aditya Birla Sun Life Flexi Cap Fund,2025-06-01,2025-07-01,,-2.419581,-2.826766,0.407185,65.0,76,16,LightGBM,lgbm_probability,,0.20954541733862483,
Aditya Birla Sun Life Focused Fund,2025-06-01,2025-07-01,,-3.519318,-2.826766,-0.692552,6.0,76,1,LightGBM,lgbm_probability,,0.8633277278238668,
Aditya Birla Sun Life Value Fund,2025-06-01,2025-07-01,,-3.902245,-2.826766,-1.075479,31.0,76,7,LightGBM,lgbm_probability,,0.6341396881858635,
Axis ELSS Tax Saver Fund,2025-06-01,2025-07-01,,-1.950935,-2.826766,0.875831,21.0,76,5,LightGBM,lgbm_probability,,0.7260619001837835,
Axis Flexi Cap Fund,2025-06-01,2025-07-01,,-1.401869,-2.826766,1.424897,49.0,76,12,LightGBM,lgbm_probability,,0.4209124778725516,
Axis Focused Fund,2025-06-01,2025-07-01,,-2.128973,-2.826766,0.697793,12.0,76,2,LightGBM,lgbm_probability,,0.7832385999624862,
Axis Innovation Fund,2025-06-01,2025-07-01,,-0.151668,-2.826766,2.675098,50.0,76,12,LightGBM,lgbm_probability,,0.39682887747424184,
Baroda BNP Paribas ELSS Tax Saver Fund,2025-06-01,2025-07-01,,-1.428475,-2.826766,1.398291,52.0,76,13,LightGBM,lgbm_probability,,0.3760544528229466,
Baroda BNP Paribas Focused Fund,2025-06-01,2025-07-01,,-2.70909,-2.826766,0.117676,44.0,76,11,LightGBM,lgbm_probability,,0.49120575099241315,
DSP ELSS Tax Saver Fund,2025-06-01,2025-07-01,,-2.03088,-2.826766,0.795886,19.0,76,4,LightGBM,lgbm_probability,,0.7298587402316884,
DSP Flexi Cap Fund,2025-06-01,2025-07-01,,-2.513713,-2.826766,0.313053,36.0,76,9,LightGBM,lgbm_probability,,0.5764737537547768,
DSP Focused Fund,2025-06-01,2025-07-01,,-0.711622,-2.826766,2.115144,35.0,76,8,LightGBM,lgbm_probability,,0.5917366956532606,
DSP Value Fund,2025-06-01,2025-07-01,,-0.686869,-2.826766,2.139897,11.0,76,2,LightGBM,lgbm_probability,,0.7847527031230567,
Edelweiss ELSS Tax saver Fund,2025-06-01,2025-07-01,,-3.720372,-2.826766,-0.893606,53.0,76,13,LightGBM,lgbm_probability,,0.3613450906921352,
Edelweiss Flexi Cap Fund,2025-06-01,2025-07-01,,-2.954352,-2.826766,-0.127586,9.0,76,2,LightGBM,lgbm_probability,,0.8103431605670882,
Franklin India ELSS Tax Saver Fund,2025-06-01,2025-07-01,,-2.163416,-2.826766,0.66335,47.0,76,12,LightGBM,lgbm_probability,,0.4660631526756186,
Franklin India Flexi Cap Fund,2025-06-01,2025-07-01,,-2.28367,-2.826766,0.543096,39.0,76,10,LightGBM,lgbm_probability,,0.5585606271735265,
Franklin India Focused Equity Fund,2025-06-01,2025-07-01,,-0.657649,-2.826766,2.169117,48.0,76,12,LightGBM,lgbm_probability,,0.4519784367535195,
Franklin India Opportunities Fund,2025-06-01,2025-07-01,,-0.021947,-2.826766,2.804819,58.0,76,15,LightGBM,lgbm_probability,,0.26274355687496925,
HDFC Dividend Yield Fund,2025-06-01,2025-07-01,,-2.141423,-2.826766,0.685343,37.0,76,9,LightGBM,lgbm_probability,,0.5656703883958775,
HDFC ELSS Tax saver,2025-06-01,2025-07-01,,-1.692944,-2.826766,1.133822,10.0,76,2,LightGBM,lgbm_probability,,0.8069151795203097,
HDFC Flexi Cap Fund,2025-06-01,2025-07-01,,-1.42336,-2.826766,1.403406,5.0,76,1,LightGBM,lgbm_probability,,0.8736053072500193,
HDFC Focused Fund,2025-06-01,2025-07-01,,-1.426343,-2.826766,1.400423,26.0,76,6,LightGBM,lgbm_probability,,0.6733447782518261,
HDFC Value Fund,2025-06-01,2025-07-01,,-1.924005,-2.826766,0.902761,68.0,76,17,LightGBM,lgbm_probability,,0.19089885942231447,
HSBC Flexi Cap Fund,2025-06-01,2025-07-01,,-2.062491,-2.826766,0.764275,66.0,76,17,LightGBM,lgbm_probability,,0.203872850842566,
HSBC Focused Fund,2025-06-01,2025-07-01,,0.285526,-2.826766,3.112292,42.0,76,10,LightGBM,lgbm_probability,,0.505841552698468,
HSBC Tax Saver Equity Fund,2025-06-01,2025-07-01,,-0.685391,-2.826766,2.141375,73.0,76,18,LightGBM,lgbm_probability,,0.15802133659781395,
ICICI Prudential Business Cycle Fund,2025-06-01,2025-07-01,,-1.269231,-2.826766,1.557535,16.0,76,3,LightGBM,lgbm_probability,,0.754274729419296,
ICICI Prudential Dividend Yield Equity Fund,2025-06-01,2025-07-01,,-1.05514,-2.826766,1.771626,8.0,76,1,LightGBM,lgbm_probability,,0.8372310611584016,
ICICI Prudential ELSS Tax Saver Fund,2025-06-01,2025-07-01,,-1.293215,-2.826766,1.533551,14.0,76,3,LightGBM,lgbm_probability,,0.7656076482271005,
ICICI Prudential India Opportunities Fund,2025-06-01,2025-07-01,,-1.703967,-2.826766,1.122799,27.0,76,6,LightGBM,lgbm_probability,,0.6548003710152523,
ICICI Prudential Value Fund,2025-06-01,2025-07-01,,-1.449943,-2.826766,1.376823,18.0,76,4,LightGBM,lgbm_probability,,0.7301713215646015,
ITI ELSS Tax Saver Fund,2025-06-01,2025-07-01,,-3.540241,-2.826766,-0.713475,61.0,76,15,LightGBM,lgbm_probability,,0.2509955629386059,
Kotak Contra Fund,2025-06-01,2025-07-01,,-1.484519,-2.826766,1.342247,71.0,76,18,LightGBM,lgbm_probability,,0.16983386310763404,
Kotak ELSS Tax Saver Fund,2025-06-01,2025-07-01,,-1.609406,-2.826766,1.21736,54.0,76,13,LightGBM,lgbm_probability,,0.3355104329051881,
Kotak Flexi Cap Fund,2025-06-01,2025-07-01,,-2.698229,-2.826766,0.128537,60.0,76,15,LightGBM,lgbm_probability,,0.2575301663916463,
Kotak Focused Fund,2025-06-01,2025-07-01,,-1.271156,-2.826766,1.55561,29.0,76,7,LightGBM,lgbm_probability,,0.6412931282127936,
LIC MF Dividend Yield Fund,2025-06-01,2025-07-01,,-2.610832,-2.826766,0.215934,69.0,76,17,LightGBM,lgbm_probability,,0.19017963882305125,
LIC MF ELSS Tax Saver,2025-06-01,2025-07-01,,-1.079761,-2.826766,1.747005,59.0,76,15,LightGBM,lgbm_probability,,0.2587941274923738,
LIC MF Flexi Cap Fund,2025-06-01,2025-07-01,,0.247737,-2.826766,3.074503,51.0,76,13,LightGBM,lgbm_probability,,0.39467729570601545,
LIC MF Focused Fund,2025-06-01,2025-07-01,,-3.669305,-2.826766,-0.842539,1.0,76,0,LightGBM,lgbm_probability,,0.9641370309246644,
LIC MF Value Fund,2025-06-01,2025-07-01,,-0.402271,-2.826766,2.424495,74.0,76,19,LightGBM,lgbm_probability,,0.12048296173879104,
Mahindra Manulife ELSS Tax Saver Fund,2025-06-01,2025-07-01,,-2.32814,-2.826766,0.498626,55.0,76,14,LightGBM,lgbm_probability,,0.3067291439711627,
Mahindra Manulife Focused Fund,2025-06-01,2025-07-01,,-2.982759,-2.826766,-0.155993,33.0,76,8,LightGBM,lgbm_probability,,0.6201231494510724,
Mirae Asset ELSS Tax Saver Fund,2025-06-01,2025-07-01,,-1.494619,-2.826766,1.332147,62.0,76,16,LightGBM,lgbm_probability,,0.24316719981068347,
Mirae Asset Focused Fund,2025-06-01,2025-07-01,,0.298041,-2.826766,3.124807,38.0,76,9,LightGBM,lgbm_probability,,0.562987987616926,
Motilal Oswal ELSS Tax Saver Fund,2025-06-01,2025-07-01,,-2.598029,-2.826766,0.228737,63.0,76,16,LightGBM,lgbm_probability,,0.2398955111149502,
Motilal Oswal Flexi Cap Fund,2025-06-01,2025-07-01,,-2.742449,-2.826766,0.084317,64.0,76,16,LightGBM,lgbm_probability,,0.2366182850633919,
Motilal Oswal Focused Fund,2025-06-01,2025-07-01,,-1.285508,-2.826766,1.541258,32.0,76,8,LightGBM,lgbm_probability,,0.620966849788932,
Navi Flexi Cap Fund,2025-06-01,2025-07-01,,-2.182449,-2.826766,0.644317,24.0,76,6,LightGBM,lgbm_probability,,0.7134255364239515,
Nippon India ELSS Tax Saver Fund,2025-06-01,2025-07-01,,-1.041355,-2.826766,1.785411,72.0,76,18,LightGBM,lgbm_probability,,0.1659663149283156,
Nippon India Value Fund,2025-06-01,2025-07-01,,-2.144009,-2.826766,0.682757,67.0,76,17,LightGBM,lgbm_probability,,0.1955296494977326,
Parag Parikh ELSS Tax Saver Fund,2025-06-01,2025-07-01,,-1.651004,-2.826766,1.175762,3.0,76,0,LightGBM,lgbm_probability,,0.8860714914792293,
Parag Parikh Flexi Cap Fund,2025-06-01,2025-07-01,,-0.559352,-2.826766,2.267414,34.0,76,8,LightGBM,lgbm_probability,,0.6029074027054285,
PGIM India ELSS Tax Saver Fund,2025-06-01,2025-07-01,,-1.576743,-2.826766,1.250023,43.0,76,11,LightGBM,lgbm_probability,,0.4990054892447029,
PGIM India Flexi Cap Fund,2025-06-01,2025-07-01,,-1.260799,-2.826766,1.565967,75.0,76,19,LightGBM,lgbm_probability,,0.11954828101560508,
Quant ELSS Tax Saver Fund,2025-06-01,2025-07-01,,-2.958102,-2.826766,-0.131336,56.0,76,14,LightGBM,lgbm_probability,,0.29879153076295467,
Quant Flexi Cap Fund,2025-06-01,2025-07-01,,-2.744113,-2.826766,0.082653,57.0,76,14,LightGBM,lgbm_probability,,0.28253346944127344,
Quant Focused Fund,2025-06-01,2025-07-01,,-3.435639,-2.826766,-0.608873,40.0,76,10,LightGBM,lgbm_probability,,0.5542658899012902,
Shriram ELSS Tax Saver Fund,2025-06-01,2025-07-01,,-1.942555,-2.826766,0.884211,30.0,76,7,LightGBM,lgbm_probability,,0.6406847959215394,
Shriram Flexi Cap Fund,2025-06-01,2025-07-01,,-1.967353,-2.826766,0.859413,46.0,76,11,LightGBM,lgbm_probability,,0.48381272939888437,
Sundaram Dividend Yield Fund,2025-06-01,2025-07-01,,-2.028501,-2.826766,0.798265,4.0,76,0,LightGBM,lgbm_probability,,0.8757719895402098,
Sundaram ELSS Tax Saver Fund,2025-06-01,2025-07-01,,-0.654619,-2.826766,2.172147,25.0,76,6,LightGBM,lgbm_probability,,0.6918701755708649,
Sundaram Focused Fund,2025-06-01,2025-07-01,,-1.146442,-2.826766,1.680324,13.0,76,3,LightGBM,lgbm_probability,,0.7709594188019393,
Sundaram Value Fund,2025-06-01,2025-07-01,,-0.683409,-2.826766,2.143357,23.0,76,5,LightGBM,lgbm_probability,,0.7144323943820589,
Tata Dividend Yield Fund,2025-06-01,2025-07-01,,-2.313772,-2.826766,0.512994,76.0,76,19,LightGBM,lgbm_probability,,0.10036427405389083,
Tata ELSS Fund,2025-06-01,2025-07-01,,-2.089293,-2.826766,0.737473,2.0,76,0,LightGBM,lgbm_probability,,0.9393986869853452,
Tata Flexi Cap Fund,2025-06-01,2025-07-01,,-2.553825,-2.826766,0.272941,7.0,76,1,LightGBM,lgbm_probability,,0.8483212664114983,
Tata Focused Fund,2025-06-01,2025-07-01,,-0.762687,-2.826766,2.064079,20.0,76,5,LightGBM,lgbm_probability,,0.7273509297799773,
Tata Value Fund,2025-06-01,2025-07-01,,-2.30186,-2.826766,0.524906,41.0,76,10,LightGBM,lgbm_probability,,0.5411642686557627,
UTI Dividend Yield Fund,2025-06-01,2025-07-01,,-1.941778,-2.826766,0.884988,17.0,76,4,LightGBM,lgbm_probability,,0.7475442367937863,
UTI ELSS Tax Saver Fund,2025-06-01,2025-07-01,,-3.081335,-2.826766,-0.254569,45.0,76,11,LightGBM,lgbm_probability,,0.48780301684013505,
UTI Flexi Cap Fund,2025-06-01,2025-07-01,,-1.730453,-2.826766,1.096313,28.0,76,7,LightGBM,lgbm_probability,,0.6531948588668732,
UTI Value Fund,2025-06-01,2025-07-01,,-1.868021,-2.826766,0.958745,22.0,76,5,LightGBM,lgbm_probability,,0.7215555100650373,
Aditya Birla Sun Life Dividend Yield Fund,2025-07-01,2025-08-01,,-2.235785,-1.816508,-0.419277,57.0,77,14,LightGBM,lgbm_probability,,0.9783883848040333,
Aditya Birla Sun Life ELSS Tax Saver Fund,2025-07-01,2025-08-01,,-1.35974,-1.816508,0.456768,37.0,77,9,LightGBM,lgbm_probability,,0.9977511564038948,
Aditya Birla Sun Life Flexi Cap Fund,2025-07-01,2025-08-01,,-1.377552,-1.816508,0.438956,74.0,77,18,LightGBM,lgbm_probability,,0.6865986996092431,
Aditya Birla Sun Life Focused Fund,2025-07-01,2025-08-01,,-1.774747,-1.816508,0.041761,20.0,77,4,LightGBM,lgbm_probability,,0.9994859572042881,
Aditya Birla Sun Life Value Fund,2025-07-01,2025-08-01,,-4.554645,-1.816508,-2.738137,11.0,77,2,LightGBM,lgbm_probability,,0.9999101943127817,
Axis ELSS Tax Saver Fund,2025-07-01,2025-08-01,,-0.221685,-1.816508,1.594823,38.0,77,9,LightGBM,lgbm_probability,,0.9977027204319647,
Axis Flexi Cap Fund,2025-07-01,2025-08-01,,-1.331512,-1.816508,0.484996,7.0,77,1,LightGBM,lgbm_probability,,0.9999397191674152,
Axis Focused Fund,2025-07-01,2025-08-01,,-0.685368,-1.816508,1.13114,4.0,77,0,LightGBM,lgbm_probability,,0.9999558489176988,
Axis Innovation Fund,2025-07-01,2025-08-01,,0.255754,-1.816508,2.072262,40.0,77,10,LightGBM,lgbm_probability,,0.9975146241854144,
Baroda BNP Paribas ELSS Tax Saver Fund,2025-07-01,2025-08-01,,-1.409789,-1.816508,0.406719,6.0,77,1,LightGBM,lgbm_probability,,0.9999411275485166,
Baroda BNP Paribas Focused Fund,2025-07-01,2025-08-01,,-4.557699,-1.816508,-2.741191,49.0,77,12,LightGBM,lgbm_probability,,0.9937090632036198,
DSP ELSS Tax Saver Fund,2025-07-01,2025-08-01,,-3.255264,-1.816508,-1.438756,33.0,77,8,LightGBM,lgbm_probability,,0.9984424195524664,
DSP Flexi Cap Fund,2025-07-01,2025-08-01,,-2.163934,-1.816508,-0.347426,25.0,77,6,LightGBM,lgbm_probability,,0.9992599494820132,
DSP Focused Fund,2025-07-01,2025-08-01,,-4.057525,-1.816508,-2.241017,10.0,77,2,LightGBM,lgbm_probability,,0.9999249438783999,
DSP Value Fund,2025-07-01,2025-08-01,,-0.692104,-1.816508,1.124404,54.0,77,13,LightGBM,lgbm_probability,,0.9874057099130709,
Edelweiss ELSS Tax saver Fund,2025-07-01,2025-08-01,,-1.928887,-1.816508,-0.112379,15.0,77,3,LightGBM,lgbm_probability,,0.9998286617427612,
Edelweiss Flexi Cap Fund,2025-07-01,2025-08-01,,-1.056184,-1.816508,0.760324,13.0,77,3,LightGBM,lgbm_probability,,0.9998481751234043,
Franklin India ELSS Tax Saver Fund,2025-07-01,2025-08-01,,-2.625575,-1.816508,-0.809067,22.0,77,5,LightGBM,lgbm_probability,,0.9993701200249722,
Franklin India Flexi Cap Fund,2025-07-01,2025-08-01,,-2.62848,-1.816508,-0.811972,14.0,77,3,LightGBM,lgbm_probability,,0.9998381882599559,
Franklin India Focused Equity Fund,2025-07-01,2025-08-01,,-1.224724,-1.816508,0.591784,64.0,77,16,LightGBM,lgbm_probability,,0.96235258715357,
Franklin India Opportunities Fund,2025-07-01,2025-08-01,,-0.526166,-1.816508,1.290342,61.0,77,15,LightGBM,lgbm_probability,,0.9678401146846575,
HDFC Dividend Yield Fund,2025-07-01,2025-08-01,,-2.171692,-1.816508,-0.355184,39.0,77,9,LightGBM,lgbm_probability,,0.9976561644842067,
HDFC ELSS Tax saver,2025-07-01,2025-08-01,,-0.363345,-1.816508,1.453163,42.0,77,10,LightGBM,lgbm_probability,,0.997300241462954,
HDFC Flexi Cap Fund,2025-07-01,2025-08-01,,-0.075793,-1.816508,1.740715,67.0,77,17,LightGBM,lgbm_probability,,0.90899766906183,
HDFC Focused Fund,2025-07-01,2025-08-01,,0.393313,-1.816508,2.209821,70.0,77,17,LightGBM,lgbm_probability,,0.8598492233038283,
HDFC Value Fund,2025-07-01,2025-08-01,,-2.742077,-1.816508,-0.925569,43.0,77,10,LightGBM,lgbm_probability,,0.9970876038059151,
HSBC Flexi Cap Fund,2025-07-01,2025-08-01,,-2.462326,-1.816508,-0.645818,47.0,77,11,LightGBM,lgbm_probability,,0.9952081887533145,
HSBC Focused Fund,2025-07-01,2025-08-01,,-2.550981,-1.816508,-0.734473,34.0,77,8,LightGBM,lgbm_probability,,0.9982599489078423,
HSBC Tax Saver Equity Fund,2025-07-01,2025-08-01,,-3.798099,-1.816508,-1.981591,72.0,77,18,LightGBM,lgbm_probability,,0.8138084818341826,
ICICI Prudential Business Cycle Fund,2025-07-01,2025-08-01,,-0.620155,-1.816508,1.196353,62.0,77,15,LightGBM,lgbm_probability,,0.9656590943973797,
ICICI Prudential Dividend Yield Equity Fund,2025-07-01,2025-08-01,,-1.009064,-1.816508,0.807444,53.0,77,13,LightGBM,lgbm_probability,,0.9882880774673678,
ICICI Prudential ELSS Tax Saver Fund,2025-07-01,2025-08-01,,-0.72658,-1.816508,1.089928,27.0,77,6,LightGBM,lgbm_probability,,0.9991780106180003,
ICICI Prudential India Opportunities Fund,2025-07-01,2025-08-01,,-2.005657,-1.816508,-0.189149,68.0,77,17,LightGBM,lgbm_probability,,0.904826387151707,
ICICI Prudential Value Fund,2025-07-01,2025-08-01,,-1.062324,-1.816508,0.754184,24.0,77,5,LightGBM,lgbm_probability,,0.9992784142686154,
ITI ELSS Tax Saver Fund,2025-07-01,2025-08-01,,-3.482272,-1.816508,-1.665764,29.0,77,7,LightGBM,lgbm_probability,,0.9988785758895594,
ITI Value Fund,2025-07-01,2025-08-01,,-4.120891,-1.816508,-2.304383,21.0,77,5,LightGBM,lgbm_probability,,0.9994719830153804,
Kotak Contra Fund,2025-07-01,2025-08-01,,-1.301438,-1.816508,0.51507,36.0,77,9,LightGBM,lgbm_probability,,0.9978812077019181,
Kotak ELSS Tax Saver Fund,2025-07-01,2025-08-01,,-2.710737,-1.816508,-0.894229,58.0,77,14,LightGBM,lgbm_probability,,0.9774599857433333,
Kotak Flexi Cap Fund,2025-07-01,2025-08-01,,-2.806706,-1.816508,-0.990198,3.0,77,0,LightGBM,lgbm_probability,,0.9999804763841026,
Kotak Focused Fund,2025-07-01,2025-08-01,,-0.581332,-1.816508,1.235176,26.0,77,6,LightGBM,lgbm_probability,,0.9992459639993919,
LIC MF Dividend Yield Fund,2025-07-01,2025-08-01,,-2.737489,-1.816508,-0.920981,12.0,77,2,LightGBM,lgbm_probability,,0.9998915882916022,
LIC MF ELSS Tax Saver,2025-07-01,2025-08-01,,-2.922574,-1.816508,-1.106066,23.0,77,5,LightGBM,lgbm_probability,,0.9993598487467618,
LIC MF Flexi Cap Fund,2025-07-01,2025-08-01,,-0.543368,-1.816508,1.27314,65.0,77,16,LightGBM,lgbm_probability,,0.9222764375436281,
LIC MF Focused Fund,2025-07-01,2025-08-01,,-0.784517,-1.816508,1.031991,35.0,77,8,LightGBM,lgbm_probability,,0.9978935310424774,
LIC MF Value Fund,2025-07-01,2025-08-01,,-3.968272,-1.816508,-2.151764,52.0,77,13,LightGBM,lgbm_probability,,0.9884627748134182,
Mahindra Manulife ELSS Tax Saver Fund,2025-07-01,2025-08-01,,-1.567433,-1.816508,0.249075,71.0,77,18,LightGBM,lgbm_probability,,0.8406986470352349,
Mahindra Manulife Focused Fund,2025-07-01,2025-08-01,,-1.909094,-1.816508,-0.092586,9.0,77,2,LightGBM,lgbm_probability,,0.9999272016303935,
Mirae Asset ELSS Tax Saver Fund,2025-07-01,2025-08-01,,-2.433477,-1.816508,-0.616969,28.0,77,7,LightGBM,lgbm_probability,,0.999081079139452,
Mirae Asset Focused Fund,2025-07-01,2025-08-01,,-1.954007,-1.816508,-0.137499,75.0,77,19,LightGBM,lgbm_probability,,0.5264521303043502,
Motilal Oswal ELSS Tax Saver Fund,2025-07-01,2025-08-01,,-5.229307,-1.816508,-3.412799,32.0,77,8,LightGBM,lgbm_probability,,0.9984928846848227,
Motilal Oswal Flexi Cap Fund,2025-07-01,2025-08-01,,-1.31247,-1.816508,0.504038,51.0,77,12,LightGBM,lgbm_probability,,0.989646339232388,
Motilal Oswal Focused Fund,2025-07-01,2025-08-01,,-4.504242,-1.816508,-2.687734,31.0,77,7,LightGBM,lgbm_probability,,0.9985004650136003,
Navi Flexi Cap Fund,2025-07-01,2025-08-01,,-1.393999,-1.816508,0.422509,16.0,77,3,LightGBM,lgbm_probability,,0.9998045834605042,
Nippon India ELSS Tax Saver Fund,2025-07-01,2025-08-01,,-2.615131,-1.816508,-0.798623,8.0,77,1,LightGBM,lgbm_probability,,0.9999386381873755,
Nippon India Value Fund,2025-07-01,2025-08-01,,-2.777806,-1.816508,-0.961298,5.0,77,1,LightGBM,lgbm_probability,,0.9999463079663721,
Parag Parikh ELSS Tax Saver Fund,2025-07-01,2025-08-01,,-1.788814,-1.816508,0.027694,60.0,77,15,LightGBM,lgbm_probability,,0.9762707590852681,
Parag Parikh Flexi Cap Fund,2025-07-01,2025-08-01,,-0.911529,-1.816508,0.904979,50.0,77,12,LightGBM,lgbm_probability,,0.9934574273343046,
PGIM India ELSS Tax Saver Fund,2025-07-01,2025-08-01,,-2.170117,-1.816508,-0.353609,17.0,77,4,LightGBM,lgbm_probability,,0.9997124835679099,
PGIM India Flexi Cap Fund,2025-07-01,2025-08-01,,-1.084394,-1.816508,0.732114,77.0,77,19,LightGBM,lgbm_probability,,0.25013358145214964,
Quant ELSS Tax Saver Fund,2025-07-01,2025-08-01,,-3.339504,-1.816508,-1.522996,73.0,77,18,LightGBM,lgbm_probability,,0.7221500345228048,
Quant Flexi Cap Fund,2025-07-01,2025-08-01,,-4.92348,-1.816508,-3.106972,55.0,77,14,LightGBM,lgbm_probability,,0.9871924480118743,
Quant Focused Fund,2025-07-01,2025-08-01,,-3.79339,-1.816508,-1.976882,18.0,77,4,LightGBM,lgbm_probability,,0.9996186873890917,
Shriram ELSS Tax Saver Fund,2025-07-01,2025-08-01,,-3.319322,-1.816508,-1.502814,63.0,77,16,LightGBM,lgbm_probability,,0.9624318077695346,
Shriram Flexi Cap Fund,2025-07-01,2025-08-01,,-3.284862,-1.816508,-1.468354,44.0,77,11,LightGBM,lgbm_probability,,0.996923762448555,
Sundaram Dividend Yield Fund,2025-07-01,2025-08-01,,-1.81749,-1.816508,-0.000982,2.0,77,0,LightGBM,lgbm_probability,,0.999982499212872,
Sundaram ELSS Tax Saver Fund,2025-07-01,2025-08-01,,-1.113065,-1.816508,0.703443,45.0,77,11,LightGBM,lgbm_probability,,0.996339580158648,
Sundaram Focused Fund,2025-07-01,2025-08-01,,-2.269804,-1.816508,-0.453296,56.0,77,14,LightGBM,lgbm_probability,,0.9834298604246525,
Sundaram Value Fund,2025-07-01,2025-08-01,,-1.478572,-1.816508,0.337936,46.0,77,11,LightGBM,lgbm_probability,,0.9962251583442103,
Tata Dividend Yield Fund,2025-07-01,2025-08-01,,-3.030177,-1.816508,-1.213669,59.0,77,15,LightGBM,lgbm_probability,,0.9768885839705543,
Tata ELSS Fund,2025-07-01,2025-08-01,,-3.020901,-1.816508,-1.204393,69.0,77,17,LightGBM,lgbm_probability,,0.8950602747944761,
Tata Flexi Cap Fund,2025-07-01,2025-08-01,,-1.512607,-1.816508,0.303901,1.0,77,0,LightGBM,lgbm_probability,,0.9999920720860108,
Tata Focused Fund,2025-07-01,2025-08-01,,-0.752028,-1.816508,1.06448,66.0,77,16,LightGBM,lgbm_probability,,0.910597789145989,
Tata Value Fund,2025-07-01,2025-08-01,,-3.715918,-1.816508,-1.89941,30.0,77,7,LightGBM,lgbm_probability,,0.9985284982793011,
UTI Dividend Yield Fund,2025-07-01,2025-08-01,,-1.555419,-1.816508,0.261089,41.0,77,10,LightGBM,lgbm_probability,,0.9973500525728201,
UTI ELSS Tax Saver Fund,2025-07-01,2025-08-01,,-1.897293,-1.816508,-0.080785,76.0,77,19,LightGBM,lgbm_probability,,0.47253896867597917,
UTI Flexi Cap Fund,2025-07-01,2025-08-01,,-0.467385,-1.816508,1.349123,48.0,77,12,LightGBM,lgbm_probability,,0.9949563215648952,
UTI Value Fund,2025-07-01,2025-08-01,,-1.772309,-1.816508,0.044199,19.0,77,4,LightGBM,lgbm_probability,,0.9996161410153619,
Aditya Birla Sun Life Dividend Yield Fund,2025-08-01,2025-09-01,,1.522487,1.253765,0.268722,54.0,77,13,LightGBM,lgbm_probability,,0.9937497993531397,
Aditya Birla Sun Life ELSS Tax Saver Fund,2025-08-01,2025-09-01,,0.449506,1.253765,-0.804259,36.0,77,9,LightGBM,lgbm_probability,,0.9993050118351392,
Aditya Birla Sun Life Flexi Cap Fund,2025-08-01,2025-09-01,,1.01432,1.253765,-0.239445,56.0,77,14,LightGBM,lgbm_probability,,0.9907372028403313,
Aditya Birla Sun Life Focused Fund,2025-08-01,2025-09-01,,0.591735,1.253765,-0.66203,73.0,77,18,LightGBM,lgbm_probability,,0.8835507215975908,
Aditya Birla Sun Life Value Fund,2025-08-01,2025-09-01,,2.777751,1.253765,1.523986,53.0,77,13,LightGBM,lgbm_probability,,0.994296827124086,
Axis ELSS Tax Saver Fund,2025-08-01,2025-09-01,,0.178955,1.253765,-1.07481,22.0,77,5,LightGBM,lgbm_probability,,0.9997368614015131,
Axis Flexi Cap Fund,2025-08-01,2025-09-01,,1.107266,1.253765,-0.146499,44.0,77,11,LightGBM,lgbm_probability,,0.9985589486430119,
Axis Focused Fund,2025-08-01,2025-09-01,,0.481464,1.253765,-0.772301,61.0,77,15,LightGBM,lgbm_probability,,0.9840360983516919,
Axis Innovation Fund,2025-08-01,2025-09-01,,1.22449,1.253765,-0.029275,72.0,77,18,LightGBM,lgbm_probability,,0.8888856242279118,
Baroda BNP Paribas ELSS Tax Saver Fund,2025-08-01,2025-09-01,,0.395952,1.253765,-0.857813,9.0,77,2,LightGBM,lgbm_probability,,0.9999347363829271,
Baroda BNP Paribas Focused Fund,2025-08-01,2025-09-01,,0.86015,1.253765,-0.393615,7.0,77,1,LightGBM,lgbm_probability,,0.9999397878812121,
DSP ELSS Tax Saver Fund,2025-08-01,2025-09-01,,1.903178,1.253765,0.649413,2.0,77,0,LightGBM,lgbm_probability,,0.9999960204064567,
DSP Flexi Cap Fund,2025-08-01,2025-09-01,,1.956034,1.253765,0.702269,11.0,77,2,LightGBM,lgbm_probability,,0.999931800761891,
DSP Focused Fund,2025-08-01,2025-09-01,,2.348186,1.253765,1.094421,24.0,77,5,LightGBM,lgbm_probability,,0.9996725003610685,
DSP Value Fund,2025-08-01,2025-09-01,,3.271937,1.253765,2.018172,41.0,77,10,LightGBM,lgbm_probability,,0.9988764204701398,
Edelweiss ELSS Tax saver Fund,2025-08-01,2025-09-01,,1.4297,1.253765,0.175935,48.0,77,12,LightGBM,lgbm_probability,,0.997002058448434,
Edelweiss Flexi Cap Fund,2025-08-01,2025-09-01,,1.125473,1.253765,-0.128292,65.0,77,16,LightGBM,lgbm_probability,,0.9705584325308473,
Franklin India ELSS Tax Saver Fund,2025-08-01,2025-09-01,,0.291884,1.253765,-0.961881,30.0,77,7,LightGBM,lgbm_probability,,0.9996009727627058,
Franklin India Flexi Cap Fund,2025-08-01,2025-09-01,,0.369215,1.253765,-0.88455,46.0,77,11,LightGBM,lgbm_probability,,0.9976666330183878,
Franklin India Focused Equity Fund,2025-08-01,2025-09-01,,0.461932,1.253765,-0.791833,59.0,77,15,LightGBM,lgbm_probability,,0.9877971660431094,
Franklin India Opportunities Fund,2025-08-01,2025-09-01,,0.721568,1.253765,-0.532197,45.0,77,11,LightGBM,lgbm_probability,,0.9979832729531366,
HDFC Dividend Yield Fund,2025-08-01,2025-09-01,,1.400008,1.253765,0.146243,16.0,77,3,LightGBM,lgbm_probability,,0.9998216449259227,
HDFC ELSS Tax saver,2025-08-01,2025-09-01,,0.88804,1.253765,-0.365725,8.0,77,1,LightGBM,lgbm_probability,,0.9999389537271471,
HDFC Flexi Cap Fund,2025-08-01,2025-09-01,,1.726478,1.253765,0.472713,62.0,77,15,LightGBM,lgbm_probability,,0.9746736839894345,
HDFC Focused Fund,2025-08-01,2025-09-01,,1.052288,1.253765,-0.201477,67.0,77,17,LightGBM,lgbm_probability,,0.9654482554127086,
HDFC Value Fund,2025-08-01,2025-09-01,,1.335727,1.253765,0.081962,23.0,77,5,LightGBM,lgbm_probability,,0.9997056287419954,
HSBC Flexi Cap Fund,2025-08-01,2025-09-01,,1.328194,1.253765,0.074429,5.0,77,1,LightGBM,lgbm_probability,,0.9999627331605953,
HSBC Focused Fund,2025-08-01,2025-09-01,,0.753402,1.253765,-0.500363,26.0,77,6,LightGBM,lgbm_probability,,0.9996480349418462,
HSBC Tax Saver Equity Fund,2025-08-01,2025-09-01,,0.102468,1.253765,-1.151297,70.0,77,17,LightGBM,lgbm_probability,,0.9399575140327507,
ICICI Prudential Business Cycle Fund,2025-08-01,2025-09-01,,1.521061,1.253765,0.267296,27.0,77,6,LightGBM,lgbm_probability,,0.999632783155869,
ICICI Prudential Dividend Yield Equity Fund,2025-08-01,2025-09-01,,1.485833,1.253765,0.232068,20.0,77,4,LightGBM,lgbm_probability,,0.9997425856167514,
ICICI Prudential ELSS Tax Saver Fund,2025-08-01,2025-09-01,,0.965793,1.253765,-0.287972,58.0,77,14,LightGBM,lgbm_probability,,0.9882710634032933,
ICICI Prudential India Opportunities Fund,2025-08-01,2025-09-01,,1.52191,1.253765,0.268145,4.0,77,0,LightGBM,lgbm_probability,,0.9999695232843435,
ICICI Prudential Value Fund,2025-08-01,2025-09-01,,0.656387,1.253765,-0.597378,14.0,77,3,LightGBM,lgbm_probability,,0.9998868932560847,
ITI ELSS Tax Saver Fund,2025-08-01,2025-09-01,,3.159833,1.253765,1.906068,38.0,77,9,LightGBM,lgbm_probability,,0.9991334622545159,
ITI Value Fund,2025-08-01,2025-09-01,,2.732355,1.253765,1.47859,19.0,77,4,LightGBM,lgbm_probability,,0.9997536341170117,
Kotak Contra Fund,2025-08-01,2025-09-01,,1.857895,1.253765,0.60413,25.0,77,6,LightGBM,lgbm_probability,,0.9996566930232301,
Kotak ELSS Tax Saver Fund,2025-08-01,2025-09-01,,1.30329,1.253765,0.049525,3.0,77,0,LightGBM,lgbm_probability,,0.9999702909733698,
Kotak Flexi Cap Fund,2025-08-01,2025-09-01,,1.690525,1.253765,0.43676,12.0,77,2,LightGBM,lgbm_probability,,0.9999117801875772,
Kotak Focused Fund,2025-08-01,2025-09-01,,1.539914,1.253765,0.286149,68.0,77,17,LightGBM,lgbm_probability,,0.963794449076924,
LIC MF Dividend Yield Fund,2025-08-01,2025-09-01,,1.719891,1.253765,0.466126,33.0,77,8,LightGBM,lgbm_probability,,0.9994827943817393,
LIC MF ELSS Tax Saver,2025-08-01,2025-09-01,,1.063058,1.253765,-0.190707,39.0,77,9,LightGBM,lgbm_probability,,0.9990585426338923,
LIC MF Flexi Cap Fund,2025-08-01,2025-09-01,,2.050166,1.253765,0.796401,40.0,77,10,LightGBM,lgbm_probability,,0.998930791352235,
LIC MF Focused Fund,2025-08-01,2025-09-01,,-0.513774,1.253765,-1.767539,47.0,77,11,LightGBM,lgbm_probability,,0.9974960903057952,
LIC MF Value Fund,2025-08-01,2025-09-01,,2.13509,1.253765,0.881325,18.0,77,4,LightGBM,lgbm_probability,,0.9997536882949765,
Mahindra Manulife ELSS Tax Saver Fund,2025-08-01,2025-09-01,,0.372054,1.253765,-0.881711,74.0,77,18,LightGBM,lgbm_probability,,0.8744002862947291,
Mahindra Manulife Focused Fund,2025-08-01,2025-09-01,,1.343392,1.253765,0.089627,37.0,77,9,LightGBM,lgbm_probability,,0.9992673427585287,
Mirae Asset ELSS Tax Saver Fund,2025-08-01,2025-09-01,,1.578285,1.253765,0.32452,42.0,77,10,LightGBM,lgbm_probability,,0.9988614479500421,
Mirae Asset Focused Fund,2025-08-01,2025-09-01,,-0.586373,1.253765,-1.840138,60.0,77,15,LightGBM,lgbm_probability,,0.9841614579174525,
Motilal Oswal ELSS Tax Saver Fund,2025-08-01,2025-09-01,,3.393844,1.253765,2.140079,51.0,77,12,LightGBM,lgbm_probability,,0.9956123368212548,
Motilal Oswal Flexi Cap Fund,2025-08-01,2025-09-01,,-2.041352,1.253765,-3.295117,76.0,77,19,LightGBM,lgbm_probability,,0.8116064252284909,
Motilal Oswal Focused Fund,2025-08-01,2025-09-01,,0.941197,1.253765,-0.312568,75.0,77,19,LightGBM,lgbm_probability,,0.859063850628318,
Navi Flexi Cap Fund,2025-08-01,2025-09-01,,1.33384,1.253765,0.080075,17.0,77,4,LightGBM,lgbm_probability,,0.9997726436727014,
Nippon India ELSS Tax Saver Fund,2025-08-01,2025-09-01,,1.307099,1.253765,0.053334,34.0,77,8,LightGBM,lgbm_probability,,0.9994483108528404,
Nippon India Value Fund,2025-08-01,2025-09-01,,2.282302,1.253765,1.028537,35.0,77,8,LightGBM,lgbm_probability,,0.9993291579275193,
Parag Parikh ELSS Tax Saver Fund,2025-08-01,2025-09-01,,0.770865,1.253765,-0.4829,32.0,77,8,LightGBM,lgbm_probability,,0.9994845641141543,
Parag Parikh Flexi Cap Fund,2025-08-01,2025-09-01,,1.122058,1.253765,-0.131707,77.0,77,19,LightGBM,lgbm_probability,,0.6691728765239396,
PGIM India ELSS Tax Saver Fund,2025-08-01,2025-09-01,,-0.229475,1.253765,-1.48324,50.0,77,12,LightGBM,lgbm_probability,,0.9962915107526419,
PGIM India Flexi Cap Fund,2025-08-01,2025-09-01,,-0.119161,1.253765,-1.372926,57.0,77,14,LightGBM,lgbm_probability,,0.9896914681534434,
Quant ELSS Tax Saver Fund,2025-08-01,2025-09-01,,3.63473,1.253765,2.380965,63.0,77,16,LightGBM,lgbm_probability,,0.9735594274804076,
Quant Flexi Cap Fund,2025-08-01,2025-09-01,,3.653059,1.253765,2.399294,52.0,77,13,LightGBM,lgbm_probability,,0.9955185291406216,
Quant Focused Fund,2025-08-01,2025-09-01,,2.394445,1.253765,1.14068,49.0,77,12,LightGBM,lgbm_probability,,0.9967467799647246,
Shriram ELSS Tax Saver Fund,2025-08-01,2025-09-01,,1.083896,1.253765,-0.169869,13.0,77,3,LightGBM,lgbm_probability,,0.999910434286841,
Shriram Flexi Cap Fund,2025-08-01,2025-09-01,,1.036084,1.253765,-0.217681,21.0,77,5,LightGBM,lgbm_probability,,0.9997386776915781,
Sundaram Dividend Yield Fund,2025-08-01,2025-09-01,,2.01606,1.253765,0.762295,1.0,77,0,LightGBM,lgbm_probability,,0.9999995614099358,
Sundaram ELSS Tax Saver Fund,2025-08-01,2025-09-01,,-0.182596,1.253765,-1.436361,55.0,77,14,LightGBM,lgbm_probability,,0.9928431899195447,
Sundaram Focused Fund,2025-08-01,2025-09-01,,0.10275,1.253765,-1.151015,64.0,77,16,LightGBM,lgbm_probability,,0.9708655285681788,
Sundaram Value Fund,2025-08-01,2025-09-01,,-0.607016,1.253765,-1.860781,69.0,77,17,LightGBM,lgbm_probability,,0.9426660161669265,
Tata Dividend Yield Fund,2025-08-01,2025-09-01,,2.363147,1.253765,1.109382,10.0,77,2,LightGBM,lgbm_probability,,0.9999333952485493,
Tata ELSS Fund,2025-08-01,2025-09-01,,2.109164,1.253765,0.855399,66.0,77,16,LightGBM,lgbm_probability,,0.9660928893664921,
Tata Flexi Cap Fund,2025-08-01,2025-09-01,,0.932419,1.253765,-0.321346,6.0,77,1,LightGBM,lgbm_probability,,0.9999453210120928,
Tata Focused Fund,2025-08-01,2025-09-01,,0.615454,1.253765,-0.638311,28.0,77,7,LightGBM,lgbm_probability,,0.9996254709737917,
Tata Value Fund,2025-08-01,2025-09-01,,2.354559,1.253765,1.100794,31.0,77,7,LightGBM,lgbm_probability,,0.9995057742807216,
UTI Dividend Yield Fund,2025-08-01,2025-09-01,,1.00509,1.253765,-0.248675,15.0,77,3,LightGBM,lgbm_probability,,0.9998780034039504,
UTI ELSS Tax Saver Fund,2025-08-01,2025-09-01,,0.909991,1.253765,-0.343774,71.0,77,18,LightGBM,lgbm_probability,,0.9320431579176061,
UTI Flexi Cap Fund,2025-08-01,2025-09-01,,-0.837716,1.253765,-2.091481,43.0,77,10,LightGBM,lgbm_probability,,0.9985699961581154,
UTI Value Fund,2025-08-01,2025-09-01,,0.803216,1.253765,-0.450549,29.0,77,7,LightGBM,lgbm_probability,,0.9996137439643471,
Aditya Birla Sun Life Dividend Yield Fund,2025-09-01,2025-10-01,,2.906953,4.342917,-1.435964,41.0,81,9,LightGBM,lgbm_probability,,0.9987714140417143,
Aditya Birla Sun Life ELSS Tax Saver Fund,2025-09-01,2025-10-01,,3.450318,4.342917,-0.892599,62.0,81,15,LightGBM,lgbm_probability,,0.9947779179961131,
Aditya Birla Sun Life Flexi Cap Fund,2025-09-01,2025-10-01,,4.339532,4.342917,-0.003385,7.0,81,1,LightGBM,lgbm_probability,,0.9999453404159729,
Aditya Birla Sun Life Focused Fund,2025-09-01,2025-10-01,,4.923803,4.342917,0.580886,70.0,81,17,LightGBM,lgbm_probability,,0.9826845352146657,
Aditya Birla Sun Life Value Fund,2025-09-01,2025-10-01,,3.896505,4.342917,-0.446412,31.0,81,7,LightGBM,lgbm_probability,,0.9994003702365233,
Axis ELSS Tax Saver Fund,2025-09-01,2025-10-01,,3.033557,4.342917,-1.30936,77.0,81,18,LightGBM,lgbm_probability,,0.9026108294568674,
Axis Flexi Cap Fund,2025-09-01,2025-10-01,,2.621723,4.342917,-1.721194,57.0,81,13,LightGBM,lgbm_probability,,0.9969181164852428,
Axis Focused Fund,2025-09-01,2025-10-01,,3.053921,4.342917,-1.288996,52.0,81,12,LightGBM,lgbm_probability,,0.9974531717829728,
Axis Innovation Fund,2025-09-01,2025-10-01,,2.198901,4.342917,-2.144016,27.0,81,6,LightGBM,lgbm_probability,,0.9995891040655117,
Baroda BNP Paribas ELSS Tax Saver Fund,2025-09-01,2025-10-01,,4.189987,4.342917,-0.15293,24.0,81,5,LightGBM,lgbm_probability,,0.9997028523843917,
Baroda BNP Paribas Focused Fund,2025-09-01,2025-10-01,,4.70739,4.342917,0.364473,44.0,81,10,LightGBM,lgbm_probability,,0.998313632240653,
DSP ELSS Tax Saver Fund,2025-09-01,2025-10-01,,2.521577,4.342917,-1.82134,28.0,81,6,LightGBM,lgbm_probability,,0.9995315583363568,
DSP Flexi Cap Fund,2025-09-01,2025-10-01,,2.003973,4.342917,-2.338944,9.0,81,1,LightGBM,lgbm_probability,,0.9999192561195529,
DSP Focused Fund,2025-09-01,2025-10-01,,2.61741,4.342917,-1.725507,40.0,81,9,LightGBM,lgbm_probability,,0.9988627092345286,
DSP Value Fund,2025-09-01,2025-10-01,,2.66591,4.342917,-1.677007,81.0,81,19,LightGBM,lgbm_probability,,0.6276578018098753,
Edelweiss ELSS Tax saver Fund,2025-09-01,2025-10-01,,4.352188,4.342917,0.009271,68.0,81,16,LightGBM,lgbm_probability,,0.9910367771885255,
Edelweiss Flexi Cap Fund,2025-09-01,2025-10-01,,3.796142,4.342917,-0.546775,59.0,81,14,LightGBM,lgbm_probability,,0.9965531635290389,
Franklin India ELSS Tax Saver Fund,2025-09-01,2025-10-01,,3.455896,4.342917,-0.887021,20.0,81,4,LightGBM,lgbm_probability,,0.999737623621327,
Franklin India Flexi Cap Fund,2025-09-01,2025-10-01,,3.426612,4.342917,-0.916305,23.0,81,5,LightGBM,lgbm_probability,,0.9997194003127957,
Franklin India Focused Equity Fund,2025-09-01,2025-10-01,,2.6358,4.342917,-1.707117,64.0,81,15,LightGBM,lgbm_probability,,0.99431006835922,
Franklin India Opportunities Fund,2025-09-01,2025-10-01,,2.767311,4.342917,-1.575606,51.0,81,12,LightGBM,lgbm_probability,,0.9974608570529541,
HDFC Dividend Yield Fund,2025-09-01,2025-10-01,,3.376437,4.342917,-0.96648,42.0,81,10,LightGBM,lgbm_probability,,0.9986943343949005,
HDFC ELSS Tax saver,2025-09-01,2025-10-01,,2.707661,4.342917,-1.635256,32.0,81,7,LightGBM,lgbm_probability,,0.9993917794786606,
HDFC Flexi Cap Fund,2025-09-01,2025-10-01,,2.47796,4.342917,-1.864957,8.0,81,1,LightGBM,lgbm_probability,,0.9999233737735126,
HDFC Focused Fund,2025-09-01,2025-10-01,,2.283822,4.342917,-2.059095,29.0,81,6,LightGBM,lgbm_probability,,0.999434653430677,
HDFC Value Fund,2025-09-01,2025-10-01,,4.177343,4.342917,-0.165574,16.0,81,3,LightGBM,lgbm_probability,,0.9998750914124176,
HSBC Flexi Cap Fund,2025-09-01,2025-10-01,,3.099367,4.342917,-1.24355,15.0,81,3,LightGBM,lgbm_probability,,0.9998793522282653,
HSBC Focused Fund,2025-09-01,2025-10-01,,1.896634,4.342917,-2.446283,38.0,81,9,LightGBM,lgbm_probability,,0.998907223176509,
HSBC Tax Saver Equity Fund,2025-09-01,2025-10-01,,2.391932,4.342917,-1.950985,60.0,81,14,LightGBM,lgbm_probability,,0.9963424632434513,
ICICI Prudential Business Cycle Fund,2025-09-01,2025-10-01,,3.095147,4.342917,-1.24777,34.0,81,8,LightGBM,lgbm_probability,,0.9993610720454765,
ICICI Prudential Dividend Yield Equity Fund,2025-09-01,2025-10-01,,3.364897,4.342917,-0.97802,56.0,81,13,LightGBM,lgbm_probability,,0.9970230618814369,
ICICI Prudential ELSS Tax Saver Fund,2025-09-01,2025-10-01,,2.404251,4.342917,-1.938666,74.0,81,18,LightGBM,lgbm_probability,,0.9575609931742851,
ICICI Prudential India Opportunities Fund,2025-09-01,2025-10-01,,3.481823,4.342917,-0.861094,26.0,81,6,LightGBM,lgbm_probability,,0.9995982259872407,
ICICI Prudential Value Fund,2025-09-01,2025-10-01,,3.047957,4.342917,-1.29496,3.0,81,0,LightGBM,lgbm_probability,,0.999986840590033,
ITI ELSS Tax Saver Fund,2025-09-01,2025-10-01,,4.29479,4.342917,-0.048127,65.0,81,15,LightGBM,lgbm_probability,,0.9935968641526176,
ITI Value Fund,2025-09-01,2025-10-01,,3.508968,4.342917,-0.833949,35.0,81,8,LightGBM,lgbm_probability,,0.9992976761508724,
Kotak Contra Fund,2025-09-01,2025-10-01,,2.736254,4.342917,-1.606663,22.0,81,5,LightGBM,lgbm_probability,,0.9997313432978334,
Kotak ELSS Tax Saver Fund,2025-09-01,2025-10-01,,2.183299,4.342917,-2.159618,12.0,81,2,LightGBM,lgbm_probability,,0.999910098424665,
Kotak Flexi Cap Fund,2025-09-01,2025-10-01,,3.049818,4.342917,-1.293099,2.0,81,0,LightGBM,lgbm_probability,,0.9999881065794022,
Kotak Focused Fund,2025-09-01,2025-10-01,,3.568897,4.342917,-0.77402,21.0,81,4,LightGBM,lgbm_probability,,0.9997314697899776,
LIC MF Dividend Yield Fund,2025-09-01,2025-10-01,,3.444199,4.342917,-0.898718,47.0,81,11,LightGBM,lgbm_probability,,0.9981746085901049,
LIC MF ELSS Tax Saver,2025-09-01,2025-10-01,,2.260217,4.342917,-2.0827,30.0,81,7,LightGBM,lgbm_probability,,0.9994281370399475,
LIC MF Flexi Cap Fund,2025-09-01,2025-10-01,,2.889599,4.342917,-1.453318,79.0,81,19,LightGBM,lgbm_probability,,0.7576742118969382,
LIC MF Focused Fund,2025-09-01,2025-10-01,,2.451418,4.342917,-1.891499,72.0,81,17,LightGBM,lgbm_probability,,0.9768561215759767,
LIC MF Value Fund,2025-09-01,2025-10-01,,2.722552,4.342917,-1.620365,58.0,81,14,LightGBM,lgbm_probability,,0.9968220132507019,
Mahindra Manulife ELSS Tax Saver Fund,2025-09-01,2025-10-01,,2.705725,4.342917,-1.637192,53.0,81,12,LightGBM,lgbm_probability,,0.9974316769232484,
Mahindra Manulife Flexi Cap Fund,2025-09-01,2025-10-01,,2.766992,4.342917,-1.575925,10.0,81,2,LightGBM,lgbm_probability,,0.9999190477730621,
Mahindra Manulife Focused Fund,2025-09-01,2025-10-01,,3.676527,4.342917,-0.66639,50.0,81,12,LightGBM,lgbm_probability,,0.9977493426982567,
Mirae Asset ELSS Tax Saver Fund,2025-09-01,2025-10-01,,3.884757,4.342917,-0.45816,36.0,81,8,LightGBM,lgbm_probability,,0.9992832959899617,
Mirae Asset Focused Fund,2025-09-01,2025-10-01,,2.485228,4.342917,-1.857689,71.0,81,17,LightGBM,lgbm_probability,,0.9769779095458809,
Motilal Oswal ELSS Tax Saver Fund,2025-09-01,2025-10-01,,2.174987,4.342917,-2.16793,76.0,81,18,LightGBM,lgbm_probability,,0.9159728655315,
Motilal Oswal Flexi Cap Fund,2025-09-01,2025-10-01,,3.766802,4.342917,-0.576115,80.0,81,19,LightGBM,lgbm_probability,,0.7137067047484285,
Motilal Oswal Focused Fund,2025-09-01,2025-10-01,,3.689322,4.342917,-0.653595,69.0,81,16,LightGBM,lgbm_probability,,0.9900166511728492,
Navi Flexi Cap Fund,2025-09-01,2025-10-01,,3.2688,4.342917,-1.074117,37.0,81,8,LightGBM,lgbm_probability,,0.9992641959834455,
Nippon India ELSS Tax Saver Fund,2025-09-01,2025-10-01,,2.865032,4.342917,-1.477885,14.0,81,3,LightGBM,lgbm_probability,,0.9999031681698327,
Nippon India Flexi Cap Fund,2025-09-01,2025-10-01,,2.629644,4.342917,-1.713273,54.0,81,13,LightGBM,lgbm_probability,,0.9973525155317059,
Nippon India Value Fund,2025-09-01,2025-10-01,,3.673562,4.342917,-0.669355,11.0,81,2,LightGBM,lgbm_probability,,0.9999135531276574,
Parag Parikh ELSS Tax Saver Fund,2025-09-01,2025-10-01,,1.326259,4.342917,-3.016658,66.0,81,16,LightGBM,lgbm_probability,,0.9928607202972739,
Parag Parikh Flexi Cap Fund,2025-09-01,2025-10-01,,2.089556,4.342917,-2.253361,73.0,81,17,LightGBM,lgbm_probability,,0.9636618219265878,
PGIM India ELSS Tax Saver Fund,2025-09-01,2025-10-01,,2.963526,4.342917,-1.379391,33.0,81,7,LightGBM,lgbm_probability,,0.999379457604236,
PGIM India Flexi Cap Fund,2025-09-01,2025-10-01,,3.191489,4.342917,-1.151428,49.0,81,11,LightGBM,lgbm_probability,,0.9979123807732944,
Quant ELSS Tax Saver Fund,2025-09-01,2025-10-01,,3.415197,4.342917,-0.92772,78.0,81,19,LightGBM,lgbm_probability,,0.7722971304769998,
Quant Flexi Cap Fund,2025-09-01,2025-10-01,,2.265863,4.342917,-2.077054,75.0,81,18,LightGBM,lgbm_probability,,0.9517496704354297,
Quant Focused Fund,2025-09-01,2025-10-01,,3.53156,4.342917,-0.811357,55.0,81,13,LightGBM,lgbm_probability,,0.9972775677294199,
Shriram ELSS Tax Saver Fund,2025-09-01,2025-10-01,,3.583151,4.342917,-0.759766,4.0,81,0,LightGBM,lgbm_probability,,0.9999757905080916,
Shriram Flexi Cap Fund,2025-09-01,2025-10-01,,3.568197,4.342917,-0.77472,5.0,81,0,LightGBM,lgbm_probability,,0.999958576035669,
Sundaram Dividend Yield Fund,2025-09-01,2025-10-01,,3.505759,4.342917,-0.837158,17.0,81,3,LightGBM,lgbm_probability,,0.9998284270731143,
Sundaram ELSS Tax Saver Fund,2025-09-01,2025-10-01,,2.766445,4.342917,-1.576472,46.0,81,11,LightGBM,lgbm_probability,,0.9981844794041137,
Sundaram Focused Fund,2025-09-01,2025-10-01,,2.007546,4.342917,-2.335371,43.0,81,10,LightGBM,lgbm_probability,,0.9984668802833178,
Sundaram Value Fund,2025-09-01,2025-10-01,,2.940219,4.342917,-1.402698,19.0,81,4,LightGBM,lgbm_probability,,0.999758472174559,
Tata Business Cycle Fund,2025-09-01,2025-10-01,,3.625547,4.342917,-0.71737,13.0,81,2,LightGBM,lgbm_probability,,0.9999077504213796,
Tata Dividend Yield Fund,2025-09-01,2025-10-01,,4.815051,4.342917,0.472134,45.0,81,10,LightGBM,lgbm_probability,,0.9982700517673356,
Tata ELSS Fund,2025-09-01,2025-10-01,,3.48408,4.342917,-0.858837,63.0,81,15,LightGBM,lgbm_probability,,0.9945278331271501,
Tata Flexi Cap Fund,2025-09-01,2025-10-01,,2.279892,4.342917,-2.063025,67.0,81,16,LightGBM,lgbm_probability,,0.9926869936030384,
Tata Focused Fund,2025-09-01,2025-10-01,,2.262413,4.342917,-2.080504,18.0,81,4,LightGBM,lgbm_probability,,0.9998121192726288,
Tata Value Fund,2025-09-01,2025-10-01,,2.77354,4.342917,-1.569377,48.0,81,11,LightGBM,lgbm_probability,,0.9981732610900707,
UTI Dividend Yield Fund,2025-09-01,2025-10-01,,2.400042,4.342917,-1.942875,1.0,81,0,LightGBM,lgbm_probability,,0.9999904372674998,
UTI ELSS Tax Saver Fund,2025-09-01,2025-10-01,,2.732675,4.342917,-1.610242,61.0,81,14,LightGBM,lgbm_probability,,0.9958190926155102,
UTI Flexi Cap Fund,2025-09-01,2025-10-01,,2.078302,4.342917,-2.264615,25.0,81,5,LightGBM,lgbm_probability,,0.999667089088103,
UTI Focused Fund,2025-09-01,2025-10-01,,2.981026,4.342917,-1.361891,6.0,81,1,LightGBM,lgbm_probability,,0.9999496680660983,
UTI Value Fund,2025-09-01,2025-10-01,,2.818632,4.342917,-1.524285,39.0,81,9,LightGBM,lgbm_probability,,0.9988974013887999,
Aditya Birla Sun Life Dividend Yield Fund,2025-10-01,2025-11-01,,0.661296,0.996498,-0.335202,79.0,81,19,LightGBM,lgbm_probability,,0.024489206521380116,
Aditya Birla Sun Life ELSS Tax Saver Fund,2025-10-01,2025-11-01,,-0.39576,0.996498,-1.392258,28.0,81,6,LightGBM,lgbm_probability,,0.7397570636493194,
Aditya Birla Sun Life Flexi Cap Fund,2025-10-01,2025-11-01,,0.256392,0.996498,-0.740106,35.0,81,8,LightGBM,lgbm_probability,,0.6903483247062244,
Aditya Birla Sun Life Focused Fund,2025-10-01,2025-11-01,,0.995937,0.996498,-0.000561,40.0,81,9,LightGBM,lgbm_probability,,0.6236653999541738,
Aditya Birla Sun Life Value Fund,2025-10-01,2025-11-01,,0.836782,0.996498,-0.159716,30.0,81,7,LightGBM,lgbm_probability,,0.7350922235521454,
Axis ELSS Tax Saver Fund,2025-10-01,2025-11-01,,0.662767,0.996498,-0.333731,66.0,81,16,LightGBM,lgbm_probability,,0.3050737170550229,
Axis Flexi Cap Fund,2025-10-01,2025-11-01,,-0.066357,0.996498,-1.062855,73.0,81,17,LightGBM,lgbm_probability,,0.19149017089553144,
Axis Focused Fund,2025-10-01,2025-11-01,,0.030869,0.996498,-0.965629,62.0,81,15,LightGBM,lgbm_probability,,0.3283875898428405,
Axis Innovation Fund,2025-10-01,2025-11-01,,0.0489,0.996498,-0.947598,59.0,81,14,LightGBM,lgbm_probability,,0.3606531310192267,
Baroda BNP Paribas ELSS Tax Saver Fund,2025-10-01,2025-11-01,,2.567804,0.996498,1.571306,18.0,81,4,LightGBM,lgbm_probability,,0.804911363092662,
Baroda BNP Paribas Focused Fund,2025-10-01,2025-11-01,,1.579985,0.996498,0.583487,24.0,81,5,LightGBM,lgbm_probability,,0.7664140770736012,
DSP ELSS Tax Saver Fund,2025-10-01,2025-11-01,,1.115211,0.996498,0.118713,76.0,81,18,LightGBM,lgbm_probability,,0.18005805159981525,
DSP Flexi Cap Fund,2025-10-01,2025-11-01,,0.183116,0.996498,-0.813382,44.0,81,10,LightGBM,lgbm_probability,,0.5862885493732364,
DSP Focused Fund,2025-10-01,2025-11-01,,1.331841,0.996498,0.335343,6.0,81,1,LightGBM,lgbm_probability,,0.9064471720021461,
DSP Value Fund,2025-10-01,2025-11-01,,-0.198689,0.996498,-1.195187,54.0,81,13,LightGBM,lgbm_probability,,0.396965651178223,
Edelweiss ELSS Tax saver Fund,2025-10-01,2025-11-01,,1.46994,0.996498,0.473442,58.0,81,14,LightGBM,lgbm_probability,,0.36185984616563827,
Edelweiss Flexi Cap Fund,2025-10-01,2025-11-01,,0.555374,0.996498,-0.441124,67.0,81,16,LightGBM,lgbm_probability,,0.29780423572978776,
Franklin India ELSS Tax Saver Fund,2025-10-01,2025-11-01,,-0.511135,0.996498,-1.507633,27.0,81,6,LightGBM,lgbm_probability,,0.7461326238299596,
Franklin India Flexi Cap Fund,2025-10-01,2025-11-01,,-0.264536,0.996498,-1.261034,14.0,81,3,LightGBM,lgbm_probability,,0.8498918784372973,
Franklin India Focused Equity Fund,2025-10-01,2025-11-01,,-0.151397,0.996498,-1.147895,11.0,81,2,LightGBM,lgbm_probability,,0.8599164160422865,
Franklin India Opportunities Fund,2025-10-01,2025-11-01,,-1.193813,0.996498,-2.190311,64.0,81,15,LightGBM,lgbm_probability,,0.31687297851309987,
HDFC Dividend Yield Fund,2025-10-01,2025-11-01,,-1.294041,0.996498,-2.290539,38.0,81,9,LightGBM,lgbm_probability,,0.6576991775565343,
HDFC ELSS Tax saver,2025-10-01,2025-11-01,,-0.670636,0.996498,-1.667134,20.0,81,4,LightGBM,lgbm_probability,,0.7962568758141647,
HDFC Flexi Cap Fund,2025-10-01,2025-11-01,,-0.535729,0.996498,-1.532227,3.0,81,0,LightGBM,lgbm_probability,,0.9251571494747165,
HDFC Focused Fund,2025-10-01,2025-11-01,,-0.636634,0.996498,-1.633132,10.0,81,2,LightGBM,lgbm_probability,,0.8955978576274981,
HDFC Value Fund,2025-10-01,2025-11-01,,0.316546,0.996498,-0.679952,56.0,81,13,LightGBM,lgbm_probability,,0.36579563261423165,
HSBC Flexi Cap Fund,2025-10-01,2025-11-01,,-1.147941,0.996498,-2.144439,36.0,81,8,LightGBM,lgbm_probability,,0.678039398023412,
HSBC Focused Fund,2025-10-01,2025-11-01,,0.598939,0.996498,-0.397559,22.0,81,5,LightGBM,lgbm_probability,,0.7937751719132001,
HSBC Tax Saver Equity Fund,2025-10-01,2025-11-01,,-0.537712,0.996498,-1.53421,43.0,81,10,LightGBM,lgbm_probability,,0.59255146139007,
ICICI Prudential Business Cycle Fund,2025-10-01,2025-11-01,,0.550257,0.996498,-0.446241,60.0,81,14,LightGBM,lgbm_probability,,0.34878802753899324,
ICICI Prudential Dividend Yield Equity Fund,2025-10-01,2025-11-01,,-0.032368,0.996498,-1.028866,29.0,81,6,LightGBM,lgbm_probability,,0.7365218857254647,
ICICI Prudential ELSS Tax Saver Fund,2025-10-01,2025-11-01,,-0.145126,0.996498,-1.141624,8.0,81,1,LightGBM,lgbm_probability,,0.8986745657179107,
ICICI Prudential India Opportunities Fund,2025-10-01,2025-11-01,,0.808031,0.996498,-0.188467,13.0,81,2,LightGBM,lgbm_probability,,0.852392638559152,
ICICI Prudential Value Fund,2025-10-01,2025-11-01,,1.448954,0.996498,0.452456,23.0,81,5,LightGBM,lgbm_probability,,0.7743004031178705,
ITI ELSS Tax Saver Fund,2025-10-01,2025-11-01,,-1.498191,0.996498,-2.494689,70.0,81,17,LightGBM,lgbm_probability,,0.215497003731113,
ITI Value Fund,2025-10-01,2025-11-01,,0.334082,0.996498,-0.662416,39.0,81,9,LightGBM,lgbm_probability,,0.6328319116244435,
Kotak Contra Fund,2025-10-01,2025-11-01,,0.019459,0.996498,-0.977039,2.0,81,0,LightGBM,lgbm_probability,,0.9424449555535607,
Kotak ELSS Tax Saver Fund,2025-10-01,2025-11-01,,0.034485,0.996498,-0.962013,5.0,81,0,LightGBM,lgbm_probability,,0.9132901690576565,
Kotak Flexi Cap Fund,2025-10-01,2025-11-01,,0.134333,0.996498,-0.862165,57.0,81,13,LightGBM,lgbm_probability,,0.3640064384329178,
Kotak Focused Fund,2025-10-01,2025-11-01,,0.55813,0.996498,-0.438368,1.0,81,0,LightGBM,lgbm_probability,,0.9730240400794884,
LIC MF Dividend Yield Fund,2025-10-01,2025-11-01,,-0.971298,0.996498,-1.967796,63.0,81,15,LightGBM,lgbm_probability,,0.317157586360199,
LIC MF ELSS Tax Saver,2025-10-01,2025-11-01,,-0.935491,0.996498,-1.931989,69.0,81,16,LightGBM,lgbm_probability,,0.2697242657634588,
LIC MF Flexi Cap Fund,2025-10-01,2025-11-01,,-0.280365,0.996498,-1.276863,72.0,81,17,LightGBM,lgbm_probability,,0.19433788954817124,
LIC MF Focused Fund,2025-10-01,2025-11-01,,-1.697854,0.996498,-2.694352,46.0,81,11,LightGBM,lgbm_probability,,0.5481052508730718,
LIC MF Value Fund,2025-10-01,2025-11-01,,1.252646,0.996498,0.256148,12.0,81,2,LightGBM,lgbm_probability,,0.8541765478081438,
Mahindra Manulife ELSS Tax Saver Fund,2025-10-01,2025-11-01,,0.528946,0.996498,-0.467552,71.0,81,17,LightGBM,lgbm_probability,,0.19958219014789927,
Mahindra Manulife Flexi Cap Fund,2025-10-01,2025-11-01,,0.504372,0.996498,-0.492126,75.0,81,18,LightGBM,lgbm_probability,,0.1813249356151914,
Mahindra Manulife Focused Fund,2025-10-01,2025-11-01,,-0.170218,0.996498,-1.166716,42.0,81,10,LightGBM,lgbm_probability,,0.6057959685625545,
Mirae Asset ELSS Tax Saver Fund,2025-10-01,2025-11-01,,-0.092815,0.996498,-1.089313,68.0,81,16,LightGBM,lgbm_probability,,0.2809950876372968,
Mirae Asset Focused Fund,2025-10-01,2025-11-01,,-1.096241,0.996498,-2.092739,34.0,81,8,LightGBM,lgbm_probability,,0.6959753995806908,
Motilal Oswal ELSS Tax Saver Fund,2025-10-01,2025-11-01,,-2.553751,0.996498,-3.550249,52.0,81,12,LightGBM,lgbm_probability,,0.4157158994910432,
Motilal Oswal Flexi Cap Fund,2025-10-01,2025-11-01,,-1.265599,0.996498,-2.262097,65.0,81,15,LightGBM,lgbm_probability,,0.30931043736569885,
Motilal Oswal Focused Fund,2025-10-01,2025-11-01,,-0.346109,0.996498,-1.342607,81.0,81,19,LightGBM,lgbm_probability,,0.00932716201821739,
Navi Flexi Cap Fund,2025-10-01,2025-11-01,,0.662427,0.996498,-0.334071,31.0,81,7,LightGBM,lgbm_probability,,0.7188647412273657,
Nippon India ELSS Tax Saver Fund,2025-10-01,2025-11-01,,-0.542994,0.996498,-1.539492,21.0,81,4,LightGBM,lgbm_probability,,0.7939034477920782,
Nippon India Flexi Cap Fund,2025-10-01,2025-11-01,,-0.926996,0.996498,-1.923494,19.0,81,4,LightGBM,lgbm_probability,,0.8013143747029005,
Nippon India Value Fund,2025-10-01,2025-11-01,,-0.359742,0.996498,-1.35624,33.0,81,7,LightGBM,lgbm_probability,,0.7006379108994392,
Parag Parikh ELSS Tax Saver Fund,2025-10-01,2025-11-01,,-1.274815,0.996498,-2.271313,4.0,81,0,LightGBM,lgbm_probability,,0.9196528527640548,
Parag Parikh Flexi Cap Fund,2025-10-01,2025-11-01,,-0.659295,0.996498,-1.655793,53.0,81,12,LightGBM,lgbm_probability,,0.40469105477623485,
PGIM India ELSS Tax Saver Fund,2025-10-01,2025-11-01,,-0.267705,0.996498,-1.264203,48.0,81,11,LightGBM,lgbm_probability,,0.5382450123510001,
PGIM India Flexi Cap Fund,2025-10-01,2025-11-01,,-0.521424,0.996498,-1.517922,51.0,81,12,LightGBM,lgbm_probability,,0.4189780217908002,
Quant ELSS Tax Saver Fund,2025-10-01,2025-11-01,,-0.513725,0.996498,-1.510223,16.0,81,3,LightGBM,lgbm_probability,,0.825089769001764,
Quant Flexi Cap Fund,2025-10-01,2025-11-01,,0.055666,0.996498,-0.940832,47.0,81,11,LightGBM,lgbm_probability,,0.5437357654522244,
Quant Focused Fund,2025-10-01,2025-11-01,,-1.926096,0.996498,-2.922594,32.0,81,7,LightGBM,lgbm_probability,,0.7058758774634378,
Shriram ELSS Tax Saver Fund,2025-10-01,2025-11-01,,0.333122,0.996498,-0.663376,74.0,81,18,LightGBM,lgbm_probability,,0.18269200040598166,
Shriram Flexi Cap Fund,2025-10-01,2025-11-01,,0.333295,0.996498,-0.663203,77.0,81,18,LightGBM,lgbm_probability,,0.17496830870517052,
Sundaram Dividend Yield Fund,2025-10-01,2025-11-01,,0.014557,0.996498,-0.981941,49.0,81,11,LightGBM,lgbm_probability,,0.44719907733414827,
Sundaram ELSS Tax Saver Fund,2025-10-01,2025-11-01,,0.20528,0.996498,-0.791218,17.0,81,3,LightGBM,lgbm_probability,,0.8081078062604862,
Sundaram Focused Fund,2025-10-01,2025-11-01,,-0.311329,0.996498,-1.307827,78.0,81,19,LightGBM,lgbm_probability,,0.14189849270753926,
Sundaram Value Fund,2025-10-01,2025-11-01,,0.08461,0.996498,-0.911888,41.0,81,9,LightGBM,lgbm_probability,,0.6197461014469933,
Tata Business Cycle Fund,2025-10-01,2025-11-01,,-1.046159,0.996498,-2.042657,26.0,81,6,LightGBM,lgbm_probability,,0.7485722416412042,
Tata Dividend Yield Fund,2025-10-01,2025-11-01,,0.433565,0.996498,-0.562933,37.0,81,8,LightGBM,lgbm_probability,,0.6677330079385423,
Tata ELSS Fund,2025-10-01,2025-11-01,,0.96081,0.996498,-0.035688,80.0,81,19,LightGBM,lgbm_probability,,0.011019524150757073,
Tata Flexi Cap Fund,2025-10-01,2025-11-01,,-0.599422,0.996498,-1.59592,9.0,81,1,LightGBM,lgbm_probability,,0.8976382652297923,
Tata Focused Fund,2025-10-01,2025-11-01,,-0.075896,0.996498,-1.072394,7.0,81,1,LightGBM,lgbm_probability,,0.9003036876331808,
Tata Value Fund,2025-10-01,2025-11-01,,0.949455,0.996498,-0.047043,55.0,81,13,LightGBM,lgbm_probability,,0.39617409151186933,
UTI Dividend Yield Fund,2025-10-01,2025-11-01,,-0.078471,0.996498,-1.074969,50.0,81,12,LightGBM,lgbm_probability,,0.434439788144835,
UTI ELSS Tax Saver Fund,2025-10-01,2025-11-01,,-0.504879,0.996498,-1.501377,25.0,81,5,LightGBM,lgbm_probability,,0.7618880074813729,
UTI Flexi Cap Fund,2025-10-01,2025-11-01,,-1.31449,0.996498,-2.310988,61.0,81,14,LightGBM,lgbm_probability,,0.33620165819656,
UTI Focused Fund,2025-10-01,2025-11-01,,-0.553406,0.996498,-1.549904,15.0,81,3,LightGBM,lgbm_probability,,0.8448720781587927,
UTI Value Fund,2025-10-01,2025-11-01,,-0.294882,0.996498,-1.29138,45.0,81,10,LightGBM,lgbm_probability,,0.5617620219621223,
Aditya Birla Sun Life Dividend Yield Fund,2025-11-01,2025-12-01,,0.875295,-0.257308,1.132603,72.0,81,17,LightGBM,lgbm_probability,,0.11038533629319834,
Aditya Birla Sun Life ELSS Tax Saver Fund,2025-11-01,2025-12-01,,-1.006521,-0.257308,-0.749213,10.0,81,2,LightGBM,lgbm_probability,,0.7501357049173858,
Aditya Birla Sun Life Flexi Cap Fund,2025-11-01,2025-12-01,,0.448899,-0.257308,0.706207,43.0,81,10,LightGBM,lgbm_probability,,0.412673905017065,
Aditya Birla Sun Life Focused Fund,2025-11-01,2025-12-01,,0.443551,-0.257308,0.700859,12.0,81,2,LightGBM,lgbm_probability,,0.7189141914729077,
Aditya Birla Sun Life Value Fund,2025-11-01,2025-12-01,,0.600421,-0.257308,0.857729,65.0,81,15,LightGBM,lgbm_probability,,0.22253440057114354,
Axis ELSS Tax Saver Fund,2025-11-01,2025-12-01,,-1.249233,-0.257308,-0.991925,55.0,81,13,LightGBM,lgbm_probability,,0.3139575078349603,
Axis Flexi Cap Fund,2025-11-01,2025-12-01,,-1.996672,-0.257308,-1.739364,70.0,81,17,LightGBM,lgbm_probability,,0.16159409975736705,
Axis Focused Fund,2025-11-01,2025-12-01,,-2.444685,-0.257308,-2.187377,30.0,81,7,LightGBM,lgbm_probability,,0.5178664933111606,
Axis Innovation Fund,2025-11-01,2025-12-01,,-1.074219,-0.257308,-0.816911,60.0,81,14,LightGBM,lgbm_probability,,0.2892162783553795,
Baroda BNP Paribas ELSS Tax Saver Fund,2025-11-01,2025-12-01,,-0.718519,-0.257308,-0.461211,64.0,81,15,LightGBM,lgbm_probability,,0.2247307827420045,
Baroda BNP Paribas Focused Fund,2025-11-01,2025-12-01,,-0.7412,-0.257308,-0.483892,3.0,81,0,LightGBM,lgbm_probability,,0.8902705831994389,
DSP ELSS Tax Saver Fund,2025-11-01,2025-12-01,,0.721761,-0.257308,0.979069,33.0,81,7,LightGBM,lgbm_probability,,0.5086831213910454,
DSP Flexi Cap Fund,2025-11-01,2025-12-01,,-0.038401,-0.257308,0.218907,54.0,81,13,LightGBM,lgbm_probability,,0.32673587773611384,
DSP Focused Fund,2025-11-01,2025-12-01,,-0.243902,-0.257308,0.013406,25.0,81,5,LightGBM,lgbm_probability,,0.5881628731533505,
DSP Value Fund,2025-11-01,2025-12-01,,1.323691,-0.257308,1.580999,14.0,81,3,LightGBM,lgbm_probability,,0.6994121569066076,
Edelweiss ELSS Tax saver Fund,2025-11-01,2025-12-01,,0.014472,-0.257308,0.27178,42.0,81,10,LightGBM,lgbm_probability,,0.42685759023088754,
Edelweiss Flexi Cap Fund,2025-11-01,2025-12-01,,0.563087,-0.257308,0.820395,51.0,81,12,LightGBM,lgbm_probability,,0.3442761086332076,
Franklin India ELSS Tax Saver Fund,2025-11-01,2025-12-01,,-0.978379,-0.257308,-0.721071,39.0,81,9,LightGBM,lgbm_probability,,0.45906131623780944,
Franklin India Flexi Cap Fund,2025-11-01,2025-12-01,,-0.818623,-0.257308,-0.561315,5.0,81,0,LightGBM,lgbm_probability,,0.8562849244926306,
Franklin India Focused Equity Fund,2025-11-01,2025-12-01,,-0.94424,-0.257308,-0.686932,31.0,81,7,LightGBM,lgbm_probability,,0.5174252096251942,
Franklin India Opportunities Fund,2025-11-01,2025-12-01,,-0.816971,-0.257308,-0.559663,41.0,81,9,LightGBM,lgbm_probability,,0.4357555765367422,
HDFC Dividend Yield Fund,2025-11-01,2025-12-01,,-0.418594,-0.257308,-0.161286,53.0,81,12,LightGBM,lgbm_probability,,0.329685890103787,
HDFC ELSS Tax saver,2025-11-01,2025-12-01,,-0.476055,-0.257308,-0.218747,8.0,81,1,LightGBM,lgbm_probability,,0.8079099743996907,
HDFC Flexi Cap Fund,2025-11-01,2025-12-01,,-0.441986,-0.257308,-0.184678,20.0,81,4,LightGBM,lgbm_probability,,0.6580818121252625,
HDFC Focused Fund,2025-11-01,2025-12-01,,-0.513616,-0.257308,-0.256308,4.0,81,0,LightGBM,lgbm_probability,,0.8864257566926846,
HDFC Value Fund,2025-11-01,2025-12-01,,-0.069914,-0.257308,0.187394,66.0,81,16,LightGBM,lgbm_probability,,0.2119239470889372,
HSBC Flexi Cap Fund,2025-11-01,2025-12-01,,-0.722643,-0.257308,-0.465335,37.0,81,8,LightGBM,lgbm_probability,,0.4694949687856716,
HSBC Focused Fund,2025-11-01,2025-12-01,,0.996909,-0.257308,1.254217,16.0,81,3,LightGBM,lgbm_probability,,0.6939669049782318,
HSBC Tax Saver Equity Fund,2025-11-01,2025-12-01,,-0.743702,-0.257308,-0.486394,36.0,81,8,LightGBM,lgbm_probability,,0.4724411417359088,
ICICI Prudential Business Cycle Fund,2025-11-01,2025-12-01,,-0.619082,-0.257308,-0.361774,71.0,81,17,LightGBM,lgbm_probability,,0.12483726147583887,
ICICI Prudential Dividend Yield Equity Fund,2025-11-01,2025-12-01,,-0.46918,-0.257308,-0.211872,62.0,81,15,LightGBM,lgbm_probability,,0.2669535432541603,
ICICI Prudential ELSS Tax Saver Fund,2025-11-01,2025-12-01,,-1.015928,-0.257308,-0.75862,1.0,81,0,LightGBM,lgbm_probability,,0.9159440917670676,
ICICI Prudential India Opportunities Fund,2025-11-01,2025-12-01,,0.24266,-0.257308,0.499968,15.0,81,3,LightGBM,lgbm_probability,,0.6958621046026983,
ICICI Prudential Value Fund,2025-11-01,2025-12-01,,0.218962,-0.257308,0.47627,47.0,81,11,LightGBM,lgbm_probability,,0.3820408218297469,
ITI ELSS Tax Saver Fund,2025-11-01,2025-12-01,,-0.870535,-0.257308,-0.613227,24.0,81,5,LightGBM,lgbm_probability,,0.6129720470704373,
ITI Value Fund,2025-11-01,2025-12-01,,1.058074,-0.257308,1.315382,61.0,81,14,LightGBM,lgbm_probability,,0.27643400277351826,
Kotak Contra Fund,2025-11-01,2025-12-01,,0.61292,-0.257308,0.870228,11.0,81,2,LightGBM,lgbm_probability,,0.7377366509125689,
Kotak ELSS Tax Saver Fund,2025-11-01,2025-12-01,,-0.590431,-0.257308,-0.333123,7.0,81,1,LightGBM,lgbm_probability,,0.8194605162087132,
Kotak Flexi Cap Fund,2025-11-01,2025-12-01,,-0.574098,-0.257308,-0.31679,32.0,81,7,LightGBM,lgbm_probability,,0.5129741622358981,
Kotak Focused Fund,2025-11-01,2025-12-01,,0.643076,-0.257308,0.900384,48.0,81,11,LightGBM,lgbm_probability,,0.38102740097257376,
LIC MF Dividend Yield Fund,2025-11-01,2025-12-01,,-0.847703,-0.257308,-0.590395,9.0,81,1,LightGBM,lgbm_probability,,0.7835209319562917,
LIC MF ELSS Tax Saver,2025-11-01,2025-12-01,,0.012206,-0.257308,0.269514,59.0,81,14,LightGBM,lgbm_probability,,0.2954809055716508,
LIC MF Flexi Cap Fund,2025-11-01,2025-12-01,,-0.850554,-0.257308,-0.593246,52.0,81,12,LightGBM,lgbm_probability,,0.3402822713893697,
LIC MF Focused Fund,2025-11-01,2025-12-01,,0.399745,-0.257308,0.657053,6.0,81,1,LightGBM,lgbm_probability,,0.835986030851897,
LIC MF Value Fund,2025-11-01,2025-12-01,,-1.769481,-0.257308,-1.512173,19.0,81,4,LightGBM,lgbm_probability,,0.6612783065493486,
Mahindra Manulife ELSS Tax Saver Fund,2025-11-01,2025-12-01,,-0.27296,-0.257308,-0.015652,46.0,81,11,LightGBM,lgbm_probability,,0.39193971622255913,
Mahindra Manulife Flexi Cap Fund,2025-11-01,2025-12-01,,-0.429738,-0.257308,-0.17243,45.0,81,10,LightGBM,lgbm_probability,,0.4010195551940277,
Mahindra Manulife Focused Fund,2025-11-01,2025-12-01,,-0.06558,-0.257308,0.191728,34.0,81,8,LightGBM,lgbm_probability,,0.4862068699381381,
Mirae Asset ELSS Tax Saver Fund,2025-11-01,2025-12-01,,0.250034,-0.257308,0.507342,77.0,81,18,LightGBM,lgbm_probability,,0.06976060319127375,
Mirae Asset Focused Fund,2025-11-01,2025-12-01,,-0.514004,-0.257308,-0.256696,63.0,81,15,LightGBM,lgbm_probability,,0.2618085892092172,
Motilal Oswal ELSS Tax Saver Fund,2025-11-01,2025-12-01,,-2.384463,-0.257308,-2.127155,38.0,81,9,LightGBM,lgbm_probability,,0.4668850906459735,
Motilal Oswal Flexi Cap Fund,2025-11-01,2025-12-01,,-3.170298,-0.257308,-2.91299,67.0,81,16,LightGBM,lgbm_probability,,0.21038345431531502,
Motilal Oswal Focused Fund,2025-11-01,2025-12-01,,-0.208017,-0.257308,0.049291,80.0,81,19,LightGBM,lgbm_probability,,0.03737788462400372,
Navi Flexi Cap Fund,2025-11-01,2025-12-01,,-0.245595,-0.257308,0.011713,76.0,81,18,LightGBM,lgbm_probability,,0.0756013787294599,
Nippon India ELSS Tax Saver Fund,2025-11-01,2025-12-01,,-1.203181,-0.257308,-0.945873,21.0,81,4,LightGBM,lgbm_probability,,0.6457488170617095,
Nippon India Flexi Cap Fund,2025-11-01,2025-12-01,,-0.517432,-0.257308,-0.260124,26.0,81,6,LightGBM,lgbm_probability,,0.5817022583109666,
Nippon India Value Fund,2025-11-01,2025-12-01,,-0.685983,-0.257308,-0.428675,40.0,81,9,LightGBM,lgbm_probability,,0.43846230843222445,
Parag Parikh ELSS Tax Saver Fund,2025-11-01,2025-12-01,,0.007526,-0.257308,0.264834,56.0,81,13,LightGBM,lgbm_probability,,0.31014088475690865,
Parag Parikh Flexi Cap Fund,2025-11-01,2025-12-01,,0.243417,-0.257308,0.500725,49.0,81,11,LightGBM,lgbm_probability,,0.3746380145509294,
PGIM India ELSS Tax Saver Fund,2025-11-01,2025-12-01,,-1.4174,-0.257308,-1.160092,68.0,81,16,LightGBM,lgbm_probability,,0.17803514136745247,
PGIM India Flexi Cap Fund,2025-11-01,2025-12-01,,-1.367366,-0.257308,-1.110058,28.0,81,6,LightGBM,lgbm_probability,,0.5484797604720059,
Quant ELSS Tax Saver Fund,2025-11-01,2025-12-01,,-0.744707,-0.257308,-0.487399,22.0,81,5,LightGBM,lgbm_probability,,0.6417100645783097,
Quant Flexi Cap Fund,2025-11-01,2025-12-01,,-0.763537,-0.257308,-0.506229,35.0,81,8,LightGBM,lgbm_probability,,0.477772744000426,
Quant Focused Fund,2025-11-01,2025-12-01,,-0.601642,-0.257308,-0.344334,50.0,81,12,LightGBM,lgbm_probability,,0.35015388815098936,
Shriram ELSS Tax Saver Fund,2025-11-01,2025-12-01,,-0.508466,-0.257308,-0.251158,74.0,81,18,LightGBM,lgbm_probability,,0.095603724546493,
Shriram Flexi Cap Fund,2025-11-01,2025-12-01,,-0.539523,-0.257308,-0.282215,73.0,81,17,LightGBM,lgbm_probability,,0.10040726775427838,
Sundaram Dividend Yield Fund,2025-11-01,2025-12-01,,0.114626,-0.257308,0.371934,29.0,81,6,LightGBM,lgbm_probability,,0.5309783092534875,
Sundaram ELSS Tax Saver Fund,2025-11-01,2025-12-01,,0.090844,-0.257308,0.348152,44.0,81,10,LightGBM,lgbm_probability,,0.40959161019314305,
Sundaram Focused Fund,2025-11-01,2025-12-01,,0.380988,-0.257308,0.638296,69.0,81,16,LightGBM,lgbm_probability,,0.16489047226512066,
Sundaram Value Fund,2025-11-01,2025-12-01,,0.544504,-0.257308,0.801812,58.0,81,14,LightGBM,lgbm_probability,,0.2976852580342606,
Tata Business Cycle Fund,2025-11-01,2025-12-01,,-0.385275,-0.257308,-0.127967,2.0,81,0,LightGBM,lgbm_probability,,0.9123045725850949,
Tata Dividend Yield Fund,2025-11-01,2025-12-01,,0.271851,-0.257308,0.529159,75.0,81,18,LightGBM,lgbm_probability,,0.08564095388323467,
Tata ELSS Fund,2025-11-01,2025-12-01,,-0.153249,-0.257308,0.104059,81.0,81,19,LightGBM,lgbm_probability,,0.00404212065439533,
Tata Flexi Cap Fund,2025-11-01,2025-12-01,,0.319714,-0.257308,0.577022,17.0,81,3,LightGBM,lgbm_probability,,0.6933868529901832,
Tata Focused Fund,2025-11-01,2025-12-01,,-0.690823,-0.257308,-0.433515,79.0,81,19,LightGBM,lgbm_probability,,0.043686408600646404,
Tata Value Fund,2025-11-01,2025-12-01,,0.451082,-0.257308,0.70839,18.0,81,4,LightGBM,lgbm_probability,,0.6695609659952374,
UTI Dividend Yield Fund,2025-11-01,2025-12-01,,0.468304,-0.257308,0.725612,13.0,81,2,LightGBM,lgbm_probability,,0.7118927855939943,
UTI ELSS Tax Saver Fund,2025-11-01,2025-12-01,,0.052909,-0.257308,0.310217,57.0,81,13,LightGBM,lgbm_probability,,0.3099025998205698,
UTI Flexi Cap Fund,2025-11-01,2025-12-01,,-2.017164,-0.257308,-1.759856,78.0,81,19,LightGBM,lgbm_probability,,0.05956999975706772,
UTI Focused Fund,2025-11-01,2025-12-01,,-0.474165,-0.257308,-0.216857,27.0,81,6,LightGBM,lgbm_probability,,0.5727259777988145,
UTI Value Fund,2025-11-01,2025-12-01,,0.429924,-0.257308,0.687232,23.0,81,5,LightGBM,lgbm_probability,,0.6311565200202665,
Aditya Birla Sun Life Dividend Yield Fund,2025-12-01,2026-01-01,,1.245475,-3.273242,4.518717,9.0,85,1,LightGBM,lgbm_probability,,0.7098416552393195,
Aditya Birla Sun Life ELSS Tax Saver Fund,2025-12-01,2026-01-01,,-1.933267,-3.273242,1.339975,17.0,85,3,LightGBM,lgbm_probability,,0.6409273760347957,
Aditya Birla Sun Life Flexi Cap Fund,2025-12-01,2026-01-01,,-2.968614,-3.273242,0.304628,25.0,85,5,LightGBM,lgbm_probability,,0.5844819278854396,
Aditya Birla Sun Life Focused Fund,2025-12-01,2026-01-01,,-1.492715,-3.273242,1.780527,56.0,85,12,LightGBM,lgbm_probability,,0.29978682440258325,
Aditya Birla Sun Life Value Fund,2025-12-01,2026-01-01,,-2.418382,-3.273242,0.85486,16.0,85,3,LightGBM,lgbm_probability,,0.6413724635556974,
Axis ELSS Tax Saver Fund,2025-12-01,2026-01-01,,-3.041023,-3.273242,0.232219,55.0,85,12,LightGBM,lgbm_probability,,0.3091330565227864,
Axis Flexi Cap Fund,2025-12-01,2026-01-01,,-2.67434,-3.273242,0.598902,2.0,85,0,LightGBM,lgbm_probability,,0.909152819802691,
Axis Focused Fund,2025-12-01,2026-01-01,,-3.766419,-3.273242,-0.493177,18.0,85,4,LightGBM,lgbm_probability,,0.635192908963295,
Axis Innovation Fund,2025-12-01,2026-01-01,,-3.656126,-3.273242,-0.382884,51.0,85,11,LightGBM,lgbm_probability,,0.3209585434609935,
Baroda BNP Paribas ELSS Tax Saver Fund,2025-12-01,2026-01-01,,-2.727373,-3.273242,0.545869,70.0,85,16,LightGBM,lgbm_probability,,0.16410910381016122,
Baroda BNP Paribas Focused Fund,2025-12-01,2026-01-01,,-4.319112,-3.273242,-1.04587,73.0,85,16,LightGBM,lgbm_probability,,0.14965747098581636,
DSP ELSS Tax Saver Fund,2025-12-01,2026-01-01,,-1.944057,-3.273242,1.329185,45.0,85,10,LightGBM,lgbm_probability,,0.34618139077220045,
DSP Flexi Cap Fund,2025-12-01,2026-01-01,,-2.753139,-3.273242,0.520103,75.0,85,17,LightGBM,lgbm_probability,,0.14105284062897394,
DSP Focused Fund,2025-12-01,2026-01-01,,-2.584701,-3.273242,0.688541,54.0,85,12,LightGBM,lgbm_probability,,0.31430726335644615,
DSP Value Fund,2025-12-01,2026-01-01,,0.847281,-3.273242,4.120523,44.0,85,10,LightGBM,lgbm_probability,,0.34829501322351,
Edelweiss ELSS Tax saver Fund,2025-12-01,2026-01-01,,-2.365794,-3.273242,0.907448,14.0,85,3,LightGBM,lgbm_probability,,0.6472785889605768,
Edelweiss Flexi Cap Fund,2025-12-01,2026-01-01,,-1.936081,-3.273242,1.337161,10.0,85,2,LightGBM,lgbm_probability,,0.6791798127209686,
Franklin India ELSS Tax Saver Fund,2025-12-01,2026-01-01,,-2.751835,-3.273242,0.521407,8.0,85,1,LightGBM,lgbm_probability,,0.7194083112935801,
Franklin India Flexi Cap Fund,2025-12-01,2026-01-01,,-2.490162,-3.273242,0.78308,48.0,85,11,LightGBM,lgbm_probability,,0.3317430098520383,
Franklin India Focused Equity Fund,2025-12-01,2026-01-01,,-2.921789,-3.273242,0.351453,22.0,85,4,LightGBM,lgbm_probability,,0.5959693271727913,
Franklin India Opportunities Fund,2025-12-01,2026-01-01,,-2.718802,-3.273242,0.55444,21.0,85,4,LightGBM,lgbm_probability,,0.5970410149010126,
HDFC Dividend Yield Fund,2025-12-01,2026-01-01,,-2.824484,-3.273242,0.448758,69.0,85,16,LightGBM,lgbm_probability,,0.18503455054657017,
HDFC ELSS Tax saver,2025-12-01,2026-01-01,,-2.297385,-3.273242,0.975857,42.0,85,9,LightGBM,lgbm_probability,,0.36080468704912255,
HDFC Flexi Cap Fund,2025-12-01,2026-01-01,,-1.269667,-3.273242,2.003575,76.0,85,17,LightGBM,lgbm_probability,,0.11057615237445167,
HDFC Focused Fund,2025-12-01,2026-01-01,,-1.894084,-3.273242,1.379158,63.0,85,14,LightGBM,lgbm_probability,,0.24789608980474478,
HDFC Value Fund,2025-12-01,2026-01-01,,-2.075634,-3.273242,1.197608,35.0,85,8,LightGBM,lgbm_probability,,0.4591413354601546,
HSBC Business Cycles Fund,2025-12-01,2026-01-01,,-4.150956,-3.273242,-0.877714,1.0,85,0,LightGBM,lgbm_probability,,0.9641928783984105,
HSBC ELSS Tax saver Fund,2025-12-01,2026-01-01,,-3.033578,-3.273242,0.239664,4.0,85,0,LightGBM,lgbm_probability,,0.853828904567367,
HSBC Flexi Cap Fund,2025-12-01,2026-01-01,,-2.871356,-3.273242,0.401886,13.0,85,2,LightGBM,lgbm_probability,,0.6475689629663539,
HSBC Focused Fund,2025-12-01,2026-01-01,,-2.772649,-3.273242,0.500593,41.0,85,9,LightGBM,lgbm_probability,,0.37108509381431015,
HSBC Tax Saver Equity Fund,2025-12-01,2026-01-01,,-6.151567,-3.273242,-2.878325,28.0,85,6,LightGBM,lgbm_probability,,0.55695609295721,
HSBC Value Fund,2025-12-01,2026-01-01,,-1.561298,-3.273242,1.711944,23.0,85,5,LightGBM,lgbm_probability,,0.5936295876179126,
ICICI Prudential Business Cycle Fund,2025-12-01,2026-01-01,,-2.345181,-3.273242,0.928061,26.0,85,5,LightGBM,lgbm_probability,,0.5616915137932522,
ICICI Prudential Dividend Yield Equity Fund,2025-12-01,2026-01-01,,-1.674252,-3.273242,1.59899,30.0,85,6,LightGBM,lgbm_probability,,0.5490940039348539,
ICICI Prudential ELSS Tax Saver Fund,2025-12-01,2026-01-01,,-3.292927,-3.273242,-0.019685,36.0,85,8,LightGBM,lgbm_probability,,0.4506351152401709,
ICICI Prudential India Opportunities Fund,2025-12-01,2026-01-01,,-1.258775,-3.273242,2.014467,39.0,85,8,LightGBM,lgbm_probability,,0.40091952708475104,
ICICI Prudential Value Fund,2025-12-01,2026-01-01,,-2.559901,-3.273242,0.713341,31.0,85,7,LightGBM,lgbm_probability,,0.5322471299500741,
ITI ELSS Tax Saver Fund,2025-12-01,2026-01-01,,-6.064342,-3.273242,-2.7911,6.0,85,1,LightGBM,lgbm_probability,,0.7825408457279287,
ITI Value Fund,2025-12-01,2026-01-01,,-2.782515,-3.273242,0.490727,80.0,85,18,LightGBM,lgbm_probability,,0.05797327516707417,
Kotak Contra Fund,2025-12-01,2026-01-01,,-2.366371,-3.273242,0.906871,24.0,85,5,LightGBM,lgbm_probability,,0.5884535376249718,
Kotak ELSS Tax Saver Fund,2025-12-01,2026-01-01,,-2.052376,-3.273242,1.220866,29.0,85,6,LightGBM,lgbm_probability,,0.554433126281106,
Kotak Flexi Cap Fund,2025-12-01,2026-01-01,,-0.401855,-3.273242,2.871387,74.0,85,17,LightGBM,lgbm_probability,,0.14552900138526503,
Kotak Focused Fund,2025-12-01,2026-01-01,,-1.187609,-3.273242,2.085633,83.0,85,19,LightGBM,lgbm_probability,,0.028635582296263697,
LIC MF Dividend Yield Fund,2025-12-01,2026-01-01,,-3.964291,-3.273242,-0.691049,12.0,85,2,LightGBM,lgbm_probability,,0.6544727406293755,
LIC MF ELSS Tax Saver,2025-12-01,2026-01-01,,-3.502648,-3.273242,-0.229406,33.0,85,7,LightGBM,lgbm_probability,,0.519027988901655,
LIC MF Flexi Cap Fund,2025-12-01,2026-01-01,,-4.295341,-3.273242,-1.022099,49.0,85,11,LightGBM,lgbm_probability,,0.3273818636114763,
LIC MF Focused Fund,2025-12-01,2026-01-01,,-5.09452,-3.273242,-1.821278,19.0,85,4,LightGBM,lgbm_probability,,0.6200362244204992,
LIC MF Value Fund,2025-12-01,2026-01-01,,-2.469631,-3.273242,0.803611,84.0,85,19,LightGBM,lgbm_probability,,0.027267982799441585,
Mahindra Manulife ELSS Tax Saver Fund,2025-12-01,2026-01-01,,-3.154434,-3.273242,0.118808,61.0,85,14,LightGBM,lgbm_probability,,0.2554343187753365,
Mahindra Manulife Flexi Cap Fund,2025-12-01,2026-01-01,,-3.080662,-3.273242,0.19258,68.0,85,15,LightGBM,lgbm_probability,,0.1864696832133921,
Mahindra Manulife Focused Fund,2025-12-01,2026-01-01,,-1.030986,-3.273242,2.242256,59.0,85,13,LightGBM,lgbm_probability,,0.2704301075365491,
Mirae Asset ELSS Tax Saver Fund,2025-12-01,2026-01-01,,-3.476272,-3.273242,-0.20303,38.0,85,8,LightGBM,lgbm_probability,,0.401720366440101,
Mirae Asset Focused Fund,2025-12-01,2026-01-01,,-5.6938,-3.273242,-2.420558,77.0,85,17,LightGBM,lgbm_probability,,0.07733218043785438,
Motilal Oswal ELSS Tax Saver Fund,2025-12-01,2026-01-01,,-3.672223,-3.273242,-0.398981,58.0,85,13,LightGBM,lgbm_probability,,0.27350851285718836,
Motilal Oswal Flexi Cap Fund,2025-12-01,2026-01-01,,-4.562469,-3.273242,-1.289227,64.0,85,14,LightGBM,lgbm_probability,,0.2385234906812975,
Motilal Oswal Focused Fund,2025-12-01,2026-01-01,,-3.717558,-3.273242,-0.444316,34.0,85,7,LightGBM,lgbm_probability,,0.46085773630599774,
Navi Flexi Cap Fund,2025-12-01,2026-01-01,,-3.643171,-3.273242,-0.369929,79.0,85,18,LightGBM,lgbm_probability,,0.0663241462191327,
Nippon India ELSS Tax Saver Fund,2025-12-01,2026-01-01,,-2.023484,-3.273242,1.249758,20.0,85,4,LightGBM,lgbm_probability,,0.601424852787204,
Nippon India Flexi Cap Fund,2025-12-01,2026-01-01,,-4.065307,-3.273242,-0.792065,62.0,85,14,LightGBM,lgbm_probability,,0.25371618501464877,
Nippon India Value Fund,2025-12-01,2026-01-01,,-2.169738,-3.273242,1.103504,78.0,85,18,LightGBM,lgbm_probability,,0.07059933673946263,
Parag Parikh ELSS Tax Saver Fund,2025-12-01,2026-01-01,,-3.387181,-3.273242,-0.113939,7.0,85,1,LightGBM,lgbm_probability,,0.7690558496171596,
Parag Parikh Flexi Cap Fund,2025-12-01,2026-01-01,,-1.733408,-3.273242,1.539834,3.0,85,0,LightGBM,lgbm_probability,,0.8634728549259801,
PGIM India ELSS Tax Saver Fund,2025-12-01,2026-01-01,,-4.015865,-3.273242,-0.742623,82.0,85,19,LightGBM,lgbm_probability,,0.055629898569650726,
PGIM India Flexi Cap Fund,2025-12-01,2026-01-01,,-3.465804,-3.273242,-0.192562,57.0,85,13,LightGBM,lgbm_probability,,0.2747766672759205,
Quant ELSS Tax Saver Fund,2025-12-01,2026-01-01,,-5.288602,-3.273242,-2.01536,43.0,85,9,LightGBM,lgbm_probability,,0.3581472150099853,
Quant Flexi Cap Fund,2025-12-01,2026-01-01,,-5.294112,-3.273242,-2.02087,53.0,85,12,LightGBM,lgbm_probability,,0.31697386909242603,
Quant Focused Fund,2025-12-01,2026-01-01,,-4.184327,-3.273242,-0.911085,11.0,85,2,LightGBM,lgbm_probability,,0.6702495319534403,
Quant Value Fund,2025-12-01,2026-01-01,,-5.237872,-3.273242,-1.96463,5.0,85,0,LightGBM,lgbm_probability,,0.8274516071108122,
Shriram ELSS Tax Saver Fund,2025-12-01,2026-01-01,,-3.167371,-3.273242,0.105871,27.0,85,6,LightGBM,lgbm_probability,,0.5593691561333599,
Shriram Flexi Cap Fund,2025-12-01,2026-01-01,,-3.178671,-3.273242,0.094571,37.0,85,8,LightGBM,lgbm_probability,,0.444327827481816,
Sundaram Dividend Yield Fund,2025-12-01,2026-01-01,,-1.114532,-3.273242,2.15871,67.0,85,15,LightGBM,lgbm_probability,,0.1899592122826806,
Sundaram ELSS Tax Saver Fund,2025-12-01,2026-01-01,,-3.385803,-3.273242,-0.112561,15.0,85,3,LightGBM,lgbm_probability,,0.643050590777545,
Sundaram Focused Fund,2025-12-01,2026-01-01,,-3.504511,-3.273242,-0.231269,46.0,85,10,LightGBM,lgbm_probability,,0.3412397332225925,
Sundaram Value Fund,2025-12-01,2026-01-01,,-3.132766,-3.273242,0.140476,32.0,85,7,LightGBM,lgbm_probability,,0.5233785575316074,
Tata Business Cycle Fund,2025-12-01,2026-01-01,,-3.658567,-3.273242,-0.385325,50.0,85,11,LightGBM,lgbm_probability,,0.3234609179179656,
Tata Dividend Yield Fund,2025-12-01,2026-01-01,,-2.313505,-3.273242,0.959737,81.0,85,18,LightGBM,lgbm_probability,,0.05589229696472127,
Tata ELSS Fund,2025-12-01,2026-01-01,,-3.419167,-3.273242,-0.145925,85.0,85,19,LightGBM,lgbm_probability,,0.0014952041421141507,
Tata Flexi Cap Fund,2025-12-01,2026-01-01,,-3.336799,-3.273242,-0.063557,40.0,85,9,LightGBM,lgbm_probability,,0.3902381484023882,
Tata Focused Fund,2025-12-01,2026-01-01,,-2.838867,-3.273242,0.434375,66.0,85,15,LightGBM,lgbm_probability,,0.20073871174689634,
Tata Value Fund,2025-12-01,2026-01-01,,-2.577982,-3.273242,0.69526,72.0,85,16,LightGBM,lgbm_probability,,0.15262732203626828,
UTI Dividend Yield Fund,2025-12-01,2026-01-01,,-1.288746,-3.273242,1.984496,47.0,85,10,LightGBM,lgbm_probability,,0.33778248475351874,
UTI ELSS Tax Saver Fund,2025-12-01,2026-01-01,,-3.362167,-3.273242,-0.088925,71.0,85,16,LightGBM,lgbm_probability,,0.15928422612556076,
UTI Flexi Cap Fund,2025-12-01,2026-01-01,,-4.759621,-3.273242,-1.486379,52.0,85,12,LightGBM,lgbm_probability,,0.3207372420376827,
UTI Focused Fund,2025-12-01,2026-01-01,,-2.978688,-3.273242,0.294554,60.0,85,13,LightGBM,lgbm_probability,,0.2586193731080226,
UTI Value Fund,2025-12-01,2026-01-01,,-2.980569,-3.273242,0.292673,65.0,85,15,LightGBM,lgbm_probability,,0.21648203976513167,
Axis Flexi Cap Fund,2024-01-01,2024-02-01,,3.476749,1.574078,1.902671,30.0,32,18,Combination,average_probability,,,0.29320231155282356
DSP ELSS Tax Saver Fund,2024-01-01,2024-02-01,,3.724196,1.574078,2.150118,29.0,32,17,Combination,average_probability,,,0.3151792685684112
DSP Flexi Cap Fund,2024-01-01,2024-02-01,,0.885235,1.574078,-0.688843,13.0,32,7,Combination,average_probability,,,0.7980398628644974
Edelweiss ELSS Tax saver Fund,2024-01-01,2024-02-01,,3.105058,1.574078,1.53098,28.0,32,16,Combination,average_probability,,,0.350966629010754
Edelweiss Flexi Cap Fund,2024-01-01,2024-02-01,,3.113537,1.574078,1.539459,26.0,32,15,Combination,average_probability,,,0.4020361112624853
Franklin India ELSS Tax Saver Fund,2024-01-01,2024-02-01,,3.185397,1.574078,1.611319,7.0,32,3,Combination,average_probability,,,0.8314303363754151
Franklin India Flexi Cap Fund,2024-01-01,2024-02-01,,2.999653,1.574078,1.425575,10.0,32,5,Combination,average_probability,,,0.8100604980550888
Franklin India Focused Equity Fund,2024-01-01,2024-02-01,,4.49679,1.574078,2.922712,24.0,32,14,Combination,average_probability,,,0.6743809180873915
Franklin India Opportunities Fund,2024-01-01,2024-02-01,,4.346663,1.574078,2.772585,1.0,32,0,Combination,average_probability,,,0.9281547562700404
HDFC ELSS Tax saver,2024-01-01,2024-02-01,,4.055237,1.574078,2.481159,5.0,32,2,Combination,average_probability,,,0.8412131159216455
HDFC Flexi Cap Fund,2024-01-01,2024-02-01,,4.252392,1.574078,2.678314,11.0,32,6,Combination,average_probability,,,0.8093745656078243
HDFC Focused Fund,2024-01-01,2024-02-01,,4.036855,1.574078,2.462777,22.0,32,13,Combination,average_probability,,,0.6870826152368975
HDFC Value Fund,2024-01-01,2024-02-01,,3.384377,1.574078,1.810299,14.0,32,8,Combination,average_probability,,,0.7939140897179916
HSBC Flexi Cap Fund,2024-01-01,2024-02-01,,4.262429,1.574078,2.688351,27.0,32,16,Combination,average_probability,,,0.39839393752322855
ICICI Prudential ELSS Tax Saver Fund,2024-01-01,2024-02-01,,3.919917,1.574078,2.345839,31.0,32,18,Combination,average_probability,,,0.17495626849667867
ICICI Prudential India Opportunities Fund,2024-01-01,2024-02-01,,3.343363,1.574078,1.769285,20.0,32,11,Combination,average_probability,,,0.7309088494786063
ITI ELSS Tax Saver Fund,2024-01-01,2024-02-01,,2.920871,1.574078,1.346793,3.0,32,1,Combination,average_probability,,,0.8524769747864425
Kotak ELSS Tax Saver Fund,2024-01-01,2024-02-01,,5.421958,1.574078,3.84788,16.0,32,9,Combination,average_probability,,,0.7763691784422914
LIC MF ELSS Tax Saver,2024-01-01,2024-02-01,,3.340626,1.574078,1.766548,12.0,32,6,Combination,average_probability,,,0.8068433167033353
LIC MF Flexi Cap Fund,2024-01-01,2024-02-01,,2.408153,1.574078,0.834075,2.0,32,0,Combination,average_probability,,,0.8533330765120484
Motilal Oswal ELSS Tax Saver Fund,2024-01-01,2024-02-01,,4.861023,1.574078,3.286945,25.0,32,15,Combination,average_probability,,,0.6606426063821231
Motilal Oswal Flexi Cap Fund,2024-01-01,2024-02-01,,3.849571,1.574078,2.275493,9.0,32,5,Combination,average_probability,,,0.8186868225771856
Navi Flexi Cap Fund,2024-01-01,2024-02-01,,2.41256,1.574078,0.838482,18.0,32,10,Combination,average_probability,,,0.7645371823236947
Parag Parikh ELSS Tax Saver Fund,2024-01-01,2024-02-01,,4.29321,1.574078,2.719132,6.0,32,3,Combination,average_probability,,,0.8402020697087701
Parag Parikh Flexi Cap Fund,2024-01-01,2024-02-01,,4.294344,1.574078,2.720266,17.0,32,10,Combination,average_probability,,,0.7735684676943885
PGIM India Flexi Cap Fund,2024-01-01,2024-02-01,,3.532847,1.574078,1.958769,19.0,32,11,Combination,average_probability,,,0.7599664753455619
Shriram ELSS Tax Saver Fund,2024-01-01,2024-02-01,,1.89555,1.574078,0.321472,23.0,32,13,Combination,average_probability,,,0.6805875566329768
Shriram Flexi Cap Fund,2024-01-01,2024-02-01,,2.221846,1.574078,0.647768,8.0,32,4,Combination,average_probability,,,0.8291519107368268
Sundaram ELSS Tax Saver Fund,2024-01-01,2024-02-01,,4.489883,1.574078,2.915805,4.0,32,1,Combination,average_probability,,,0.8469817878573265
UTI ELSS Tax Saver Fund,2024-01-01,2024-02-01,,0.783845,1.574078,-0.790233,21.0,32,12,Combination,average_probability,,,0.6973172684401753
UTI Flexi Cap Fund,2024-01-01,2024-02-01,,1.239782,1.574078,-0.334296,15.0,32,8,Combination,average_probability,,,0.7918531067835547
UTI Value Fund,2024-01-01,2024-02-01,,2.61172,1.574078,1.037642,32.0,32,19,Combination,average_probability,,,0.17181126730255228
Axis Flexi Cap Fund,2024-02-01,2024-03-01,,1.792414,3.2e-05,1.792382,27.0,32,16,Combination,average_probability,,,0.6506779213115305
DSP ELSS Tax Saver Fund,2024-02-01,2024-03-01,,-2.308027,3.2e-05,-2.308059,23.0,32,13,Combination,average_probability,,,0.7148487071091196
DSP Flexi Cap Fund,2024-02-01,2024-03-01,,-0.903344,3.2e-05,-0.903376,20.0,32,11,Combination,average_probability,,,0.7374463577380794
Edelweiss ELSS Tax saver Fund,2024-02-01,2024-03-01,,0.0,3.2e-05,-3.2e-05,19.0,32,11,Combination,average_probability,,,0.7481286427066808
Edelweiss Flexi Cap Fund,2024-02-01,2024-03-01,,0.340023,3.2e-05,0.339991,30.0,32,18,Combination,average_probability,,,0.5853509445785207
Franklin India ELSS Tax Saver Fund,2024-02-01,2024-03-01,,-0.60335,3.2e-05,-0.603382,16.0,32,9,Combination,average_probability,,,0.7858313977823275
Franklin India Flexi Cap Fund,2024-02-01,2024-03-01,,-0.540696,3.2e-05,-0.540728,25.0,32,15,Combination,average_probability,,,0.6699240468740871
Franklin India Focused Equity Fund,2024-02-01,2024-03-01,,0.749428,3.2e-05,0.749396,29.0,32,17,Combination,average_probability,,,0.6167247252003011
Franklin India Opportunities Fund,2024-02-01,2024-03-01,,-1.198766,3.2e-05,-1.198798,1.0,32,0,Combination,average_probability,,,0.9109638206667935
HDFC ELSS Tax saver,2024-02-01,2024-03-01,,-0.079831,3.2e-05,-0.079863,13.0,32,7,Combination,average_probability,,,0.8115945083185805
HDFC Flexi Cap Fund,2024-02-01,2024-03-01,,0.116542,3.2e-05,0.11651,2.0,32,0,Combination,average_probability,,,0.8821321279489697
HDFC Focused Fund,2024-02-01,2024-03-01,,0.411954,3.2e-05,0.411922,6.0,32,3,Combination,average_probability,,,0.8472012525713702
HDFC Value Fund,2024-02-01,2024-03-01,,-1.045843,3.2e-05,-1.045875,12.0,32,6,Combination,average_probability,,,0.8240533020828403
HSBC Flexi Cap Fund,2024-02-01,2024-03-01,,-0.677776,3.2e-05,-0.677808,15.0,32,8,Combination,average_probability,,,0.7961582457787525
ICICI Prudential ELSS Tax Saver Fund,2024-02-01,2024-03-01,,0.462177,3.2e-05,0.462145,26.0,32,15,Combination,average_probability,,,0.6553955687338165
ICICI Prudential India Opportunities Fund,2024-02-01,2024-03-01,,1.857783,3.2e-05,1.857751,17.0,32,10,Combination,average_probability,,,0.7781241042573525
ITI ELSS Tax Saver Fund,2024-02-01,2024-03-01,,0.388914,3.2e-05,0.388882,3.0,32,1,Combination,average_probability,,,0.8651332451077279
Kotak ELSS Tax Saver Fund,2024-02-01,2024-03-01,,0.674743,3.2e-05,0.674711,31.0,32,18,Combination,average_probability,,,0.480484575245718
LIC MF ELSS Tax Saver,2024-02-01,2024-03-01,,0.275848,3.2e-05,0.275816,14.0,32,8,Combination,average_probability,,,0.8042856097516289
LIC MF Flexi Cap Fund,2024-02-01,2024-03-01,,-0.355827,3.2e-05,-0.355859,8.0,32,4,Combination,average_probability,,,0.8422244673851478
Motilal Oswal ELSS Tax Saver Fund,2024-02-01,2024-03-01,,1.885959,3.2e-05,1.885927,22.0,32,13,Combination,average_probability,,,0.7152532433677776
Motilal Oswal Flexi Cap Fund,2024-02-01,2024-03-01,,1.280927,3.2e-05,1.280895,18.0,32,10,Combination,average_probability,,,0.7611878050599324
Navi Flexi Cap Fund,2024-02-01,2024-03-01,,-3.145843,3.2e-05,-3.145875,4.0,32,1,Combination,average_probability,,,0.8627477967077756
Parag Parikh ELSS Tax Saver Fund,2024-02-01,2024-03-01,,-1.805614,3.2e-05,-1.805646,24.0,32,14,Combination,average_probability,,,0.7123737614692575
Parag Parikh Flexi Cap Fund,2024-02-01,2024-03-01,,-0.745715,3.2e-05,-0.745747,7.0,32,3,Combination,average_probability,,,0.8465460951373397
PGIM India Flexi Cap Fund,2024-02-01,2024-03-01,,0.36384,3.2e-05,0.363808,21.0,32,12,Combination,average_probability,,,0.7289123400189245
Shriram ELSS Tax Saver Fund,2024-02-01,2024-03-01,,-2.030433,3.2e-05,-2.030465,10.0,32,5,Combination,average_probability,,,0.8269981114298156
Shriram Flexi Cap Fund,2024-02-01,2024-03-01,,-1.775879,3.2e-05,-1.775911,5.0,32,2,Combination,average_probability,,,0.855279990227268
Sundaram ELSS Tax Saver Fund,2024-02-01,2024-03-01,,0.516676,3.2e-05,0.516644,28.0,32,16,Combination,average_probability,,,0.6328124383060841
UTI ELSS Tax Saver Fund,2024-02-01,2024-03-01,,0.338275,3.2e-05,0.338243,11.0,32,6,Combination,average_probability,,,0.8267870365969107
UTI Flexi Cap Fund,2024-02-01,2024-03-01,,0.136222,3.2e-05,0.13619,9.0,32,5,Combination,average_probability,,,0.8369171819749094
UTI Value Fund,2024-02-01,2024-03-01,,-0.620759,3.2e-05,-0.620791,32.0,32,19,Combination,average_probability,,,0.18368213831774471
Axis Flexi Cap Fund,2024-03-01,2024-04-01,,3.685504,4.533622,-0.848118,18.0,32,10,Combination,average_probability,,,0.777499795033783
DSP ELSS Tax Saver Fund,2024-03-01,2024-04-01,,5.889785,4.533622,1.356163,26.0,32,15,Combination,average_probability,,,0.5369179986762949
DSP Flexi Cap Fund,2024-03-01,2024-04-01,,5.082646,4.533622,0.549024,16.0,32,9,Combination,average_probability,,,0.7868662104395104
Edelweiss ELSS Tax saver Fund,2024-03-01,2024-04-01,,3.328773,4.533622,-1.204849,28.0,32,16,Combination,average_probability,,,0.5279921688307874
Edelweiss Flexi Cap Fund,2024-03-01,2024-04-01,,4.391548,4.533622,-0.142074,15.0,32,8,Combination,average_probability,,,0.7910286207046319
Franklin India ELSS Tax Saver Fund,2024-03-01,2024-04-01,,3.897104,4.533622,-0.636518,4.0,32,1,Combination,average_probability,,,0.872615763169201
Franklin India Flexi Cap Fund,2024-03-01,2024-04-01,,4.020038,4.533622,-0.513584,5.0,32,2,Combination,average_probability,,,0.869931941692977
Franklin India Focused Equity Fund,2024-03-01,2024-04-01,,3.601527,4.533622,-0.932095,24.0,32,14,Combination,average_probability,,,0.5979269834492933
Franklin India Opportunities Fund,2024-03-01,2024-04-01,,10.286075,4.533622,5.752453,2.0,32,0,Combination,average_probability,,,0.88168346243885
HDFC ELSS Tax saver,2024-03-01,2024-04-01,,3.603967,4.533622,-0.929655,17.0,32,10,Combination,average_probability,,,0.7786019220137789
HDFC Flexi Cap Fund,2024-03-01,2024-04-01,,3.323035,4.533622,-1.210587,10.0,32,5,Combination,average_probability,,,0.8393245947331246
HDFC Focused Fund,2024-03-01,2024-04-01,,3.601527,4.533622,-0.932095,6.0,32,3,Combination,average_probability,,,0.8670930516824976
HDFC Value Fund,2024-03-01,2024-04-01,,4.623961,4.533622,0.090339,8.0,32,4,Combination,average_probability,,,0.8531320267954897
HSBC Flexi Cap Fund,2024-03-01,2024-04-01,,4.05967,4.533622,-0.473952,22.0,32,13,Combination,average_probability,,,0.7071752395129905
ICICI Prudential ELSS Tax Saver Fund,2024-03-01,2024-04-01,,2.956655,4.533622,-1.576967,20.0,32,11,Combination,average_probability,,,0.7652123438937525
ICICI Prudential India Opportunities Fund,2024-03-01,2024-04-01,,2.610063,4.533622,-1.923559,1.0,32,0,Combination,average_probability,,,0.9110421993207254
ITI ELSS Tax Saver Fund,2024-03-01,2024-04-01,,6.41467,4.533622,1.881048,9.0,32,5,Combination,average_probability,,,0.8522052503185301
Kotak ELSS Tax Saver Fund,2024-03-01,2024-04-01,,5.497173,4.533622,0.963551,31.0,32,18,Combination,average_probability,,,0.2328742416364097
LIC MF ELSS Tax Saver,2024-03-01,2024-04-01,,4.109112,4.533622,-0.42451,25.0,32,15,Combination,average_probability,,,0.5530880387951986
LIC MF Flexi Cap Fund,2024-03-01,2024-04-01,,4.089111,4.533622,-0.444511,29.0,32,17,Combination,average_probability,,,0.3604191661544844
Motilal Oswal ELSS Tax Saver Fund,2024-03-01,2024-04-01,,6.604114,4.533622,2.070492,7.0,32,3,Combination,average_probability,,,0.8607201920515256
Motilal Oswal Flexi Cap Fund,2024-03-01,2024-04-01,,4.220808,4.533622,-0.312814,21.0,32,12,Combination,average_probability,,,0.7200080410499333
Navi Flexi Cap Fund,2024-03-01,2024-04-01,,3.392367,4.533622,-1.141255,3.0,32,1,Combination,average_probability,,,0.8736982598159863
Parag Parikh ELSS Tax Saver Fund,2024-03-01,2024-04-01,,2.756612,4.533622,-1.77701,23.0,32,13,Combination,average_probability,,,0.6753360814320056
Parag Parikh Flexi Cap Fund,2024-03-01,2024-04-01,,2.799175,4.533622,-1.734447,14.0,32,8,Combination,average_probability,,,0.7965288012658925
PGIM India Flexi Cap Fund,2024-03-01,2024-04-01,,3.011712,4.533622,-1.52191,32.0,32,19,Combination,average_probability,,,0.19979475783826153
Shriram ELSS Tax Saver Fund,2024-03-01,2024-04-01,,4.380169,4.533622,-0.153453,27.0,32,16,Combination,average_probability,,,0.5292514045046911
Shriram Flexi Cap Fund,2024-03-01,2024-04-01,,4.441339,4.533622,-0.092283,11.0,32,6,Combination,average_probability,,,0.8188782629398417
Sundaram ELSS Tax Saver Fund,2024-03-01,2024-04-01,,3.655039,4.533622,-0.878583,13.0,32,7,Combination,average_probability,,,0.8035801520901308
UTI ELSS Tax Saver Fund,2024-03-01,2024-04-01,,4.284869,4.533622,-0.248753,19.0,32,11,Combination,average_probability,,,0.7661239351028829
UTI Flexi Cap Fund,2024-03-01,2024-04-01,,1.91143,4.533622,-2.622192,12.0,32,6,Combination,average_probability,,,0.8163491276514581
UTI Value Fund,2024-03-01,2024-04-01,,4.710377,4.533622,0.176755,30.0,32,18,Combination,average_probability,,,0.35176904358805783
Axis Flexi Cap Fund,2024-04-01,2024-05-01,,1.342812,0.731367,0.611445,21.0,32,12,Combination,average_probability,,,0.1629534125034525
DSP ELSS Tax Saver Fund,2024-04-01,2024-05-01,,2.480496,0.731367,1.749129,6.0,32,3,Combination,average_probability,,,0.5425577952572692
DSP Flexi Cap Fund,2024-04-01,2024-05-01,,2.098992,0.731367,1.367625,13.0,32,7,Combination,average_probability,,,0.2431402684449452
Edelweiss ELSS Tax saver Fund,2024-04-01,2024-05-01,,1.897617,0.731367,1.16625,14.0,32,8,Combination,average_probability,,,0.2403534680081079
Edelweiss Flexi Cap Fund,2024-04-01,2024-05-01,,2.507192,0.731367,1.775825,23.0,32,13,Combination,average_probability,,,0.1399611366402687
Franklin India ELSS Tax Saver Fund,2024-04-01,2024-05-01,,0.864446,0.731367,0.133079,22.0,32,13,Combination,average_probability,,,0.156588498511379
Franklin India Flexi Cap Fund,2024-04-01,2024-05-01,,0.885017,0.731367,0.15365,27.0,32,16,Combination,average_probability,,,0.12923215413083838
Franklin India Focused Equity Fund,2024-04-01,2024-05-01,,0.864442,0.731367,0.133075,12.0,32,6,Combination,average_probability,,,0.2443646774016013
Franklin India Opportunities Fund,2024-04-01,2024-05-01,,4.345069,0.731367,3.613702,5.0,32,2,Combination,average_probability,,,0.5607912862519031
HDFC ELSS Tax saver,2024-04-01,2024-05-01,,2.317903,0.731367,1.586536,30.0,32,18,Combination,average_probability,,,0.11732840260123407
HDFC Flexi Cap Fund,2024-04-01,2024-05-01,,2.17523,0.731367,1.443863,25.0,32,15,Combination,average_probability,,,0.13439035055838658
HDFC Focused Fund,2024-04-01,2024-05-01,,2.336364,0.731367,1.604997,18.0,32,10,Combination,average_probability,,,0.18879553601121501
HDFC Value Fund,2024-04-01,2024-05-01,,1.756638,0.731367,1.025271,24.0,32,14,Combination,average_probability,,,0.13904037943098133
HSBC Flexi Cap Fund,2024-04-01,2024-05-01,,1.317161,0.731367,0.585794,29.0,32,17,Combination,average_probability,,,0.1237199576710588
ICICI Prudential ELSS Tax Saver Fund,2024-04-01,2024-05-01,,-1.73968,0.731367,-2.471047,26.0,32,15,Combination,average_probability,,,0.13094277924801362
ICICI Prudential India Opportunities Fund,2024-04-01,2024-05-01,,0.398406,0.731367,-0.332961,1.0,32,0,Combination,average_probability,,,0.8348648144654467
ITI ELSS Tax Saver Fund,2024-04-01,2024-05-01,,2.332572,0.731367,1.601205,2.0,32,0,Combination,average_probability,,,0.7811804277234691
Kotak ELSS Tax Saver Fund,2024-04-01,2024-05-01,,2.526659,0.731367,1.795292,20.0,32,11,Combination,average_probability,,,0.18578922273383627
LIC MF ELSS Tax Saver,2024-04-01,2024-05-01,,2.278237,0.731367,1.54687,32.0,32,19,Combination,average_probability,,,0.0887546331301204
LIC MF Flexi Cap Fund,2024-04-01,2024-05-01,,1.635679,0.731367,0.904312,28.0,32,16,Combination,average_probability,,,0.12886280472240788
Motilal Oswal ELSS Tax Saver Fund,2024-04-01,2024-05-01,,1.485936,0.731367,0.754569,3.0,32,1,Combination,average_probability,,,0.6674513412523181
Motilal Oswal Flexi Cap Fund,2024-04-01,2024-05-01,,0.30065,0.731367,-0.430717,8.0,32,4,Combination,average_probability,,,0.43415591531384984
Navi Flexi Cap Fund,2024-04-01,2024-05-01,,0.432494,0.731367,-0.298873,4.0,32,1,Combination,average_probability,,,0.6562936642429624
Parag Parikh ELSS Tax Saver Fund,2024-04-01,2024-05-01,,0.333982,0.731367,-0.397385,19.0,32,11,Combination,average_probability,,,0.18639187835762247
Parag Parikh Flexi Cap Fund,2024-04-01,2024-05-01,,1.046461,0.731367,0.315094,17.0,32,10,Combination,average_probability,,,0.21227454833652126
PGIM India Flexi Cap Fund,2024-04-01,2024-05-01,,-1.732539,0.731367,-2.463906,11.0,32,6,Combination,average_probability,,,0.299922467865062
Shriram ELSS Tax Saver Fund,2024-04-01,2024-05-01,,2.694394,0.731367,1.963027,31.0,32,18,Combination,average_probability,,,0.1087181658877354
Shriram Flexi Cap Fund,2024-04-01,2024-05-01,,1.890275,0.731367,1.158908,16.0,32,9,Combination,average_probability,,,0.2131839951506069
Sundaram ELSS Tax Saver Fund,2024-04-01,2024-05-01,,-0.168575,0.731367,-0.899942,9.0,32,5,Combination,average_probability,,,0.4011237105327064
UTI ELSS Tax Saver Fund,2024-04-01,2024-05-01,,0.912111,0.731367,0.180744,7.0,32,3,Combination,average_probability,,,0.46925801842970155
UTI Flexi Cap Fund,2024-04-01,2024-05-01,,0.680787,0.731367,-0.05058,15.0,32,8,Combination,average_probability,,,0.22083096278136213
UTI Value Fund,2024-04-01,2024-05-01,,2.645571,0.731367,1.914204,10.0,32,5,Combination,average_probability,,,0.3977578773273436
Axis Flexi Cap Fund,2024-05-01,2024-06-01,,7.371295,7.051242,0.320053,23.0,32,13,Combination,average_probability,,,0.21710120916757927
DSP ELSS Tax Saver Fund,2024-05-01,2024-06-01,,6.930649,7.051242,-0.120593,2.0,32,0,Combination,average_probability,,,0.8569125220063333
DSP Flexi Cap Fund,2024-05-01,2024-06-01,,7.270235,7.051242,0.218993,21.0,32,12,Combination,average_probability,,,0.2343957896815317
Edelweiss ELSS Tax saver Fund,2024-05-01,2024-06-01,,8.367259,7.051242,1.316017,32.0,32,19,Combination,average_probability,,,0.1205840052036689
Edelweiss Flexi Cap Fund,2024-05-01,2024-06-01,,8.725316,7.051242,1.674074,30.0,32,18,Combination,average_probability,,,0.14715498111954117
Franklin India ELSS Tax Saver Fund,2024-05-01,2024-06-01,,6.915345,7.051242,-0.135897,18.0,32,10,Combination,average_probability,,,0.24253874085862284
Franklin India Flexi Cap Fund,2024-05-01,2024-06-01,,6.790821,7.051242,-0.260421,31.0,32,18,Combination,average_probability,,,0.12789119901774498
Franklin India Focused Equity Fund,2024-05-01,2024-06-01,,6.51886,7.051242,-0.532382,12.0,32,6,Combination,average_probability,,,0.41348898800786626
Franklin India Opportunities Fund,2024-05-01,2024-06-01,,7.498378,7.051242,0.447136,10.0,32,5,Combination,average_probability,,,0.4484444842029825
HDFC ELSS Tax saver,2024-05-01,2024-06-01,,6.051424,7.051242,-0.999818,9.0,32,5,Combination,average_probability,,,0.5599807217710678
HDFC Flexi Cap Fund,2024-05-01,2024-06-01,,6.208431,7.051242,-0.842811,14.0,32,8,Combination,average_probability,,,0.32988337560585484
HDFC Focused Fund,2024-05-01,2024-06-01,,6.364508,7.051242,-0.686734,24.0,32,14,Combination,average_probability,,,0.21588981160476142
HDFC Value Fund,2024-05-01,2024-06-01,,7.475505,7.051242,0.424263,20.0,32,11,Combination,average_probability,,,0.2422327275871247
HSBC Flexi Cap Fund,2024-05-01,2024-06-01,,8.116271,7.051242,1.065029,26.0,32,15,Combination,average_probability,,,0.19780642704724674
ICICI Prudential ELSS Tax Saver Fund,2024-05-01,2024-06-01,,6.083416,7.051242,-0.967826,27.0,32,16,Combination,average_probability,,,0.187585511563757
ICICI Prudential India Opportunities Fund,2024-05-01,2024-06-01,,5.385779,7.051242,-1.665463,5.0,32,2,Combination,average_probability,,,0.7405634182649737
ITI ELSS Tax Saver Fund,2024-05-01,2024-06-01,,5.780891,7.051242,-1.270351,3.0,32,1,Combination,average_probability,,,0.8561763417697891
Kotak ELSS Tax Saver Fund,2024-05-01,2024-06-01,,5.351887,7.051242,-1.699355,11.0,32,6,Combination,average_probability,,,0.42540465950630607
LIC MF ELSS Tax Saver,2024-05-01,2024-06-01,,8.539354,7.051242,1.488112,16.0,32,9,Combination,average_probability,,,0.2791395332789523
LIC MF Flexi Cap Fund,2024-05-01,2024-06-01,,8.578565,7.051242,1.527323,25.0,32,15,Combination,average_probability,,,0.20257738333353878
Motilal Oswal ELSS Tax Saver Fund,2024-05-01,2024-06-01,,9.013836,7.051242,1.962594,4.0,32,1,Combination,average_probability,,,0.7454307618237322
Motilal Oswal Flexi Cap Fund,2024-05-01,2024-06-01,,9.078674,7.051242,2.027432,19.0,32,11,Combination,average_probability,,,0.24228759575229042
Navi Flexi Cap Fund,2024-05-01,2024-06-01,,7.593285,7.051242,0.542043,1.0,32,0,Combination,average_probability,,,0.8668201973549544
Parag Parikh ELSS Tax Saver Fund,2024-05-01,2024-06-01,,5.210036,7.051242,-1.841206,29.0,32,17,Combination,average_probability,,,0.15290161412143216
Parag Parikh Flexi Cap Fund,2024-05-01,2024-06-01,,4.537794,7.051242,-2.513448,15.0,32,8,Combination,average_probability,,,0.2858015203826185
PGIM India Flexi Cap Fund,2024-05-01,2024-06-01,,7.99343,7.051242,0.942188,6.0,32,3,Combination,average_probability,,,0.6648370059115729
Shriram ELSS Tax Saver Fund,2024-05-01,2024-06-01,,5.103785,7.051242,-1.947457,22.0,32,13,Combination,average_probability,,,0.21728733326748953
Shriram Flexi Cap Fund,2024-05-01,2024-06-01,,4.568717,7.051242,-2.482525,8.0,32,4,Combination,average_probability,,,0.5664862621573218
Sundaram ELSS Tax Saver Fund,2024-05-01,2024-06-01,,5.823164,7.051242,-1.228078,13.0,32,7,Combination,average_probability,,,0.36133023676543624
UTI ELSS Tax Saver Fund,2024-05-01,2024-06-01,,7.975032,7.051242,0.92379,28.0,32,16,Combination,average_probability,,,0.15384664299514964
UTI Flexi Cap Fund,2024-05-01,2024-06-01,,7.216369,7.051242,0.165127,7.0,32,3,Combination,average_probability,,,0.6378486160682736
UTI Value Fund,2024-05-01,2024-06-01,,8.606123,7.051242,1.554881,17.0,32,10,Combination,average_probability,,,0.2689504134576243
Axis Flexi Cap Fund,2024-06-01,2024-07-01,,2.482014,4.390997,-1.908983,22.0,33,12,Combination,average_probability,,,0.16955876661940505
DSP ELSS Tax Saver Fund,2024-06-01,2024-07-01,,5.438025,4.390997,1.047028,1.0,33,0,Combination,average_probability,,,0.8779921066321023
DSP Flexi Cap Fund,2024-06-01,2024-07-01,,3.682852,4.390997,-0.708145,24.0,33,13,Combination,average_probability,,,0.16253389899241077
Edelweiss ELSS Tax saver Fund,2024-06-01,2024-07-01,,2.29958,4.390997,-2.091417,20.0,33,11,Combination,average_probability,,,0.2524342923638137
Edelweiss Flexi Cap Fund,2024-06-01,2024-07-01,,2.597585,4.390997,-1.793412,29.0,33,16,Combination,average_probability,,,0.14075411404937485
Franklin India ELSS Tax Saver Fund,2024-06-01,2024-07-01,,3.994447,4.390997,-0.39655,5.0,33,2,Combination,average_probability,,,0.736633317633868
Franklin India Flexi Cap Fund,2024-06-01,2024-07-01,,3.920058,4.390997,-0.470939,4.0,33,1,Combination,average_probability,,,0.7383168581377825
Franklin India Focused Equity Fund,2024-06-01,2024-07-01,,2.404036,4.390997,-1.986961,26.0,33,15,Combination,average_probability,,,0.15327564559483858
Franklin India Opportunities Fund,2024-06-01,2024-07-01,,2.65292,4.390997,-1.738077,3.0,33,1,Combination,average_probability,,,0.8225572472369594
HDFC ELSS Tax saver,2024-06-01,2024-07-01,,2.903611,4.390997,-1.487386,19.0,33,10,Combination,average_probability,,,0.2695652696118261
HDFC Flexi Cap Fund,2024-06-01,2024-07-01,,2.890179,4.390997,-1.500818,11.0,33,6,Combination,average_probability,,,0.3752568573832768
HDFC Focused Fund,2024-06-01,2024-07-01,,2.360188,4.390997,-2.030809,23.0,33,13,Combination,average_probability,,,0.16326528516400982
HDFC Value Fund,2024-06-01,2024-07-01,,3.921894,4.390997,-0.469103,6.0,33,3,Combination,average_probability,,,0.7355557879449489
HSBC Flexi Cap Fund,2024-06-01,2024-07-01,,2.97356,4.390997,-1.417437,18.0,33,10,Combination,average_probability,,,0.2796091119400817
ICICI Prudential ELSS Tax Saver Fund,2024-06-01,2024-07-01,,4.664275,4.390997,0.273278,33.0,33,19,Combination,average_probability,,,0.09168586470074214
ICICI Prudential India Opportunities Fund,2024-06-01,2024-07-01,,5.221113,4.390997,0.830116,10.0,33,5,Combination,average_probability,,,0.39568592980018463
ITI ELSS Tax Saver Fund,2024-06-01,2024-07-01,,3.049052,4.390997,-1.341945,2.0,33,0,Combination,average_probability,,,0.8437074620410795
Kotak ELSS Tax Saver Fund,2024-06-01,2024-07-01,,3.156319,4.390997,-1.234678,21.0,33,12,Combination,average_probability,,,0.1970080123144097
LIC MF ELSS Tax Saver,2024-06-01,2024-07-01,,3.070136,4.390997,-1.320861,32.0,33,18,Combination,average_probability,,,0.11212656065937548
LIC MF Flexi Cap Fund,2024-06-01,2024-07-01,,3.305034,4.390997,-1.085963,30.0,33,17,Combination,average_probability,,,0.13545670459377807
Motilal Oswal ELSS Tax Saver Fund,2024-06-01,2024-07-01,,3.133506,4.390997,-1.257491,9.0,33,4,Combination,average_probability,,,0.5560976684687594
Motilal Oswal Flexi Cap Fund,2024-06-01,2024-07-01,,3.074992,4.390997,-1.316005,31.0,33,18,Combination,average_probability,,,0.1353223490558583
Navi Flexi Cap Fund,2024-06-01,2024-07-01,,3.831163,4.390997,-0.559834,28.0,33,16,Combination,average_probability,,,0.14084667943566276
Nippon India Value Fund,2024-06-01,2024-07-01,,3.335344,4.390997,-1.055653,7.0,33,3,Combination,average_probability,,,0.7152727489373595
Parag Parikh ELSS Tax Saver Fund,2024-06-01,2024-07-01,,4.793368,4.390997,0.402371,15.0,33,8,Combination,average_probability,,,0.3043390860039276
Parag Parikh Flexi Cap Fund,2024-06-01,2024-07-01,,2.903931,4.390997,-1.487066,13.0,33,7,Combination,average_probability,,,0.3571519803144658
PGIM India Flexi Cap Fund,2024-06-01,2024-07-01,,2.336096,4.390997,-2.054901,17.0,33,9,Combination,average_probability,,,0.28365315561939075
Shriram ELSS Tax Saver Fund,2024-06-01,2024-07-01,,3.009417,4.390997,-1.38158,14.0,33,7,Combination,average_probability,,,0.3323978181841086
Shriram Flexi Cap Fund,2024-06-01,2024-07-01,,2.333637,4.390997,-2.05736,8.0,33,4,Combination,average_probability,,,0.6060723924525117
Sundaram ELSS Tax Saver Fund,2024-06-01,2024-07-01,,2.775656,4.390997,-1.615341,16.0,33,9,Combination,average_probability,,,0.29188547917754176
UTI ELSS Tax Saver Fund,2024-06-01,2024-07-01,,3.403802,4.390997,-0.987195,27.0,33,15,Combination,average_probability,,,0.1439620933293003
UTI Flexi Cap Fund,2024-06-01,2024-07-01,,3.02596,4.390997,-1.365037,25.0,33,14,Combination,average_probability,,,0.1586703315136465
UTI Value Fund,2024-06-01,2024-07-01,,4.09342,4.390997,-0.297577,12.0,33,6,Combination,average_probability,,,0.37514269263784056
Axis Flexi Cap Fund,2024-07-01,2024-08-01,,2.508834,1.035556,1.473278,10.0,33,5,Combination,average_probability,,,0.4932269957835354
DSP ELSS Tax Saver Fund,2024-07-01,2024-08-01,,1.695555,1.035556,0.659999,8.0,33,4,Combination,average_probability,,,0.6032633014258143
DSP Flexi Cap Fund,2024-07-01,2024-08-01,,2.281496,1.035556,1.24594,14.0,33,7,Combination,average_probability,,,0.40063780395368576
Edelweiss ELSS Tax saver Fund,2024-07-01,2024-08-01,,2.20138,1.035556,1.165824,5.0,33,2,Combination,average_probability,,,0.6709551472757865
Edelweiss Flexi Cap Fund,2024-07-01,2024-08-01,,2.239335,1.035556,1.203779,15.0,33,8,Combination,average_probability,,,0.3486458431670161
Franklin India ELSS Tax Saver Fund,2024-07-01,2024-08-01,,1.724601,1.035556,0.689045,23.0,33,13,Combination,average_probability,,,0.2392743634985431
Franklin India Flexi Cap Fund,2024-07-01,2024-08-01,,1.738428,1.035556,0.702872,24.0,33,13,Combination,average_probability,,,0.21991916790631616
Franklin India Focused Equity Fund,2024-07-01,2024-08-01,,2.022357,1.035556,0.986801,9.0,33,4,Combination,average_probability,,,0.595220576190005
Franklin India Opportunities Fund,2024-07-01,2024-08-01,,1.802703,1.035556,0.767147,19.0,33,10,Combination,average_probability,,,0.32089924649426776
HDFC ELSS Tax saver,2024-07-01,2024-08-01,,1.991641,1.035556,0.956085,27.0,33,15,Combination,average_probability,,,0.17018211002368214
HDFC Flexi Cap Fund,2024-07-01,2024-08-01,,1.768461,1.035556,0.732905,28.0,33,16,Combination,average_probability,,,0.16751734559298292
HDFC Focused Fund,2024-07-01,2024-08-01,,1.581999,1.035556,0.546443,31.0,33,18,Combination,average_probability,,,0.13190647983291773
HDFC Value Fund,2024-07-01,2024-08-01,,1.873672,1.035556,0.838116,22.0,33,12,Combination,average_probability,,,0.25038906545541184
HSBC Flexi Cap Fund,2024-07-01,2024-08-01,,2.06088,1.035556,1.025324,20.0,33,11,Combination,average_probability,,,0.29410765864809263
ICICI Prudential ELSS Tax Saver Fund,2024-07-01,2024-08-01,,2.794379,1.035556,1.758823,4.0,33,1,Combination,average_probability,,,0.6736847721721254
ICICI Prudential India Opportunities Fund,2024-07-01,2024-08-01,,2.982646,1.035556,1.94709,7.0,33,3,Combination,average_probability,,,0.6298945719462857
ITI ELSS Tax Saver Fund,2024-07-01,2024-08-01,,1.636609,1.035556,0.601053,21.0,33,12,Combination,average_probability,,,0.27103458374519046
Kotak ELSS Tax Saver Fund,2024-07-01,2024-08-01,,-0.83931,1.035556,-1.874866,25.0,33,14,Combination,average_probability,,,0.2033664061394123
LIC MF ELSS Tax Saver,2024-07-01,2024-08-01,,1.532421,1.035556,0.496865,30.0,33,17,Combination,average_probability,,,0.1384820698909561
LIC MF Flexi Cap Fund,2024-07-01,2024-08-01,,0.095282,1.035556,-0.940274,18.0,33,10,Combination,average_probability,,,0.33140847958262176
Motilal Oswal ELSS Tax Saver Fund,2024-07-01,2024-08-01,,4.061059,1.035556,3.025503,17.0,33,9,Combination,average_probability,,,0.3379571215837341
Motilal Oswal Flexi Cap Fund,2024-07-01,2024-08-01,,2.711336,1.035556,1.67578,32.0,33,18,Combination,average_probability,,,0.13099223706293503
Navi Flexi Cap Fund,2024-07-01,2024-08-01,,1.787335,1.035556,0.751779,16.0,33,9,Combination,average_probability,,,0.34192683191922413
Nippon India Value Fund,2024-07-01,2024-08-01,,2.115678,1.035556,1.080122,11.0,33,6,Combination,average_probability,,,0.48111096885522975
Parag Parikh ELSS Tax Saver Fund,2024-07-01,2024-08-01,,1.327908,1.035556,0.292352,3.0,33,1,Combination,average_probability,,,0.7104227710381968
Parag Parikh Flexi Cap Fund,2024-07-01,2024-08-01,,1.16076,1.035556,0.125204,2.0,33,0,Combination,average_probability,,,0.7271519587847219
PGIM India Flexi Cap Fund,2024-07-01,2024-08-01,,2.57732,1.035556,1.541764,1.0,33,0,Combination,average_probability,,,0.7384128482374642
Shriram ELSS Tax Saver Fund,2024-07-01,2024-08-01,,-0.881247,1.035556,-1.916803,33.0,33,19,Combination,average_probability,,,0.11425828180018018
Shriram Flexi Cap Fund,2024-07-01,2024-08-01,,-0.379166,1.035556,-1.414722,29.0,33,16,Combination,average_probability,,,0.16497324895700669
Sundaram ELSS Tax Saver Fund,2024-07-01,2024-08-01,,1.589401,1.035556,0.553845,12.0,33,6,Combination,average_probability,,,0.4471181867139696
UTI ELSS Tax Saver Fund,2024-07-01,2024-08-01,,1.956739,1.035556,0.921183,6.0,33,3,Combination,average_probability,,,0.6346950602558309
UTI Flexi Cap Fund,2024-07-01,2024-08-01,,3.214202,1.035556,2.178646,13.0,33,7,Combination,average_probability,,,0.4233159873424455
UTI Value Fund,2024-07-01,2024-08-01,,2.827207,1.035556,1.791651,26.0,33,15,Combination,average_probability,,,0.19173760592091718
Axis Flexi Cap Fund,2024-08-01,2024-09-01,,3.619442,2.166814,1.452628,22.0,33,12,Combination,average_probability,,,0.19353207938559458
DSP ELSS Tax Saver Fund,2024-08-01,2024-09-01,,1.859147,2.166814,-0.307667,2.0,33,0,Combination,average_probability,,,0.6522401767385516
DSP Flexi Cap Fund,2024-08-01,2024-09-01,,2.503388,2.166814,0.336574,32.0,33,18,Combination,average_probability,,,0.0974199589626689
Edelweiss ELSS Tax saver Fund,2024-08-01,2024-09-01,,2.025028,2.166814,-0.141786,19.0,33,10,Combination,average_probability,,,0.23238934408730016
Edelweiss Flexi Cap Fund,2024-08-01,2024-09-01,,2.621639,2.166814,0.454825,27.0,33,15,Combination,average_probability,,,0.12294759517075583
Franklin India ELSS Tax Saver Fund,2024-08-01,2024-09-01,,1.999836,2.166814,-0.166978,25.0,33,14,Combination,average_probability,,,0.1361254076976505
Franklin India Flexi Cap Fund,2024-08-01,2024-09-01,,1.843844,2.166814,-0.32297,28.0,33,16,Combination,average_probability,,,0.1179713283554769
Franklin India Focused Equity Fund,2024-08-01,2024-09-01,,2.577702,2.166814,0.410888,24.0,33,13,Combination,average_probability,,,0.16953678689012844
Franklin India Opportunities Fund,2024-08-01,2024-09-01,,0.779048,2.166814,-1.387766,18.0,33,10,Combination,average_probability,,,0.23428008376561324
HDFC ELSS Tax saver,2024-08-01,2024-09-01,,2.300985,2.166814,0.134171,29.0,33,16,Combination,average_probability,,,0.10927319447329266
HDFC Flexi Cap Fund,2024-08-01,2024-09-01,,2.992151,2.166814,0.825337,31.0,33,18,Combination,average_probability,,,0.10034111922393608
HDFC Focused Fund,2024-08-01,2024-09-01,,3.480776,2.166814,1.313962,30.0,33,17,Combination,average_probability,,,0.10897839933074759
HDFC Value Fund,2024-08-01,2024-09-01,,2.268256,2.166814,0.101442,17.0,33,9,Combination,average_probability,,,0.24076759261947753
HSBC Flexi Cap Fund,2024-08-01,2024-09-01,,1.862276,2.166814,-0.304538,10.0,33,5,Combination,average_probability,,,0.4916483275210142
ICICI Prudential ELSS Tax Saver Fund,2024-08-01,2024-09-01,,3.364964,2.166814,1.19815,8.0,33,4,Combination,average_probability,,,0.5350012614810747
ICICI Prudential India Opportunities Fund,2024-08-01,2024-09-01,,2.369668,2.166814,0.202854,6.0,33,3,Combination,average_probability,,,0.6049645413522026
ITI ELSS Tax Saver Fund,2024-08-01,2024-09-01,,2.708076,2.166814,0.541262,5.0,33,2,Combination,average_probability,,,0.6113022447486192
Kotak ELSS Tax Saver Fund,2024-08-01,2024-09-01,,3.087091,2.166814,0.920277,9.0,33,4,Combination,average_probability,,,0.4940864607838991
LIC MF ELSS Tax Saver,2024-08-01,2024-09-01,,2.48218,2.166814,0.315366,33.0,33,19,Combination,average_probability,,,0.07099116644743865
LIC MF Flexi Cap Fund,2024-08-01,2024-09-01,,3.081102,2.166814,0.914288,1.0,33,0,Combination,average_probability,,,0.687161945650519
Motilal Oswal ELSS Tax Saver Fund,2024-08-01,2024-09-01,,5.032987,2.166814,2.866173,20.0,33,11,Combination,average_probability,,,0.2274832964834805
Motilal Oswal Flexi Cap Fund,2024-08-01,2024-09-01,,6.662377,2.166814,4.495563,23.0,33,13,Combination,average_probability,,,0.171220176575787
Navi Flexi Cap Fund,2024-08-01,2024-09-01,,1.386044,2.166814,-0.78077,12.0,33,6,Combination,average_probability,,,0.40693016579608426
Nippon India Value Fund,2024-08-01,2024-09-01,,2.290888,2.166814,0.124074,21.0,33,12,Combination,average_probability,,,0.22568336156559968
Parag Parikh ELSS Tax Saver Fund,2024-08-01,2024-09-01,,3.26813,2.166814,1.101316,14.0,33,7,Combination,average_probability,,,0.28878311832248676
Parag Parikh Flexi Cap Fund,2024-08-01,2024-09-01,,3.178253,2.166814,1.011439,4.0,33,1,Combination,average_probability,,,0.6227182494319862
PGIM India Flexi Cap Fund,2024-08-01,2024-09-01,,2.775784,2.166814,0.60897,7.0,33,3,Combination,average_probability,,,0.5995163500614317
Shriram ELSS Tax Saver Fund,2024-08-01,2024-09-01,,1.091026,2.166814,-1.075788,11.0,33,6,Combination,average_probability,,,0.4143919346483367
Shriram Flexi Cap Fund,2024-08-01,2024-09-01,,0.056761,2.166814,-2.110053,13.0,33,7,Combination,average_probability,,,0.31011796469397923
Sundaram ELSS Tax Saver Fund,2024-08-01,2024-09-01,,2.024397,2.166814,-0.142417,3.0,33,1,Combination,average_probability,,,0.6249402410244037
UTI ELSS Tax Saver Fund,2024-08-01,2024-09-01,,2.306352,2.166814,0.139538,26.0,33,15,Combination,average_probability,,,0.12319061988546239
UTI Flexi Cap Fund,2024-08-01,2024-09-01,,3.455851,2.166814,1.289037,16.0,33,9,Combination,average_probability,,,0.2675129393170463
UTI Value Fund,2024-08-01,2024-09-01,,2.59996,2.166814,0.433146,15.0,33,8,Combination,average_probability,,,0.28790202248892005
Axis Flexi Cap Fund,2024-09-01,2024-10-01,,-6.169154,-6.352122,0.182968,31.0,33,18,Combination,average_probability,,,0.08293782141510324
DSP ELSS Tax Saver Fund,2024-09-01,2024-10-01,,-5.348337,-6.352122,1.003785,3.0,33,1,Combination,average_probability,,,0.5858267847557345
DSP Flexi Cap Fund,2024-09-01,2024-10-01,,-5.223379,-6.352122,1.128743,30.0,33,17,Combination,average_probability,,,0.09009043963180714
Edelweiss ELSS Tax saver Fund,2024-09-01,2024-10-01,,-5.41923,-6.352122,0.932892,28.0,33,16,Combination,average_probability,,,0.09274374408936586
Edelweiss Flexi Cap Fund,2024-09-01,2024-10-01,,-5.877755,-6.352122,0.474367,24.0,33,13,Combination,average_probability,,,0.13024141809723894
Franklin India ELSS Tax Saver Fund,2024-09-01,2024-10-01,,-5.274571,-6.352122,1.077551,17.0,33,9,Combination,average_probability,,,0.21003652651657037
Franklin India Flexi Cap Fund,2024-09-01,2024-10-01,,-5.138116,-6.352122,1.214006,22.0,33,12,Combination,average_probability,,,0.1444078063979892
Franklin India Focused Equity Fund,2024-09-01,2024-10-01,,-7.147953,-6.352122,-0.795831,8.0,33,4,Combination,average_probability,,,0.40251794917146305
Franklin India Opportunities Fund,2024-09-01,2024-10-01,,-4.333196,-6.352122,2.018926,15.0,33,8,Combination,average_probability,,,0.28572992184800666
HDFC ELSS Tax saver,2024-09-01,2024-10-01,,-5.057553,-6.352122,1.294569,29.0,33,16,Combination,average_probability,,,0.09157310695997899
HDFC Flexi Cap Fund,2024-09-01,2024-10-01,,-3.806231,-6.352122,2.545891,27.0,33,15,Combination,average_probability,,,0.09844566821787044
HDFC Focused Fund,2024-09-01,2024-10-01,,-3.544983,-6.352122,2.807139,25.0,33,14,Combination,average_probability,,,0.12359661163885204
HDFC Value Fund,2024-09-01,2024-10-01,,-4.955691,-6.352122,1.396431,23.0,33,13,Combination,average_probability,,,0.133548150396015
HSBC Flexi Cap Fund,2024-09-01,2024-10-01,,-4.661348,-6.352122,1.690774,18.0,33,10,Combination,average_probability,,,0.20954569081333774
ICICI Prudential ELSS Tax Saver Fund,2024-09-01,2024-10-01,,-6.017424,-6.352122,0.334698,26.0,33,15,Combination,average_probability,,,0.12297117990125687
ICICI Prudential India Opportunities Fund,2024-09-01,2024-10-01,,-5.023184,-6.352122,1.328938,9.0,33,4,Combination,average_probability,,,0.36818199943026775
ITI ELSS Tax Saver Fund,2024-09-01,2024-10-01,,-7.13458,-6.352122,-0.782458,7.0,33,3,Combination,average_probability,,,0.4152577674402573
Kotak ELSS Tax Saver Fund,2024-09-01,2024-10-01,,-5.978265,-6.352122,0.373857,11.0,33,6,Combination,average_probability,,,0.35130166785267036
LIC MF ELSS Tax Saver,2024-09-01,2024-10-01,,-5.627119,-6.352122,0.725003,33.0,33,19,Combination,average_probability,,,0.07387390539586552
LIC MF Flexi Cap Fund,2024-09-01,2024-10-01,,-5.838482,-6.352122,0.51364,1.0,33,0,Combination,average_probability,,,0.8059739086859147
Motilal Oswal ELSS Tax Saver Fund,2024-09-01,2024-10-01,,-3.805693,-6.352122,2.546429,21.0,33,12,Combination,average_probability,,,0.14597442583906567
Motilal Oswal Flexi Cap Fund,2024-09-01,2024-10-01,,-6.56817,-6.352122,-0.216048,32.0,33,18,Combination,average_probability,,,0.08214224104166969
Navi Flexi Cap Fund,2024-09-01,2024-10-01,,-5.026672,-6.352122,1.32545,2.0,33,0,Combination,average_probability,,,0.6165485821669311
Nippon India Value Fund,2024-09-01,2024-10-01,,-5.336331,-6.352122,1.015791,19.0,33,10,Combination,average_probability,,,0.20294827800518841
Parag Parikh ELSS Tax Saver Fund,2024-09-01,2024-10-01,,-4.403874,-6.352122,1.948248,12.0,33,6,Combination,average_probability,,,0.33865801281236124
Parag Parikh Flexi Cap Fund,2024-09-01,2024-10-01,,-3.006436,-6.352122,3.345686,4.0,33,1,Combination,average_probability,,,0.5312703561028966
PGIM India Flexi Cap Fund,2024-09-01,2024-10-01,,-6.068356,-6.352122,0.283766,14.0,33,7,Combination,average_probability,,,0.30006538990048076
Shriram ELSS Tax Saver Fund,2024-09-01,2024-10-01,,-6.715607,-6.352122,-0.363485,16.0,33,9,Combination,average_probability,,,0.28090501853967154
Shriram Flexi Cap Fund,2024-09-01,2024-10-01,,-6.720487,-6.352122,-0.368365,6.0,33,3,Combination,average_probability,,,0.4865061371870408
Sundaram ELSS Tax Saver Fund,2024-09-01,2024-10-01,,-5.593751,-6.352122,0.758371,13.0,33,7,Combination,average_probability,,,0.33127789711911837
UTI ELSS Tax Saver Fund,2024-09-01,2024-10-01,,-7.043841,-6.352122,-0.691719,5.0,33,2,Combination,average_probability,,,0.48734371773365437
UTI Flexi Cap Fund,2024-09-01,2024-10-01,,-6.273179,-6.352122,0.078943,20.0,33,11,Combination,average_probability,,,0.1698446874585596
UTI Value Fund,2024-09-01,2024-10-01,,-5.714124,-6.352122,0.637998,10.0,33,5,Combination,average_probability,,,0.36245301643861755
Axis Flexi Cap Fund,2024-10-01,2024-11-01,,1.272534,0.045826,1.226708,31.0,33,18,Combination,average_probability,,,0.17554732534362116
DSP ELSS Tax Saver Fund,2024-10-01,2024-11-01,,0.125883,0.045826,0.080057,15.0,33,8,Combination,average_probability,,,0.7144408947336688
DSP Flexi Cap Fund,2024-10-01,2024-11-01,,0.074621,0.045826,0.028795,23.0,33,13,Combination,average_probability,,,0.4132071026441612
Edelweiss ELSS Tax saver Fund,2024-10-01,2024-11-01,,0.524626,0.045826,0.4788,21.0,33,12,Combination,average_probability,,,0.5593156660052124
Edelweiss Flexi Cap Fund,2024-10-01,2024-11-01,,0.515002,0.045826,0.469176,12.0,33,6,Combination,average_probability,,,0.8100179220839837
Franklin India ELSS Tax Saver Fund,2024-10-01,2024-11-01,,0.716843,0.045826,0.671017,4.0,33,1,Combination,average_probability,,,0.8588206113833577
Franklin India Flexi Cap Fund,2024-10-01,2024-11-01,,0.548324,0.045826,0.502498,5.0,33,2,Combination,average_probability,,,0.8587134044517559
Franklin India Focused Equity Fund,2024-10-01,2024-11-01,,1.080515,0.045826,1.034689,26.0,33,15,Combination,average_probability,,,0.32546046564497216
Franklin India Opportunities Fund,2024-10-01,2024-11-01,,2.297428,0.045826,2.251602,10.0,33,5,Combination,average_probability,,,0.8160764487450387
HDFC ELSS Tax saver,2024-10-01,2024-11-01,,0.017741,0.045826,-0.028085,20.0,33,11,Combination,average_probability,,,0.5696506989555398
HDFC Flexi Cap Fund,2024-10-01,2024-11-01,,0.416493,0.045826,0.370667,3.0,33,1,Combination,average_probability,,,0.8625985563148512
HDFC Focused Fund,2024-10-01,2024-11-01,,0.804786,0.045826,0.75896,9.0,33,4,Combination,average_probability,,,0.8255080805175562
HDFC Value Fund,2024-10-01,2024-11-01,,-0.568207,0.045826,-0.614033,22.0,33,12,Combination,average_probability,,,0.5279315928356713
HSBC Flexi Cap Fund,2024-10-01,2024-11-01,,1.932505,0.045826,1.886679,14.0,33,7,Combination,average_probability,,,0.7533119085907184
ICICI Prudential ELSS Tax Saver Fund,2024-10-01,2024-11-01,,-0.851567,0.045826,-0.897393,28.0,33,16,Combination,average_probability,,,0.3111839155236024
ICICI Prudential India Opportunities Fund,2024-10-01,2024-11-01,,-0.406394,0.045826,-0.45222,7.0,33,3,Combination,average_probability,,,0.8267397687645772
ITI ELSS Tax Saver Fund,2024-10-01,2024-11-01,,0.99409,0.045826,0.948264,30.0,33,17,Combination,average_probability,,,0.2588648404498754
Kotak ELSS Tax Saver Fund,2024-10-01,2024-11-01,,0.53034,0.045826,0.484514,6.0,33,3,Combination,average_probability,,,0.8505569164465125
LIC MF ELSS Tax Saver,2024-10-01,2024-11-01,,1.018699,0.045826,0.972873,24.0,33,13,Combination,average_probability,,,0.3558844267850097
LIC MF Flexi Cap Fund,2024-10-01,2024-11-01,,1.189527,0.045826,1.143701,1.0,33,0,Combination,average_probability,,,0.8820658441092265
Motilal Oswal ELSS Tax Saver Fund,2024-10-01,2024-11-01,,1.904544,0.045826,1.858718,13.0,33,7,Combination,average_probability,,,0.8075425634883189
Motilal Oswal Flexi Cap Fund,2024-10-01,2024-11-01,,3.833551,0.045826,3.787725,16.0,33,9,Combination,average_probability,,,0.64040352292015
Navi Flexi Cap Fund,2024-10-01,2024-11-01,,-0.398355,0.045826,-0.444181,17.0,33,9,Combination,average_probability,,,0.6091544136879662
Nippon India Value Fund,2024-10-01,2024-11-01,,-0.288773,0.045826,-0.334599,11.0,33,6,Combination,average_probability,,,0.8157026629483249
Parag Parikh ELSS Tax Saver Fund,2024-10-01,2024-11-01,,0.340966,0.045826,0.29514,2.0,33,0,Combination,average_probability,,,0.8744628989890179
Parag Parikh Flexi Cap Fund,2024-10-01,2024-11-01,,0.274599,0.045826,0.228773,8.0,33,4,Combination,average_probability,,,0.8262620584405918
PGIM India Flexi Cap Fund,2024-10-01,2024-11-01,,0.345253,0.045826,0.299427,29.0,33,16,Combination,average_probability,,,0.2649046590957037
Shriram ELSS Tax Saver Fund,2024-10-01,2024-11-01,,0.099863,0.045826,0.054037,32.0,33,18,Combination,average_probability,,,0.12574154738334925
Shriram Flexi Cap Fund,2024-10-01,2024-11-01,,0.16613,0.045826,0.120304,33.0,33,19,Combination,average_probability,,,0.09122687238832322
Sundaram ELSS Tax Saver Fund,2024-10-01,2024-11-01,,0.352726,0.045826,0.3069,27.0,33,15,Combination,average_probability,,,0.32040815309639603
UTI ELSS Tax Saver Fund,2024-10-01,2024-11-01,,-0.317364,0.045826,-0.36319,25.0,33,14,Combination,average_probability,,,0.3456911220219409
UTI Flexi Cap Fund,2024-10-01,2024-11-01,,1.169353,0.045826,1.123527,19.0,33,10,Combination,average_probability,,,0.5782414027022934
UTI Value Fund,2024-10-01,2024-11-01,,0.034214,0.045826,-0.011612,18.0,33,10,Combination,average_probability,,,0.586338955691541
Axis Flexi Cap Fund,2024-11-01,2024-12-01,,0.383944,-1.36551,1.749454,26.0,33,15,Combination,average_probability,,,0.3622980983643786
DSP ELSS Tax Saver Fund,2024-11-01,2024-12-01,,-1.276435,-1.36551,0.089075,12.0,33,6,Combination,average_probability,,,0.7240144717089398
DSP Flexi Cap Fund,2024-11-01,2024-12-01,,-1.596052,-1.36551,-0.230542,21.0,33,12,Combination,average_probability,,,0.48746805088888134
Edelweiss ELSS Tax saver Fund,2024-11-01,2024-12-01,,-0.755569,-1.36551,0.609941,17.0,33,9,Combination,average_probability,,,0.6125887849798591
Edelweiss Flexi Cap Fund,2024-11-01,2024-12-01,,-0.69535,-1.36551,0.67016,5.0,33,2,Combination,average_probability,,,0.8187230486672821
Franklin India ELSS Tax Saver Fund,2024-11-01,2024-12-01,,-0.143834,-1.36551,1.221676,6.0,33,3,Combination,average_probability,,,0.8165800364657757
Franklin India Flexi Cap Fund,2024-11-01,2024-12-01,,-0.144048,-1.36551,1.221462,1.0,33,0,Combination,average_probability,,,0.8733630442693348
Franklin India Focused Equity Fund,2024-11-01,2024-12-01,,-1.195273,-1.36551,0.170237,23.0,33,13,Combination,average_probability,,,0.4424393270070867
Franklin India Opportunities Fund,2024-11-01,2024-12-01,,0.245392,-1.36551,1.610902,20.0,33,11,Combination,average_probability,,,0.5023902867947617
HDFC ELSS Tax saver,2024-11-01,2024-12-01,,-1.356294,-1.36551,0.009216,27.0,33,15,Combination,average_probability,,,0.3543537782310055
HDFC Flexi Cap Fund,2024-11-01,2024-12-01,,-1.213239,-1.36551,0.152271,7.0,33,3,Combination,average_probability,,,0.814327365876704
HDFC Focused Fund,2024-11-01,2024-12-01,,-1.54074,-1.36551,-0.17523,8.0,33,4,Combination,average_probability,,,0.7934776285771585
HDFC Value Fund,2024-11-01,2024-12-01,,-1.386799,-1.36551,-0.021289,9.0,33,4,Combination,average_probability,,,0.7795042877635002
HSBC Flexi Cap Fund,2024-11-01,2024-12-01,,-0.281478,-1.36551,1.084032,10.0,33,5,Combination,average_probability,,,0.7614382956464173
ICICI Prudential ELSS Tax Saver Fund,2024-11-01,2024-12-01,,-2.176505,-1.36551,-0.810995,29.0,33,16,Combination,average_probability,,,0.307859914748029
ICICI Prudential India Opportunities Fund,2024-11-01,2024-12-01,,-1.468988,-1.36551,-0.103478,13.0,33,7,Combination,average_probability,,,0.71040955566045
ITI ELSS Tax Saver Fund,2024-11-01,2024-12-01,,-1.209364,-1.36551,0.156146,22.0,33,12,Combination,average_probability,,,0.46411573358819935
Kotak ELSS Tax Saver Fund,2024-11-01,2024-12-01,,-0.625948,-1.36551,0.739562,14.0,33,7,Combination,average_probability,,,0.7067591185187349
LIC MF ELSS Tax Saver,2024-11-01,2024-12-01,,0.652999,-1.36551,2.018509,28.0,33,16,Combination,average_probability,,,0.33684052914783397
LIC MF Flexi Cap Fund,2024-11-01,2024-12-01,,-1.059455,-1.36551,0.306055,11.0,33,6,Combination,average_probability,,,0.7365449726551505
Motilal Oswal ELSS Tax Saver Fund,2024-11-01,2024-12-01,,3.906413,-1.36551,5.271923,16.0,33,9,Combination,average_probability,,,0.681139491934089
Motilal Oswal Flexi Cap Fund,2024-11-01,2024-12-01,,2.734816,-1.36551,4.100326,25.0,33,14,Combination,average_probability,,,0.41117166190779636
Navi Flexi Cap Fund,2024-11-01,2024-12-01,,-1.659668,-1.36551,-0.294158,30.0,33,17,Combination,average_probability,,,0.26422599465717317
Nippon India Value Fund,2024-11-01,2024-12-01,,-0.014219,-1.36551,1.351291,3.0,33,1,Combination,average_probability,,,0.8468537556777392
Parag Parikh ELSS Tax Saver Fund,2024-11-01,2024-12-01,,0.501988,-1.36551,1.867498,4.0,33,1,Combination,average_probability,,,0.8372579650060251
Parag Parikh Flexi Cap Fund,2024-11-01,2024-12-01,,1.047786,-1.36551,2.413296,2.0,33,0,Combination,average_probability,,,0.8621074160763188
PGIM India Flexi Cap Fund,2024-11-01,2024-12-01,,0.221185,-1.36551,1.586695,31.0,33,18,Combination,average_probability,,,0.20603858886673865
Shriram ELSS Tax Saver Fund,2024-11-01,2024-12-01,,1.456944,-1.36551,2.822454,18.0,33,10,Combination,average_probability,,,0.5699533238229025
Shriram Flexi Cap Fund,2024-11-01,2024-12-01,,1.730334,-1.36551,3.095844,33.0,33,19,Combination,average_probability,,,0.1458627255928897
Sundaram ELSS Tax Saver Fund,2024-11-01,2024-12-01,,-0.538272,-1.36551,0.827238,32.0,33,18,Combination,average_probability,,,0.17730624067252332
UTI ELSS Tax Saver Fund,2024-11-01,2024-12-01,,-1.370693,-1.36551,-0.005183,24.0,33,13,Combination,average_probability,,,0.41770486022334663
UTI Flexi Cap Fund,2024-11-01,2024-12-01,,-0.622073,-1.36551,0.743437,15.0,33,8,Combination,average_probability,,,0.6967061825285082
UTI Value Fund,2024-11-01,2024-12-01,,-2.136573,-1.36551,-0.771063,19.0,33,10,Combination,average_probability,,,0.5648115544915516
Aditya Birla Sun Life ELSS Tax Saver Fund,2024-12-01,2025-01-01,,-4.208701,-3.470144,-0.738557,58.0,60,19,Combination,average_probability,,,0.13360959586193338
Aditya Birla Sun Life Flexi Cap Fund,2024-12-01,2025-01-01,,-3.919877,-3.470144,-0.449733,43.0,60,14,Combination,average_probability,,,0.22101370201192286
Axis ELSS Tax Saver Fund,2024-12-01,2025-01-01,,-3.643577,-3.470144,-0.173433,27.0,60,8,Combination,average_probability,,,0.388120043576829
Axis Flexi Cap Fund,2024-12-01,2025-01-01,,-6.4036,-3.470144,-2.933456,35.0,60,11,Combination,average_probability,,,0.3115019977241609
Axis Focused Fund,2024-12-01,2025-01-01,,-4.879646,-3.470144,-1.409502,47.0,60,15,Combination,average_probability,,,0.1910173054101649
Baroda BNP Paribas ELSS Tax Saver Fund,2024-12-01,2025-01-01,,-6.285185,-3.470144,-2.815041,30.0,60,9,Combination,average_probability,,,0.3781429558988781
Baroda BNP Paribas Focused Fund,2024-12-01,2025-01-01,,-6.599403,-3.470144,-3.129259,20.0,60,6,Combination,average_probability,,,0.5050605288032286
DSP ELSS Tax Saver Fund,2024-12-01,2025-01-01,,-4.27113,-3.470144,-0.800986,15.0,60,4,Combination,average_probability,,,0.5736893268610747
DSP Flexi Cap Fund,2024-12-01,2025-01-01,,-5.1035,-3.470144,-1.633356,46.0,60,15,Combination,average_probability,,,0.2027611267521069
DSP Focused Fund,2024-12-01,2025-01-01,,-3.790168,-3.470144,-0.320024,9.0,60,2,Combination,average_probability,,,0.7239178171111712
Edelweiss ELSS Tax saver Fund,2024-12-01,2025-01-01,,-5.03479,-3.470144,-1.564646,42.0,60,13,Combination,average_probability,,,0.22340983707371018
Edelweiss Flexi Cap Fund,2024-12-01,2025-01-01,,-6.151445,-3.470144,-2.681301,11.0,60,3,Combination,average_probability,,,0.64272585226046
Franklin India ELSS Tax Saver Fund,2024-12-01,2025-01-01,,-5.592759,-3.470144,-2.122615,13.0,60,4,Combination,average_probability,,,0.5921154385772899
Franklin India Flexi Cap Fund,2024-12-01,2025-01-01,,-5.41933,-3.470144,-1.949186,6.0,60,1,Combination,average_probability,,,0.7692090085075836
Franklin India Focused Equity Fund,2024-12-01,2025-01-01,,-4.566456,-3.470144,-1.096312,45.0,60,14,Combination,average_probability,,,0.20281135734500608
Franklin India Opportunities Fund,2024-12-01,2025-01-01,,-6.435277,-3.470144,-2.965133,37.0,60,12,Combination,average_probability,,,0.30086028153032596
HDFC ELSS Tax saver,2024-12-01,2025-01-01,,-2.568971,-3.470144,0.901173,25.0,60,8,Combination,average_probability,,,0.4112764167612632
HDFC Flexi Cap Fund,2024-12-01,2025-01-01,,-2.726904,-3.470144,0.74324,3.0,60,0,Combination,average_probability,,,0.8382478222707279
HDFC Focused Fund,2024-12-01,2025-01-01,,-2.74642,-3.470144,0.723724,1.0,60,0,Combination,average_probability,,,0.849747031110914
HDFC Value Fund,2024-12-01,2025-01-01,,-4.453804,-3.470144,-0.98366,7.0,60,2,Combination,average_probability,,,0.760793076047035
HSBC Flexi Cap Fund,2024-12-01,2025-01-01,,-8.142979,-3.470144,-4.672835,16.0,60,5,Combination,average_probability,,,0.5465674105741684
HSBC Focused Fund,2024-12-01,2025-01-01,,-8.771084,-3.470144,-5.30094,53.0,60,17,Combination,average_probability,,,0.16464492711661635
HSBC Tax Saver Equity Fund,2024-12-01,2025-01-01,,-8.186671,-3.470144,-4.716527,33.0,60,10,Combination,average_probability,,,0.3583515465286518
ICICI Prudential ELSS Tax Saver Fund,2024-12-01,2025-01-01,,-2.786406,-3.470144,0.683738,17.0,60,5,Combination,average_probability,,,0.5369873865475959
ICICI Prudential India Opportunities Fund,2024-12-01,2025-01-01,,-1.291564,-3.470144,2.17858,40.0,60,13,Combination,average_probability,,,0.247182443983733
ITI ELSS Tax Saver Fund,2024-12-01,2025-01-01,,-7.340815,-3.470144,-3.870671,32.0,60,10,Combination,average_probability,,,0.3587794722382516
Kotak ELSS Tax Saver Fund,2024-12-01,2025-01-01,,-6.293276,-3.470144,-2.823132,18.0,60,5,Combination,average_probability,,,0.5311835834623904
Kotak Flexi Cap Fund,2024-12-01,2025-01-01,,-2.893887,-3.470144,0.576257,31.0,60,10,Combination,average_probability,,,0.37212651570607364
Kotak Focused Fund,2024-12-01,2025-01-01,,-4.014195,-3.470144,-0.544051,52.0,60,17,Combination,average_probability,,,0.16536189275542287
LIC MF ELSS Tax Saver,2024-12-01,2025-01-01,,-5.094073,-3.470144,-1.623929,12.0,60,3,Combination,average_probability,,,0.630222552491131
LIC MF Flexi Cap Fund,2024-12-01,2025-01-01,,-6.824417,-3.470144,-3.354273,2.0,60,0,Combination,average_probability,,,0.8405208608428785
LIC MF Focused Fund,2024-12-01,2025-01-01,,-2.333221,-3.470144,1.136923,34.0,60,11,Combination,average_probability,,,0.33392701363035276
Mahindra Manulife ELSS Tax Saver Fund,2024-12-01,2025-01-01,,-3.35736,-3.470144,0.112784,39.0,60,12,Combination,average_probability,,,0.2625694674605272
Mahindra Manulife Focused Fund,2024-12-01,2025-01-01,,-1.582456,-3.470144,1.887688,22.0,60,7,Combination,average_probability,,,0.47336293861771717
Mirae Asset ELSS Tax Saver Fund,2024-12-01,2025-01-01,,-4.658138,-3.470144,-1.187994,23.0,60,7,Combination,average_probability,,,0.43299438077189084
Mirae Asset Focused Fund,2024-12-01,2025-01-01,,-6.363076,-3.470144,-2.892932,49.0,60,16,Combination,average_probability,,,0.18886136888251615
Motilal Oswal ELSS Tax Saver Fund,2024-12-01,2025-01-01,,-15.028961,-3.470144,-11.558817,29.0,60,9,Combination,average_probability,,,0.38026910976877354
Motilal Oswal Flexi Cap Fund,2024-12-01,2025-01-01,,-11.891417,-3.470144,-8.421273,14.0,60,4,Combination,average_probability,,,0.588792483476453
Motilal Oswal Focused Fund,2024-12-01,2025-01-01,,-9.702875,-3.470144,-6.232731,56.0,60,18,Combination,average_probability,,,0.14451254404681954
Navi Flexi Cap Fund,2024-12-01,2025-01-01,,-4.640898,-3.470144,-1.170754,24.0,60,7,Combination,average_probability,,,0.42231835726617867
Nippon India ELSS Tax Saver Fund,2024-12-01,2025-01-01,,-4.692683,-3.470144,-1.222539,10.0,60,3,Combination,average_probability,,,0.6593706235979498
Nippon India Value Fund,2024-12-01,2025-01-01,,-5.368608,-3.470144,-1.898464,19.0,60,6,Combination,average_probability,,,0.5204799932496268
Parag Parikh ELSS Tax Saver Fund,2024-12-01,2025-01-01,,-1.86081,-3.470144,1.609334,8.0,60,2,Combination,average_probability,,,0.7451772785103099
Parag Parikh Flexi Cap Fund,2024-12-01,2025-01-01,,-0.5807,-3.470144,2.889444,4.0,60,1,Combination,average_probability,,,0.8209233946880662
PGIM India ELSS Tax Saver Fund,2024-12-01,2025-01-01,,-4.616169,-3.470144,-1.146025,54.0,60,17,Combination,average_probability,,,0.15781403971432156
PGIM India Flexi Cap Fund,2024-12-01,2025-01-01,,-4.847747,-3.470144,-1.377603,57.0,60,18,Combination,average_probability,,,0.13836344590538865
Quant ELSS Tax Saver Fund,2024-12-01,2025-01-01,,-4.472322,-3.470144,-1.002178,21.0,60,6,Combination,average_probability,,,0.4999936193625641
Quant Focused Fund,2024-12-01,2025-01-01,,-1.981542,-3.470144,1.488602,5.0,60,1,Combination,average_probability,,,0.7709426434310069
Shriram ELSS Tax Saver Fund,2024-12-01,2025-01-01,,-12.464724,-3.470144,-8.99458,41.0,60,13,Combination,average_probability,,,0.24032817082088395
Shriram Flexi Cap Fund,2024-12-01,2025-01-01,,-12.756083,-3.470144,-9.285939,60.0,60,19,Combination,average_probability,,,0.12359582160406636
Sundaram ELSS Tax Saver Fund,2024-12-01,2025-01-01,,-3.942616,-3.470144,-0.472472,48.0,60,15,Combination,average_probability,,,0.1906456379562215
Sundaram Focused Fund,2024-12-01,2025-01-01,,-4.267578,-3.470144,-0.797434,36.0,60,11,Combination,average_probability,,,0.3082014532648756
Sundaram Value Fund,2024-12-01,2025-01-01,,-3.797437,-3.470144,-0.327293,44.0,60,14,Combination,average_probability,,,0.2028741991635056
Tata ELSS Fund,2024-12-01,2025-01-01,,-5.599734,-3.470144,-2.12959,59.0,60,19,Combination,average_probability,,,0.12492438798473195
Tata Flexi Cap Fund,2024-12-01,2025-01-01,,-1.37659,-3.470144,2.093554,55.0,60,18,Combination,average_probability,,,0.15473059437813616
Tata Focused Fund,2024-12-01,2025-01-01,,-7.453829,-3.470144,-3.983685,26.0,60,8,Combination,average_probability,,,0.4109290901416154
Tata Value Fund,2024-12-01,2025-01-01,,-6.967372,-3.470144,-3.497228,38.0,60,12,Combination,average_probability,,,0.283499533172712
UTI ELSS Tax Saver Fund,2024-12-01,2025-01-01,,-4.239837,-3.470144,-0.769693,50.0,60,16,Combination,average_probability,,,0.1848456567415827
UTI Flexi Cap Fund,2024-12-01,2025-01-01,,-3.951754,-3.470144,-0.48161,51.0,60,16,Combination,average_probability,,,0.18036264639531294
UTI Value Fund,2024-12-01,2025-01-01,,-3.000438,-3.470144,0.469706,28.0,60,9,Combination,average_probability,,,0.3855215502575351
Aditya Birla Sun Life Dividend Yield Fund,2025-01-01,2025-02-01,,-7.236039,-7.786369,0.55033,15.0,71,3,Combination,average_probability,,,0.36264048773717755
Aditya Birla Sun Life ELSS Tax Saver Fund,2025-01-01,2025-02-01,,-5.212483,-7.786369,2.573886,27.0,71,7,Combination,average_probability,,,0.26378348168156546
Aditya Birla Sun Life Flexi Cap Fund,2025-01-01,2025-02-01,,-5.79981,-7.786369,1.986559,68.0,71,18,Combination,average_probability,,,0.07657224694685967
Aditya Birla Sun Life Focused Fund,2025-01-01,2025-02-01,,-5.465014,-7.786369,2.321355,58.0,71,16,Combination,average_probability,,,0.10442337925633305
Axis ELSS Tax Saver Fund,2025-01-01,2025-02-01,,-5.338428,-7.786369,2.447941,51.0,71,14,Combination,average_probability,,,0.11677014576970103
Axis Flexi Cap Fund,2025-01-01,2025-02-01,,-7.540127,-7.786369,0.246242,63.0,71,17,Combination,average_probability,,,0.08412825859002925
Axis Focused Fund,2025-01-01,2025-02-01,,-5.238508,-7.786369,2.547861,35.0,71,9,Combination,average_probability,,,0.22193288731765767
Axis Innovation Fund,2025-01-01,2025-02-01,,-6.07221,-7.786369,1.714159,46.0,71,12,Combination,average_probability,,,0.14126456233830223
Baroda BNP Paribas ELSS Tax Saver Fund,2025-01-01,2025-02-01,,-7.137244,-7.786369,0.649125,65.0,71,18,Combination,average_probability,,,0.07746220834497736
Baroda BNP Paribas Focused Fund,2025-01-01,2025-02-01,,-8.437424,-7.786369,-0.651055,42.0,71,11,Combination,average_probability,,,0.15796640098674877
DSP ELSS Tax Saver Fund,2025-01-01,2025-02-01,,-5.012894,-7.786369,2.773475,39.0,71,10,Combination,average_probability,,,0.16755210725519984
DSP Flexi Cap Fund,2025-01-01,2025-02-01,,-5.364658,-7.786369,2.421711,50.0,71,13,Combination,average_probability,,,0.12074026110692547
DSP Focused Fund,2025-01-01,2025-02-01,,-4.189949,-7.786369,3.59642,45.0,71,12,Combination,average_probability,,,0.1489951222893731
Edelweiss ELSS Tax saver Fund,2025-01-01,2025-02-01,,-7.284713,-7.786369,0.501656,56.0,71,15,Combination,average_probability,,,0.10611835446288258
Edelweiss Flexi Cap Fund,2025-01-01,2025-02-01,,-6.79194,-7.786369,0.994429,25.0,71,6,Combination,average_probability,,,0.27602302344630164
Franklin India ELSS Tax Saver Fund,2025-01-01,2025-02-01,,-5.88627,-7.786369,1.900099,41.0,71,11,Combination,average_probability,,,0.16302434399154156
Franklin India Flexi Cap Fund,2025-01-01,2025-02-01,,-5.649296,-7.786369,2.137073,28.0,71,7,Combination,average_probability,,,0.2613830212285859
Franklin India Focused Equity Fund,2025-01-01,2025-02-01,,-4.508899,-7.786369,3.27747,14.0,71,3,Combination,average_probability,,,0.3683901444008347
Franklin India Opportunities Fund,2025-01-01,2025-02-01,,-9.034619,-7.786369,-1.24825,18.0,71,4,Combination,average_probability,,,0.3154532781166634
HDFC Dividend Yield Fund,2025-01-01,2025-02-01,,-6.882327,-7.786369,0.904042,6.0,71,1,Combination,average_probability,,,0.6003102775088979
HDFC ELSS Tax saver,2025-01-01,2025-02-01,,-3.811088,-7.786369,3.975281,4.0,71,0,Combination,average_probability,,,0.6250882045999097
HDFC Flexi Cap Fund,2025-01-01,2025-02-01,,-3.431157,-7.786369,4.355212,1.0,71,0,Combination,average_probability,,,0.7886592974958765
HDFC Focused Fund,2025-01-01,2025-02-01,,-2.837266,-7.786369,4.949103,2.0,71,0,Combination,average_probability,,,0.717737866705793
HDFC Value Fund,2025-01-01,2025-02-01,,-6.176204,-7.786369,1.610165,38.0,71,10,Combination,average_probability,,,0.185020392404832
HSBC Flexi Cap Fund,2025-01-01,2025-02-01,,-9.066471,-7.786369,-1.280102,53.0,71,14,Combination,average_probability,,,0.11151889161524464
HSBC Focused Fund,2025-01-01,2025-02-01,,-9.75888,-7.786369,-1.972511,54.0,71,14,Combination,average_probability,,,0.11118432248243337
HSBC Tax Saver Equity Fund,2025-01-01,2025-02-01,,-9.119677,-7.786369,-1.333308,70.0,71,19,Combination,average_probability,,,0.07310596132208463
ICICI Prudential Dividend Yield Equity Fund,2025-01-01,2025-02-01,,-4.475367,-7.786369,3.311002,23.0,71,6,Combination,average_probability,,,0.2923798921579969
ICICI Prudential ELSS Tax Saver Fund,2025-01-01,2025-02-01,,-4.650715,-7.786369,3.135654,49.0,71,13,Combination,average_probability,,,0.12149885684680882
ICICI Prudential India Opportunities Fund,2025-01-01,2025-02-01,,-3.64819,-7.786369,4.138179,32.0,71,8,Combination,average_probability,,,0.256986521714409
ICICI Prudential Value Fund,2025-01-01,2025-02-01,,-4.035028,-7.786369,3.751341,22.0,71,5,Combination,average_probability,,,0.30536629656919895
ITI ELSS Tax Saver Fund,2025-01-01,2025-02-01,,-7.145335,-7.786369,0.641034,26.0,71,7,Combination,average_probability,,,0.2667749149861962
Kotak Contra Fund,2025-01-01,2025-02-01,,-6.745531,-7.786369,1.040838,8.0,71,1,Combination,average_probability,,,0.5092329895148994
Kotak ELSS Tax Saver Fund,2025-01-01,2025-02-01,,-7.891379,-7.786369,-0.10501,9.0,71,2,Combination,average_probability,,,0.48012531596526314
Kotak Flexi Cap Fund,2025-01-01,2025-02-01,,-5.767472,-7.786369,2.018897,24.0,71,6,Combination,average_probability,,,0.28910852242442353
Kotak Focused Fund,2025-01-01,2025-02-01,,-5.022978,-7.786369,2.763391,48.0,71,13,Combination,average_probability,,,0.13513447424622507
LIC MF Dividend Yield Fund,2025-01-01,2025-02-01,,-7.233696,-7.786369,0.552673,31.0,71,8,Combination,average_probability,,,0.2586950049265843
LIC MF ELSS Tax Saver,2025-01-01,2025-02-01,,-6.727254,-7.786369,1.059115,57.0,71,15,Combination,average_probability,,,0.10609957004531169
LIC MF Flexi Cap Fund,2025-01-01,2025-02-01,,-10.496342,-7.786369,-2.709973,30.0,71,8,Combination,average_probability,,,0.2596382863262792
LIC MF Focused Fund,2025-01-01,2025-02-01,,-7.358125,-7.786369,0.428244,16.0,71,4,Combination,average_probability,,,0.35546980733817085
LIC MF Value Fund,2025-01-01,2025-02-01,,-12.490715,-7.786369,-4.704346,12.0,71,3,Combination,average_probability,,,0.4039177414284291
Mahindra Manulife ELSS Tax Saver Fund,2025-01-01,2025-02-01,,-5.199549,-7.786369,2.58682,20.0,71,5,Combination,average_probability,,,0.3083464234308942
Mahindra Manulife Focused Fund,2025-01-01,2025-02-01,,-4.373572,-7.786369,3.412797,10.0,71,2,Combination,average_probability,,,0.4646549799194126
Mirae Asset ELSS Tax Saver Fund,2025-01-01,2025-02-01,,-5.902226,-7.786369,1.884143,43.0,71,11,Combination,average_probability,,,0.1559267959103092
Mirae Asset Focused Fund,2025-01-01,2025-02-01,,-6.560497,-7.786369,1.225872,60.0,71,16,Combination,average_probability,,,0.09966626230273834
Motilal Oswal ELSS Tax Saver Fund,2025-01-01,2025-02-01,,-10.750704,-7.786369,-2.964335,11.0,71,2,Combination,average_probability,,,0.46099244407602197
Motilal Oswal Flexi Cap Fund,2025-01-01,2025-02-01,,-5.477515,-7.786369,2.308854,7.0,71,1,Combination,average_probability,,,0.587140740095193
Motilal Oswal Focused Fund,2025-01-01,2025-02-01,,-11.892751,-7.786369,-4.106382,21.0,71,5,Combination,average_probability,,,0.30670395330175193
Navi Flexi Cap Fund,2025-01-01,2025-02-01,,-7.579686,-7.786369,0.206683,33.0,71,9,Combination,average_probability,,,0.2513528660239624
Nippon India ELSS Tax Saver Fund,2025-01-01,2025-02-01,,-6.196526,-7.786369,1.589843,34.0,71,9,Combination,average_probability,,,0.22658909712098543
Nippon India Value Fund,2025-01-01,2025-02-01,,-5.449836,-7.786369,2.336533,47.0,71,12,Combination,average_probability,,,0.13689918129028136
Parag Parikh ELSS Tax Saver Fund,2025-01-01,2025-02-01,,-3.277708,-7.786369,4.508661,19.0,71,5,Combination,average_probability,,,0.3144000095400813
Parag Parikh Flexi Cap Fund,2025-01-01,2025-02-01,,-3.281699,-7.786369,4.50467,44.0,71,12,Combination,average_probability,,,0.15264359289358362
PGIM India ELSS Tax Saver Fund,2025-01-01,2025-02-01,,-5.899865,-7.786369,1.886504,71.0,71,19,Combination,average_probability,,,0.05943768142015024
PGIM India Flexi Cap Fund,2025-01-01,2025-02-01,,-6.296968,-7.786369,1.489401,69.0,71,19,Combination,average_probability,,,0.07412994651999953
Quant ELSS Tax Saver Fund,2025-01-01,2025-02-01,,-7.464985,-7.786369,0.321384,36.0,71,9,Combination,average_probability,,,0.2115411619395543
Quant Flexi Cap Fund,2025-01-01,2025-02-01,,-7.97638,-7.786369,-0.190011,37.0,71,10,Combination,average_probability,,,0.19937099387667248
Quant Focused Fund,2025-01-01,2025-02-01,,-7.564585,-7.786369,0.221784,13.0,71,3,Combination,average_probability,,,0.39138451776732475
Shriram ELSS Tax Saver Fund,2025-01-01,2025-02-01,,-7.029413,-7.786369,0.756956,5.0,71,1,Combination,average_probability,,,0.6099461348035707
Shriram Flexi Cap Fund,2025-01-01,2025-02-01,,-7.058566,-7.786369,0.727803,3.0,71,0,Combination,average_probability,,,0.6618193853753377
Sundaram ELSS Tax Saver Fund,2025-01-01,2025-02-01,,-5.477455,-7.786369,2.308914,67.0,71,18,Combination,average_probability,,,0.07676502351899318
Sundaram Focused Fund,2025-01-01,2025-02-01,,-4.291342,-7.786369,3.495027,61.0,71,16,Combination,average_probability,,,0.09715703106285545
Sundaram Value Fund,2025-01-01,2025-02-01,,-5.510104,-7.786369,2.276265,62.0,71,17,Combination,average_probability,,,0.08846629100306602
Tata ELSS Fund,2025-01-01,2025-02-01,,-6.747394,-7.786369,1.038975,66.0,71,18,Combination,average_probability,,,0.0772848172683007
Tata Flexi Cap Fund,2025-01-01,2025-02-01,,-4.391461,-7.786369,3.394908,55.0,71,15,Combination,average_probability,,,0.10887714939064065
Tata Focused Fund,2025-01-01,2025-02-01,,-4.993015,-7.786369,2.793354,29.0,71,7,Combination,average_probability,,,0.26022057902905743
Tata Value Fund,2025-01-01,2025-02-01,,-7.095713,-7.786369,0.690656,40.0,71,10,Combination,average_probability,,,0.16629408606976773
UTI Dividend Yield Fund,2025-01-01,2025-02-01,,-6.746851,-7.786369,1.039518,17.0,71,4,Combination,average_probability,,,0.3457098077324587
UTI ELSS Tax Saver Fund,2025-01-01,2025-02-01,,-5.968976,-7.786369,1.817393,52.0,71,14,Combination,average_probability,,,0.11648392512969426
UTI Flexi Cap Fund,2025-01-01,2025-02-01,,-5.510256,-7.786369,2.276113,64.0,71,17,Combination,average_probability,,,0.0826154479729974
UTI Value Fund,2025-01-01,2025-02-01,,-5.561363,-7.786369,2.225006,59.0,71,16,Combination,average_probability,,,0.10297982924920983
Aditya Birla Sun Life Dividend Yield Fund,2025-02-01,2025-03-01,,5.255744,7.352851,-2.097107,8.0,74,1,Combination,average_probability,,,0.6585174054296269
Aditya Birla Sun Life ELSS Tax Saver Fund,2025-02-01,2025-03-01,,6.742557,7.352851,-0.610294,18.0,74,4,Combination,average_probability,,,0.5083307000256286
Aditya Birla Sun Life Flexi Cap Fund,2025-02-01,2025-03-01,,7.799285,7.352851,0.446434,64.0,74,17,Combination,average_probability,,,0.10341967842054645
Aditya Birla Sun Life Focused Fund,2025-02-01,2025-03-01,,6.096442,7.352851,-1.256409,47.0,74,12,Combination,average_probability,,,0.16895139282470203
Aditya Birla Sun Life Value Fund,2025-02-01,2025-03-01,,9.259662,7.352851,1.906811,14.0,74,3,Combination,average_probability,,,0.5612312465671748
Axis ELSS Tax Saver Fund,2025-02-01,2025-03-01,,6.908471,7.352851,-0.44438,61.0,74,16,Combination,average_probability,,,0.11877146689755637
Axis Flexi Cap Fund,2025-02-01,2025-03-01,,8.437626,7.352851,1.084775,49.0,74,12,Combination,average_probability,,,0.1590119750029552
Axis Focused Fund,2025-02-01,2025-03-01,,7.541644,7.352851,0.188793,52.0,74,13,Combination,average_probability,,,0.15484286473204031
Axis Innovation Fund,2025-02-01,2025-03-01,,2.387886,7.352851,-4.964965,65.0,74,17,Combination,average_probability,,,0.10203368617793922
Baroda BNP Paribas ELSS Tax Saver Fund,2025-02-01,2025-03-01,,7.757537,7.352851,0.404686,72.0,74,19,Combination,average_probability,,,0.07726919675079671
Baroda BNP Paribas Focused Fund,2025-02-01,2025-03-01,,8.940257,7.352851,1.587406,17.0,74,4,Combination,average_probability,,,0.5135016056000079
DSP ELSS Tax Saver Fund,2025-02-01,2025-03-01,,8.093573,7.352851,0.740722,54.0,74,14,Combination,average_probability,,,0.13715952413069654
DSP Flexi Cap Fund,2025-02-01,2025-03-01,,8.149299,7.352851,0.796448,59.0,74,15,Combination,average_probability,,,0.12295866322482873
DSP Focused Fund,2025-02-01,2025-03-01,,8.114076,7.352851,0.761225,62.0,74,16,Combination,average_probability,,,0.11356962575657703
Edelweiss ELSS Tax saver Fund,2025-02-01,2025-03-01,,7.641076,7.352851,0.288225,31.0,74,8,Combination,average_probability,,,0.30663053868645046
Edelweiss Flexi Cap Fund,2025-02-01,2025-03-01,,7.14892,7.352851,-0.203931,58.0,74,15,Combination,average_probability,,,0.12368482318582891
Franklin India ELSS Tax Saver Fund,2025-02-01,2025-03-01,,6.464294,7.352851,-0.888557,44.0,74,11,Combination,average_probability,,,0.17956207045348369
Franklin India Flexi Cap Fund,2025-02-01,2025-03-01,,6.580458,7.352851,-0.772393,39.0,74,10,Combination,average_probability,,,0.21179997151964405
Franklin India Focused Equity Fund,2025-02-01,2025-03-01,,4.345691,7.352851,-3.00716,26.0,74,6,Combination,average_probability,,,0.36103858081205126
Franklin India Opportunities Fund,2025-02-01,2025-03-01,,6.798842,7.352851,-0.554009,30.0,74,7,Combination,average_probability,,,0.3114115180214115
HDFC Dividend Yield Fund,2025-02-01,2025-03-01,,7.000614,7.352851,-0.352237,6.0,74,1,Combination,average_probability,,,0.7241597316031516
HDFC ELSS Tax saver,2025-02-01,2025-03-01,,6.4587,7.352851,-0.894151,13.0,74,3,Combination,average_probability,,,0.5946220004483145
HDFC Flexi Cap Fund,2025-02-01,2025-03-01,,6.490708,7.352851,-0.862143,27.0,74,7,Combination,average_probability,,,0.3360281505205413
HDFC Focused Fund,2025-02-01,2025-03-01,,6.031841,7.352851,-1.32101,28.0,74,7,Combination,average_probability,,,0.3211960419645712
HDFC Value Fund,2025-02-01,2025-03-01,,6.60474,7.352851,-0.748111,24.0,74,6,Combination,average_probability,,,0.3756383064038277
HSBC Flexi Cap Fund,2025-02-01,2025-03-01,,8.444021,7.352851,1.09117,25.0,74,6,Combination,average_probability,,,0.37375742147980834
HSBC Focused Fund,2025-02-01,2025-03-01,,7.046254,7.352851,-0.306597,32.0,74,8,Combination,average_probability,,,0.29561586167285653
HSBC Tax Saver Equity Fund,2025-02-01,2025-03-01,,8.207526,7.352851,0.854675,74.0,74,19,Combination,average_probability,,,0.07202027946605037
ICICI Prudential Business Cycle Fund,2025-02-01,2025-03-01,,7.509158,7.352851,0.156307,16.0,74,4,Combination,average_probability,,,0.5212289753796487
ICICI Prudential Dividend Yield Equity Fund,2025-02-01,2025-03-01,,7.440945,7.352851,0.088094,46.0,74,12,Combination,average_probability,,,0.17787704208004781
ICICI Prudential ELSS Tax Saver Fund,2025-02-01,2025-03-01,,7.240088,7.352851,-0.112763,42.0,74,11,Combination,average_probability,,,0.1933321746591676
ICICI Prudential India Opportunities Fund,2025-02-01,2025-03-01,,5.4887,7.352851,-1.864151,55.0,74,14,Combination,average_probability,,,0.13269211233152756
ICICI Prudential Value Fund,2025-02-01,2025-03-01,,5.928103,7.352851,-1.424748,29.0,74,7,Combination,average_probability,,,0.31745644510002763
ITI ELSS Tax Saver Fund,2025-02-01,2025-03-01,,8.328144,7.352851,0.975293,12.0,74,2,Combination,average_probability,,,0.6447136822234243
Kotak Contra Fund,2025-02-01,2025-03-01,,7.392034,7.352851,0.039183,4.0,74,0,Combination,average_probability,,,0.7603352724240672
Kotak ELSS Tax Saver Fund,2025-02-01,2025-03-01,,7.595134,7.352851,0.242283,22.0,74,5,Combination,average_probability,,,0.47890410544338274
Kotak Flexi Cap Fund,2025-02-01,2025-03-01,,8.151917,7.352851,0.799066,45.0,74,11,Combination,average_probability,,,0.17841181839477901
Kotak Focused Fund,2025-02-01,2025-03-01,,6.544992,7.352851,-0.807859,43.0,74,11,Combination,average_probability,,,0.18711069595165283
LIC MF Dividend Yield Fund,2025-02-01,2025-03-01,,8.308985,7.352851,0.956134,23.0,74,5,Combination,average_probability,,,0.45570741180582247
LIC MF ELSS Tax Saver,2025-02-01,2025-03-01,,8.231762,7.352851,0.878911,71.0,74,18,Combination,average_probability,,,0.08276173311353438
LIC MF Flexi Cap Fund,2025-02-01,2025-03-01,,5.215601,7.352851,-2.13725,2.0,74,0,Combination,average_probability,,,0.7743430949902065
LIC MF Focused Fund,2025-02-01,2025-03-01,,5.849669,7.352851,-1.503182,1.0,74,0,Combination,average_probability,,,0.8045949317671273
LIC MF Value Fund,2025-02-01,2025-03-01,,7.111829,7.352851,-0.241022,10.0,74,2,Combination,average_probability,,,0.6567542180445863
Mahindra Manulife ELSS Tax Saver Fund,2025-02-01,2025-03-01,,7.311465,7.352851,-0.041386,21.0,74,5,Combination,average_probability,,,0.4934730878253231
Mahindra Manulife Focused Fund,2025-02-01,2025-03-01,,6.389038,7.352851,-0.963813,11.0,74,2,Combination,average_probability,,,0.6489549563758917
Mirae Asset ELSS Tax Saver Fund,2025-02-01,2025-03-01,,6.849461,7.352851,-0.50339,33.0,74,8,Combination,average_probability,,,0.29111925851042586
Mirae Asset Focused Fund,2025-02-01,2025-03-01,,5.100599,7.352851,-2.252252,60.0,74,15,Combination,average_probability,,,0.12027210763806277
Motilal Oswal ELSS Tax Saver Fund,2025-02-01,2025-03-01,,10.686443,7.352851,3.333592,20.0,74,5,Combination,average_probability,,,0.49935921664887495
Motilal Oswal Flexi Cap Fund,2025-02-01,2025-03-01,,8.214007,7.352851,0.861156,53.0,74,14,Combination,average_probability,,,0.13896724563464707
Motilal Oswal Focused Fund,2025-02-01,2025-03-01,,8.447434,7.352851,1.094583,5.0,74,1,Combination,average_probability,,,0.7244248733033306
Navi Flexi Cap Fund,2025-02-01,2025-03-01,,6.356716,7.352851,-0.996135,3.0,74,0,Combination,average_probability,,,0.7651601255988704
Nippon India ELSS Tax Saver Fund,2025-02-01,2025-03-01,,8.791235,7.352851,1.438384,19.0,74,4,Combination,average_probability,,,0.5082080382719827
Nippon India Value Fund,2025-02-01,2025-03-01,,6.203603,7.352851,-1.149248,57.0,74,15,Combination,average_probability,,,0.12781512966402803
Parag Parikh ELSS Tax Saver Fund,2025-02-01,2025-03-01,,5.359819,7.352851,-1.993032,34.0,74,8,Combination,average_probability,,,0.28454647281157386
Parag Parikh Flexi Cap Fund,2025-02-01,2025-03-01,,2.765318,7.352851,-4.587533,56.0,74,14,Combination,average_probability,,,0.13211055837820299
PGIM India ELSS Tax Saver Fund,2025-02-01,2025-03-01,,6.586137,7.352851,-0.766714,73.0,74,19,Combination,average_probability,,,0.07530749955697537
PGIM India Flexi Cap Fund,2025-02-01,2025-03-01,,7.27323,7.352851,-0.079621,68.0,74,18,Combination,average_probability,,,0.09561500985162842
Quant ELSS Tax Saver Fund,2025-02-01,2025-03-01,,8.134465,7.352851,0.781614,36.0,74,9,Combination,average_probability,,,0.2730698946425337
Quant Flexi Cap Fund,2025-02-01,2025-03-01,,8.766317,7.352851,1.413466,7.0,74,1,Combination,average_probability,,,0.7079695161215035
Quant Focused Fund,2025-02-01,2025-03-01,,6.028886,7.352851,-1.323965,15.0,74,3,Combination,average_probability,,,0.5426376822643423
Shriram ELSS Tax Saver Fund,2025-02-01,2025-03-01,,7.61167,7.352851,0.258819,35.0,74,9,Combination,average_probability,,,0.27909371385036175
Shriram Flexi Cap Fund,2025-02-01,2025-03-01,,7.845072,7.352851,0.492221,38.0,74,10,Combination,average_probability,,,0.24599929102942064
Sundaram Dividend Yield Fund,2025-02-01,2025-03-01,,7.614261,7.352851,0.26141,9.0,74,2,Combination,average_probability,,,0.6574151383935206
Sundaram ELSS Tax Saver Fund,2025-02-01,2025-03-01,,6.327295,7.352851,-1.025556,67.0,74,17,Combination,average_probability,,,0.09574512613855181
Sundaram Focused Fund,2025-02-01,2025-03-01,,3.473231,7.352851,-3.87962,51.0,74,13,Combination,average_probability,,,0.15591455594332126
Sundaram Value Fund,2025-02-01,2025-03-01,,6.030436,7.352851,-1.322415,69.0,74,18,Combination,average_probability,,,0.09465166000894565
Tata ELSS Fund,2025-02-01,2025-03-01,,5.425492,7.352851,-1.927359,50.0,74,13,Combination,average_probability,,,0.15747901066540623
Tata Flexi Cap Fund,2025-02-01,2025-03-01,,5.47014,7.352851,-1.882711,66.0,74,17,Combination,average_probability,,,0.09796882097344277
Tata Focused Fund,2025-02-01,2025-03-01,,4.232243,7.352851,-3.120608,48.0,74,12,Combination,average_probability,,,0.1605468372861407
Tata Value Fund,2025-02-01,2025-03-01,,6.698339,7.352851,-0.654512,40.0,74,10,Combination,average_probability,,,0.2042052444617134
UTI Dividend Yield Fund,2025-02-01,2025-03-01,,6.358923,7.352851,-0.993928,41.0,74,10,Combination,average_probability,,,0.1957994695006425
UTI ELSS Tax Saver Fund,2025-02-01,2025-03-01,,6.236512,7.352851,-1.116339,37.0,74,9,Combination,average_probability,,,0.25075350145260367
UTI Flexi Cap Fund,2025-02-01,2025-03-01,,5.040053,7.352851,-2.312798,63.0,74,16,Combination,average_probability,,,0.11189905110972975
UTI Value Fund,2025-02-01,2025-03-01,,5.887251,7.352851,-1.4656,70.0,74,18,Combination,average_probability,,,0.09240072281780687
Aditya Birla Sun Life Dividend Yield Fund,2025-03-01,2025-04-01,,0.723986,3.251256,-2.52727,13.0,75,3,Combination,average_probability,,,0.32775853914298886
Aditya Birla Sun Life ELSS Tax Saver Fund,2025-03-01,2025-04-01,,3.150123,3.251256,-0.101133,51.0,75,13,Combination,average_probability,,,0.10696216622169312
Aditya Birla Sun Life Flexi Cap Fund,2025-03-01,2025-04-01,,3.575423,3.251256,0.324167,62.0,75,16,Combination,average_probability,,,0.09102661036676789
Aditya Birla Sun Life Focused Fund,2025-03-01,2025-04-01,,3.551765,3.251256,0.300509,59.0,75,15,Combination,average_probability,,,0.09542781496138718
Aditya Birla Sun Life Value Fund,2025-03-01,2025-04-01,,0.553011,3.251256,-2.698245,26.0,75,6,Combination,average_probability,,,0.17903008874694934
Axis ELSS Tax Saver Fund,2025-03-01,2025-04-01,,3.088769,3.251256,-0.162487,71.0,75,18,Combination,average_probability,,,0.06759283365291642
Axis Flexi Cap Fund,2025-03-01,2025-04-01,,2.792256,3.251256,-0.459,68.0,75,17,Combination,average_probability,,,0.08182134557614079
Axis Focused Fund,2025-03-01,2025-04-01,,3.285106,3.251256,0.03385,69.0,75,18,Combination,average_probability,,,0.07572229993725095
Axis Innovation Fund,2025-03-01,2025-04-01,,3.356086,3.251256,0.10483,9.0,75,2,Combination,average_probability,,,0.39772019665526787
Baroda BNP Paribas ELSS Tax Saver Fund,2025-03-01,2025-04-01,,2.904757,3.251256,-0.346499,70.0,75,18,Combination,average_probability,,,0.07278699967782314
Baroda BNP Paribas Focused Fund,2025-03-01,2025-04-01,,5.450846,3.251256,2.19959,29.0,75,7,Combination,average_probability,,,0.15375137204726042
DSP ELSS Tax Saver Fund,2025-03-01,2025-04-01,,2.754592,3.251256,-0.496664,36.0,75,9,Combination,average_probability,,,0.12905045290956602
DSP Flexi Cap Fund,2025-03-01,2025-04-01,,1.800719,3.251256,-1.450537,46.0,75,12,Combination,average_probability,,,0.11285780310045956
DSP Focused Fund,2025-03-01,2025-04-01,,1.237758,3.251256,-2.013498,61.0,75,16,Combination,average_probability,,,0.09323275489244488
DSP Value Fund,2025-03-01,2025-04-01,,0.682181,3.251256,-2.569075,31.0,75,8,Combination,average_probability,,,0.1405942914731518
Edelweiss ELSS Tax saver Fund,2025-03-01,2025-04-01,,2.474916,3.251256,-0.77634,54.0,75,14,Combination,average_probability,,,0.10432300352277651
Edelweiss Flexi Cap Fund,2025-03-01,2025-04-01,,3.087169,3.251256,-0.164087,49.0,75,12,Combination,average_probability,,,0.10943098963676244
Franklin India ELSS Tax Saver Fund,2025-03-01,2025-04-01,,4.088567,3.251256,0.837311,57.0,75,14,Combination,average_probability,,,0.10034329579387406
Franklin India Flexi Cap Fund,2025-03-01,2025-04-01,,4.226786,3.251256,0.97553,44.0,75,11,Combination,average_probability,,,0.11527971099422173
Franklin India Focused Equity Fund,2025-03-01,2025-04-01,,4.899818,3.251256,1.648562,7.0,75,1,Combination,average_probability,,,0.47385504500286485
Franklin India Opportunities Fund,2025-03-01,2025-04-01,,4.337862,3.251256,1.086606,43.0,75,11,Combination,average_probability,,,0.11752518202227297
HDFC Dividend Yield Fund,2025-03-01,2025-04-01,,3.111421,3.251256,-0.139835,4.0,75,0,Combination,average_probability,,,0.6162551930123867
HDFC ELSS Tax saver,2025-03-01,2025-04-01,,4.437692,3.251256,1.186436,28.0,75,7,Combination,average_probability,,,0.16357330791337596
HDFC Flexi Cap Fund,2025-03-01,2025-04-01,,4.101172,3.251256,0.849916,32.0,75,8,Combination,average_probability,,,0.13679788818664004
HDFC Focused Fund,2025-03-01,2025-04-01,,3.597155,3.251256,0.345899,34.0,75,8,Combination,average_probability,,,0.13236760878328005
HDFC Value Fund,2025-03-01,2025-04-01,,4.895407,3.251256,1.644151,52.0,75,13,Combination,average_probability,,,0.10654194697507922
HSBC Flexi Cap Fund,2025-03-01,2025-04-01,,2.953316,3.251256,-0.29794,60.0,75,15,Combination,average_probability,,,0.09418203453716333
HSBC Focused Fund,2025-03-01,2025-04-01,,2.221178,3.251256,-1.030078,56.0,75,14,Combination,average_probability,,,0.1029584225884751
HSBC Tax Saver Equity Fund,2025-03-01,2025-04-01,,4.313425,3.251256,1.062169,67.0,75,17,Combination,average_probability,,,0.08240616893018184
ICICI Prudential Business Cycle Fund,2025-03-01,2025-04-01,,3.534923,3.251256,0.283667,27.0,75,6,Combination,average_probability,,,0.16867472682217075
ICICI Prudential Dividend Yield Equity Fund,2025-03-01,2025-04-01,,3.206303,3.251256,-0.044953,12.0,75,2,Combination,average_probability,,,0.34910984601423717
ICICI Prudential ELSS Tax Saver Fund,2025-03-01,2025-04-01,,3.898955,3.251256,0.647699,58.0,75,15,Combination,average_probability,,,0.09543632451145634
ICICI Prudential India Opportunities Fund,2025-03-01,2025-04-01,,4.09015,3.251256,0.838894,23.0,75,5,Combination,average_probability,,,0.19733541247680988
ICICI Prudential Value Fund,2025-03-01,2025-04-01,,3.460431,3.251256,0.209175,38.0,75,9,Combination,average_probability,,,0.12444698407448535
ITI ELSS Tax Saver Fund,2025-03-01,2025-04-01,,1.688847,3.251256,-1.562409,30.0,75,7,Combination,average_probability,,,0.14588677690540805
Kotak Contra Fund,2025-03-01,2025-04-01,,2.281793,3.251256,-0.969463,39.0,75,10,Combination,average_probability,,,0.12320265564991595
Kotak ELSS Tax Saver Fund,2025-03-01,2025-04-01,,3.639743,3.251256,0.388487,42.0,75,10,Combination,average_probability,,,0.11835302259030948
Kotak Flexi Cap Fund,2025-03-01,2025-04-01,,3.448395,3.251256,0.197139,66.0,75,17,Combination,average_probability,,,0.08341675174988111
Kotak Focused Fund,2025-03-01,2025-04-01,,2.967891,3.251256,-0.283365,63.0,75,16,Combination,average_probability,,,0.0908113114446787
LIC MF Dividend Yield Fund,2025-03-01,2025-04-01,,1.975731,3.251256,-1.275525,22.0,75,5,Combination,average_probability,,,0.2068113608001242
LIC MF ELSS Tax Saver,2025-03-01,2025-04-01,,0.411887,3.251256,-2.839369,65.0,75,17,Combination,average_probability,,,0.08568095948161682
LIC MF Flexi Cap Fund,2025-03-01,2025-04-01,,0.900648,3.251256,-2.350608,1.0,75,0,Combination,average_probability,,,0.7644030330484387
LIC MF Focused Fund,2025-03-01,2025-04-01,,4.009592,3.251256,0.758336,14.0,75,3,Combination,average_probability,,,0.2834762965927275
LIC MF Value Fund,2025-03-01,2025-04-01,,-0.189849,3.251256,-3.441105,15.0,75,3,Combination,average_probability,,,0.28014114351011754
Mahindra Manulife ELSS Tax Saver Fund,2025-03-01,2025-04-01,,3.438636,3.251256,0.18738,64.0,75,16,Combination,average_probability,,,0.08942148472667216
Mahindra Manulife Focused Fund,2025-03-01,2025-04-01,,3.032643,3.251256,-0.218613,5.0,75,1,Combination,average_probability,,,0.5925857652365445
Mirae Asset ELSS Tax Saver Fund,2025-03-01,2025-04-01,,3.750225,3.251256,0.498969,35.0,75,9,Combination,average_probability,,,0.13095314046225526
Mirae Asset Focused Fund,2025-03-01,2025-04-01,,3.907764,3.251256,0.656508,37.0,75,9,Combination,average_probability,,,0.12678281747911277
Motilal Oswal ELSS Tax Saver Fund,2025-03-01,2025-04-01,,1.690359,3.251256,-1.560897,33.0,75,8,Combination,average_probability,,,0.13386629818377813
Motilal Oswal Flexi Cap Fund,2025-03-01,2025-04-01,,0.232298,3.251256,-3.018958,53.0,75,13,Combination,average_probability,,,0.10597020933932859
Motilal Oswal Focused Fund,2025-03-01,2025-04-01,,0.676019,3.251256,-2.575237,21.0,75,5,Combination,average_probability,,,0.21008614142084603
Navi Flexi Cap Fund,2025-03-01,2025-04-01,,1.552898,3.251256,-1.698358,25.0,75,6,Combination,average_probability,,,0.1840511911287548
Nippon India ELSS Tax Saver Fund,2025-03-01,2025-04-01,,3.123557,3.251256,-0.127699,50.0,75,13,Combination,average_probability,,,0.10912377593515649
Nippon India Value Fund,2025-03-01,2025-04-01,,3.235885,3.251256,-0.015371,18.0,75,4,Combination,average_probability,,,0.22777263159685265
Parag Parikh ELSS Tax Saver Fund,2025-03-01,2025-04-01,,1.682883,3.251256,-1.568373,20.0,75,5,Combination,average_probability,,,0.21533052263922534
Parag Parikh Flexi Cap Fund,2025-03-01,2025-04-01,,1.878553,3.251256,-1.372703,11.0,75,2,Combination,average_probability,,,0.3633680701281515
PGIM India ELSS Tax Saver Fund,2025-03-01,2025-04-01,,3.804641,3.251256,0.553385,74.0,75,19,Combination,average_probability,,,0.061187526910392705
PGIM India Flexi Cap Fund,2025-03-01,2025-04-01,,3.402939,3.251256,0.151683,75.0,75,19,Combination,average_probability,,,0.049596021732443464
Quant ELSS Tax Saver Fund,2025-03-01,2025-04-01,,3.550288,3.251256,0.299032,10.0,75,2,Combination,average_probability,,,0.3816103552868006
Quant Flexi Cap Fund,2025-03-01,2025-04-01,,3.578566,3.251256,0.32731,3.0,75,0,Combination,average_probability,,,0.6946895090972771
Quant Focused Fund,2025-03-01,2025-04-01,,2.298942,3.251256,-0.952314,2.0,75,0,Combination,average_probability,,,0.7130118036755518
Shriram ELSS Tax Saver Fund,2025-03-01,2025-04-01,,1.285968,3.251256,-1.965288,55.0,75,14,Combination,average_probability,,,0.10427925472491267
Shriram Flexi Cap Fund,2025-03-01,2025-04-01,,1.322701,3.251256,-1.928555,45.0,75,11,Combination,average_probability,,,0.11326103863191363
Sundaram Dividend Yield Fund,2025-03-01,2025-04-01,,2.42101,3.251256,-0.830246,8.0,75,1,Combination,average_probability,,,0.4733236665605202
Sundaram ELSS Tax Saver Fund,2025-03-01,2025-04-01,,3.38182,3.251256,0.130564,72.0,75,18,Combination,average_probability,,,0.06447336391493501
Sundaram Focused Fund,2025-03-01,2025-04-01,,1.775585,3.251256,-1.475671,24.0,75,6,Combination,average_probability,,,0.19368948521173757
Sundaram Value Fund,2025-03-01,2025-04-01,,3.464306,3.251256,0.21305,73.0,75,19,Combination,average_probability,,,0.06427279949199342
Tata ELSS Fund,2025-03-01,2025-04-01,,-77.325687,3.251256,-80.576943,19.0,75,4,Combination,average_probability,,,0.21584430592436413
Tata Flexi Cap Fund,2025-03-01,2025-04-01,,4.572775,3.251256,1.321519,41.0,75,10,Combination,average_probability,,,0.12143555945167096
Tata Focused Fund,2025-03-01,2025-04-01,,2.938535,3.251256,-0.312721,6.0,75,1,Combination,average_probability,,,0.494849077236301
Tata Value Fund,2025-03-01,2025-04-01,,2.484419,3.251256,-0.766837,16.0,75,4,Combination,average_probability,,,0.24333516789569873
UTI Dividend Yield Fund,2025-03-01,2025-04-01,,2.383853,3.251256,-0.867403,17.0,75,4,Combination,average_probability,,,0.2429452638754835
UTI ELSS Tax Saver Fund,2025-03-01,2025-04-01,,3.191272,3.251256,-0.059984,48.0,75,12,Combination,average_probability,,,0.11026145811110516
UTI Flexi Cap Fund,2025-03-01,2025-04-01,,3.451552,3.251256,0.200296,47.0,75,12,Combination,average_probability,,,0.11223464762882912
UTI Value Fund,2025-03-01,2025-04-01,,2.683566,3.251256,-0.56769,40.0,75,10,Combination,average_probability,,,0.12259988149554239
Aditya Birla Sun Life Dividend Yield Fund,2025-04-01,2025-05-01,,4.277842,3.652402,0.62544,12.0,75,2,Combination,average_probability,,,0.6531716951459612
Aditya Birla Sun Life ELSS Tax Saver Fund,2025-04-01,2025-05-01,,4.66041,3.652402,1.008008,34.0,75,8,Combination,average_probability,,,0.5447741989867785
Aditya Birla Sun Life Flexi Cap Fund,2025-04-01,2025-05-01,,3.014799,3.652402,-0.637603,67.0,75,17,Combination,average_probability,,,0.3056724240680107
Aditya Birla Sun Life Focused Fund,2025-04-01,2025-05-01,,2.618279,3.652402,-1.034123,8.0,75,1,Combination,average_probability,,,0.7087498432685764
Aditya Birla Sun Life Value Fund,2025-04-01,2025-05-01,,6.061452,3.652402,2.40905,2.0,75,0,Combination,average_probability,,,0.7955580908841601
Axis ELSS Tax Saver Fund,2025-04-01,2025-05-01,,2.228007,3.652402,-1.424395,51.0,75,13,Combination,average_probability,,,0.4672778589738548
Axis Flexi Cap Fund,2025-04-01,2025-05-01,,4.273814,3.652402,0.621412,26.0,75,6,Combination,average_probability,,,0.5693009239212835
Axis Focused Fund,2025-04-01,2025-05-01,,2.966381,3.652402,-0.686021,19.0,75,4,Combination,average_probability,,,0.6041880491548167
Axis Innovation Fund,2025-04-01,2025-05-01,,5.668685,3.652402,2.016283,54.0,75,14,Combination,average_probability,,,0.43858054877914593
Baroda BNP Paribas ELSS Tax Saver Fund,2025-04-01,2025-05-01,,3.628056,3.652402,-0.024346,58.0,75,15,Combination,average_probability,,,0.3833213278983894
Baroda BNP Paribas Focused Fund,2025-04-01,2025-05-01,,2.495407,3.652402,-1.156995,30.0,75,7,Combination,average_probability,,,0.5540798836238415
DSP ELSS Tax Saver Fund,2025-04-01,2025-05-01,,2.525381,3.652402,-1.127021,75.0,75,19,Combination,average_probability,,,0.17340455823301956
DSP Flexi Cap Fund,2025-04-01,2025-05-01,,4.236796,3.652402,0.584394,31.0,75,8,Combination,average_probability,,,0.5494699206715761
DSP Focused Fund,2025-04-01,2025-05-01,,4.085187,3.652402,0.432785,66.0,75,17,Combination,average_probability,,,0.33302070214630825
DSP Value Fund,2025-04-01,2025-05-01,,4.440173,3.652402,0.787771,4.0,75,0,Combination,average_probability,,,0.7454411768721121
Edelweiss ELSS Tax saver Fund,2025-04-01,2025-05-01,,3.891971,3.652402,0.239569,47.0,75,12,Combination,average_probability,,,0.4786000007713083
Edelweiss Flexi Cap Fund,2025-04-01,2025-05-01,,2.485591,3.652402,-1.166811,40.0,75,10,Combination,average_probability,,,0.5137171880760129
Franklin India ELSS Tax Saver Fund,2025-04-01,2025-05-01,,2.415297,3.652402,-1.237105,9.0,75,2,Combination,average_probability,,,0.7069088105372819
Franklin India Flexi Cap Fund,2025-04-01,2025-05-01,,2.437813,3.652402,-1.214589,35.0,75,9,Combination,average_probability,,,0.5368343748606804
Franklin India Focused Equity Fund,2025-04-01,2025-05-01,,1.662454,3.652402,-1.989948,10.0,75,2,Combination,average_probability,,,0.6913531480370928
Franklin India Opportunities Fund,2025-04-01,2025-05-01,,3.955008,3.652402,0.302606,28.0,75,7,Combination,average_probability,,,0.5649602007820631
HDFC Dividend Yield Fund,2025-04-01,2025-05-01,,3.403173,3.652402,-0.249229,62.0,75,16,Combination,average_probability,,,0.3542894515650717
HDFC ELSS Tax saver,2025-04-01,2025-05-01,,1.580342,3.652402,-2.07206,14.0,75,3,Combination,average_probability,,,0.6384254089940744
HDFC Flexi Cap Fund,2025-04-01,2025-05-01,,1.365654,3.652402,-2.286748,38.0,75,9,Combination,average_probability,,,0.5165211506505716
HDFC Focused Fund,2025-04-01,2025-05-01,,1.898383,3.652402,-1.754019,64.0,75,16,Combination,average_probability,,,0.34662239672881007
HDFC Value Fund,2025-04-01,2025-05-01,,2.747091,3.652402,-0.905311,41.0,75,10,Combination,average_probability,,,0.5110059275960857
HSBC Flexi Cap Fund,2025-04-01,2025-05-01,,5.08508,3.652402,1.432678,74.0,75,19,Combination,average_probability,,,0.2137651803689993
HSBC Focused Fund,2025-04-01,2025-05-01,,5.43859,3.652402,1.786188,68.0,75,17,Combination,average_probability,,,0.2906543726304973
HSBC Tax Saver Equity Fund,2025-04-01,2025-05-01,,4.468728,3.652402,0.816326,55.0,75,14,Combination,average_probability,,,0.42234514394779793
ICICI Prudential Business Cycle Fund,2025-04-01,2025-05-01,,3.373097,3.652402,-0.279305,45.0,75,11,Combination,average_probability,,,0.48500065175637097
ICICI Prudential Dividend Yield Equity Fund,2025-04-01,2025-05-01,,1.40245,3.652402,-2.249952,46.0,75,12,Combination,average_probability,,,0.4811662090298611
ICICI Prudential ELSS Tax Saver Fund,2025-04-01,2025-05-01,,2.226024,3.652402,-1.426378,56.0,75,14,Combination,average_probability,,,0.4208206866794713
ICICI Prudential India Opportunities Fund,2025-04-01,2025-05-01,,2.298851,3.652402,-1.353551,61.0,75,16,Combination,average_probability,,,0.35479595453313006
ICICI Prudential Value Fund,2025-04-01,2025-05-01,,2.501966,3.652402,-1.150436,11.0,75,2,Combination,average_probability,,,0.689609583362067
ITI ELSS Tax Saver Fund,2025-04-01,2025-05-01,,8.995687,3.652402,5.343285,72.0,75,18,Combination,average_probability,,,0.25688329127361026
Kotak Contra Fund,2025-04-01,2025-05-01,,4.271928,3.652402,0.619526,65.0,75,17,Combination,average_probability,,,0.3402229124805683
Kotak ELSS Tax Saver Fund,2025-04-01,2025-05-01,,3.304604,3.652402,-0.347798,24.0,75,6,Combination,average_probability,,,0.5847459817153141
Kotak Flexi Cap Fund,2025-04-01,2025-05-01,,4.251865,3.652402,0.599463,29.0,75,7,Combination,average_probability,,,0.5633200151466872
Kotak Focused Fund,2025-04-01,2025-05-01,,3.385306,3.652402,-0.267096,44.0,75,11,Combination,average_probability,,,0.4952870590682174
LIC MF Dividend Yield Fund,2025-04-01,2025-05-01,,6.901667,3.652402,3.249265,71.0,75,18,Combination,average_probability,,,0.2595809521984728
LIC MF ELSS Tax Saver,2025-04-01,2025-05-01,,2.936625,3.652402,-0.715777,5.0,75,1,Combination,average_probability,,,0.7140986265502501
LIC MF Flexi Cap Fund,2025-04-01,2025-05-01,,6.017997,3.652402,2.365595,53.0,75,13,Combination,average_probability,,,0.4498998377278041
LIC MF Focused Fund,2025-04-01,2025-05-01,,6.265645,3.652402,2.613243,32.0,75,8,Combination,average_probability,,,0.549046660299512
LIC MF Value Fund,2025-04-01,2025-05-01,,7.391871,3.652402,3.739469,15.0,75,3,Combination,average_probability,,,0.6270078390628518
Mahindra Manulife ELSS Tax Saver Fund,2025-04-01,2025-05-01,,3.339705,3.652402,-0.312697,39.0,75,10,Combination,average_probability,,,0.514759455321582
Mahindra Manulife Focused Fund,2025-04-01,2025-05-01,,1.505592,3.652402,-2.14681,52.0,75,13,Combination,average_probability,,,0.4512158819075763
Mirae Asset ELSS Tax Saver Fund,2025-04-01,2025-05-01,,3.630089,3.652402,-0.022313,63.0,75,16,Combination,average_probability,,,0.3504196592271866
Mirae Asset Focused Fund,2025-04-01,2025-05-01,,4.754292,3.652402,1.10189,36.0,75,9,Combination,average_probability,,,0.5262368808106227
Motilal Oswal ELSS Tax Saver Fund,2025-04-01,2025-05-01,,11.835143,3.652402,8.182741,60.0,75,15,Combination,average_probability,,,0.370534497568042
Motilal Oswal Flexi Cap Fund,2025-04-01,2025-05-01,,5.026894,3.652402,1.374492,6.0,75,1,Combination,average_probability,,,0.7130312617018152
Motilal Oswal Focused Fund,2025-04-01,2025-05-01,,12.540357,3.652402,8.887955,49.0,75,12,Combination,average_probability,,,0.47427762058189377
Navi Flexi Cap Fund,2025-04-01,2025-05-01,,5.282337,3.652402,1.629935,33.0,75,8,Combination,average_probability,,,0.546598410399922
Nippon India ELSS Tax Saver Fund,2025-04-01,2025-05-01,,4.085546,3.652402,0.433144,50.0,75,13,Combination,average_probability,,,0.4709167262318427
Nippon India Value Fund,2025-04-01,2025-05-01,,3.332376,3.652402,-0.320026,70.0,75,18,Combination,average_probability,,,0.2610950722508968
Parag Parikh ELSS Tax Saver Fund,2025-04-01,2025-05-01,,2.67236,3.652402,-0.980042,20.0,75,5,Combination,average_probability,,,0.5982341592623893
Parag Parikh Flexi Cap Fund,2025-04-01,2025-05-01,,2.713818,3.652402,-0.938584,3.0,75,0,Combination,average_probability,,,0.769785085410749
PGIM India ELSS Tax Saver Fund,2025-04-01,2025-05-01,,1.663634,3.652402,-1.988768,43.0,75,11,Combination,average_probability,,,0.49704680793880707
PGIM India Flexi Cap Fund,2025-04-01,2025-05-01,,2.468212,3.652402,-1.18419,13.0,75,3,Combination,average_probability,,,0.6411299926602658
Quant ELSS Tax Saver Fund,2025-04-01,2025-05-01,,3.587392,3.652402,-0.06501,57.0,75,14,Combination,average_probability,,,0.3910133621442364
Quant Flexi Cap Fund,2025-04-01,2025-05-01,,2.133502,3.652402,-1.5189,48.0,75,12,Combination,average_probability,,,0.47680149334717986
Quant Focused Fund,2025-04-01,2025-05-01,,3.69653,3.652402,0.044128,59.0,75,15,Combination,average_probability,,,0.37574332595779375
Shriram ELSS Tax Saver Fund,2025-04-01,2025-05-01,,2.135588,3.652402,-1.516814,16.0,75,4,Combination,average_probability,,,0.6202477636434992
Shriram Flexi Cap Fund,2025-04-01,2025-05-01,,1.506658,3.652402,-2.145744,22.0,75,5,Combination,average_probability,,,0.5860392259101483
Sundaram Dividend Yield Fund,2025-04-01,2025-05-01,,1.642087,3.652402,-2.010315,21.0,75,5,Combination,average_probability,,,0.5932973875097164
Sundaram ELSS Tax Saver Fund,2025-04-01,2025-05-01,,2.80303,3.652402,-0.849372,27.0,75,6,Combination,average_probability,,,0.5659862089264225
Sundaram Focused Fund,2025-04-01,2025-05-01,,2.631649,3.652402,-1.020753,37.0,75,9,Combination,average_probability,,,0.5228484099802696
Sundaram Value Fund,2025-04-01,2025-05-01,,2.486496,3.652402,-1.165906,17.0,75,4,Combination,average_probability,,,0.6151764854196858
Tata ELSS Fund,2025-04-01,2025-05-01,,4.495324,3.652402,0.842922,1.0,75,0,Combination,average_probability,,,0.8608895306240507
Tata Flexi Cap Fund,2025-04-01,2025-05-01,,3.077916,3.652402,-0.574486,73.0,75,19,Combination,average_probability,,,0.2565057571696373
Tata Focused Fund,2025-04-01,2025-05-01,,2.394926,3.652402,-1.257476,42.0,75,10,Combination,average_probability,,,0.5009752013513069
Tata Value Fund,2025-04-01,2025-05-01,,3.326446,3.652402,-0.325956,25.0,75,6,Combination,average_probability,,,0.5845773693843698
UTI Dividend Yield Fund,2025-04-01,2025-05-01,,2.500943,3.652402,-1.151459,18.0,75,4,Combination,average_probability,,,0.6051119063981988
UTI ELSS Tax Saver Fund,2025-04-01,2025-05-01,,3.17944,3.652402,-0.472962,23.0,75,5,Combination,average_probability,,,0.5860031543879775
UTI Flexi Cap Fund,2025-04-01,2025-05-01,,2.079562,3.652402,-1.57284,7.0,75,1,Combination,average_probability,,,0.7123822396895111
UTI Value Fund,2025-04-01,2025-05-01,,2.330204,3.652402,-1.322198,69.0,75,18,Combination,average_probability,,,0.2840528941032923
Aditya Birla Sun Life Dividend Yield Fund,2025-05-01,2025-06-01,,4.060574,3.766898,0.293676,32.0,75,8,Combination,average_probability,,,0.5005439309047154
Aditya Birla Sun Life ELSS Tax Saver Fund,2025-05-01,2025-06-01,,4.164134,3.766898,0.397236,46.0,75,12,Combination,average_probability,,,0.4390973738886788
Aditya Birla Sun Life Flexi Cap Fund,2025-05-01,2025-06-01,,3.31688,3.766898,-0.450018,69.0,75,18,Combination,average_probability,,,0.1962261137244906
Aditya Birla Sun Life Focused Fund,2025-05-01,2025-06-01,,3.87432,3.766898,0.107422,16.0,75,4,Combination,average_probability,,,0.6279188760695106
Aditya Birla Sun Life Value Fund,2025-05-01,2025-06-01,,3.645284,3.766898,-0.121614,66.0,75,17,Combination,average_probability,,,0.25044777461693096
Axis ELSS Tax Saver Fund,2025-05-01,2025-06-01,,3.466085,3.766898,-0.300813,25.0,75,6,Combination,average_probability,,,0.5590006821333541
Axis Flexi Cap Fund,2025-05-01,2025-06-01,,4.098645,3.766898,0.331747,51.0,75,13,Combination,average_probability,,,0.41253820702119876
Axis Focused Fund,2025-05-01,2025-06-01,,3.953265,3.766898,0.186367,47.0,75,12,Combination,average_probability,,,0.4292746231448672
Axis Innovation Fund,2025-05-01,2025-06-01,,3.385417,3.766898,-0.381481,58.0,75,15,Combination,average_probability,,,0.32168522720945497
Baroda BNP Paribas ELSS Tax Saver Fund,2025-05-01,2025-06-01,,2.923105,3.766898,-0.843793,67.0,75,17,Combination,average_probability,,,0.22491131680961116
Baroda BNP Paribas Focused Fund,2025-05-01,2025-06-01,,4.56482,3.766898,0.797922,23.0,75,5,Combination,average_probability,,,0.5664864104078355
DSP ELSS Tax Saver Fund,2025-05-01,2025-06-01,,2.9596,3.766898,-0.807298,40.0,75,10,Combination,average_probability,,,0.45393373709431045
DSP Flexi Cap Fund,2025-05-01,2025-06-01,,2.769299,3.766898,-0.997599,41.0,75,10,Combination,average_probability,,,0.44617856613184825
DSP Focused Fund,2025-05-01,2025-06-01,,1.96988,3.766898,-1.797018,19.0,75,4,Combination,average_probability,,,0.5978177972397997
DSP Value Fund,2025-05-01,2025-06-01,,2.58581,3.766898,-1.181088,30.0,75,7,Combination,average_probability,,,0.5315973632653148
Edelweiss ELSS Tax saver Fund,2025-05-01,2025-06-01,,4.555093,3.766898,0.788195,64.0,75,16,Combination,average_probability,,,0.2906292050999264
Edelweiss Flexi Cap Fund,2025-05-01,2025-06-01,,4.660808,3.766898,0.89391,55.0,75,14,Combination,average_probability,,,0.37535965658036
Franklin India ELSS Tax Saver Fund,2025-05-01,2025-06-01,,2.917754,3.766898,-0.849144,37.0,75,9,Combination,average_probability,,,0.46846937227640106
Franklin India Flexi Cap Fund,2025-05-01,2025-06-01,,3.147418,3.766898,-0.61948,44.0,75,11,Combination,average_probability,,,0.4433621207215537
Franklin India Focused Equity Fund,2025-05-01,2025-06-01,,3.395775,3.766898,-0.371123,53.0,75,13,Combination,average_probability,,,0.3871987317623842
Franklin India Opportunities Fund,2025-05-01,2025-06-01,,2.784976,3.766898,-0.981922,24.0,75,6,Combination,average_probability,,,0.5615109178686712
HDFC Dividend Yield Fund,2025-05-01,2025-06-01,,3.302703,3.766898,-0.464195,56.0,75,14,Combination,average_probability,,,0.3709782911570094
HDFC ELSS Tax saver,2025-05-01,2025-06-01,,2.994768,3.766898,-0.77213,6.0,75,1,Combination,average_probability,,,0.7213914133415217
HDFC Flexi Cap Fund,2025-05-01,2025-06-01,,2.762676,3.766898,-1.004222,4.0,75,0,Combination,average_probability,,,0.7493189895801645
HDFC Focused Fund,2025-05-01,2025-06-01,,2.739683,3.766898,-1.027215,45.0,75,11,Combination,average_probability,,,0.4406832679959396
HDFC Value Fund,2025-05-01,2025-06-01,,4.379749,3.766898,0.612851,61.0,75,16,Combination,average_probability,,,0.3064149972033109
HSBC Flexi Cap Fund,2025-05-01,2025-06-01,,4.593736,3.766898,0.826838,71.0,75,18,Combination,average_probability,,,0.18225475410739866
HSBC Focused Fund,2025-05-01,2025-06-01,,3.981603,3.766898,0.214705,42.0,75,10,Combination,average_probability,,,0.44600769687974756
HSBC Tax Saver Equity Fund,2025-05-01,2025-06-01,,4.29233,3.766898,0.525432,62.0,75,16,Combination,average_probability,,,0.3017337658570551
ICICI Prudential Business Cycle Fund,2025-05-01,2025-06-01,,3.422205,3.766898,-0.344693,48.0,75,12,Combination,average_probability,,,0.4286721342706652
ICICI Prudential Dividend Yield Equity Fund,2025-05-01,2025-06-01,,3.028711,3.766898,-0.738187,14.0,75,3,Combination,average_probability,,,0.6612244453883859
ICICI Prudential ELSS Tax Saver Fund,2025-05-01,2025-06-01,,2.690437,3.766898,-1.076461,35.0,75,9,Combination,average_probability,,,0.47032749063874113
ICICI Prudential India Opportunities Fund,2025-05-01,2025-06-01,,2.717533,3.766898,-1.049365,11.0,75,2,Combination,average_probability,,,0.6731847879678511
ICICI Prudential Value Fund,2025-05-01,2025-06-01,,2.360253,3.766898,-1.406645,10.0,75,2,Combination,average_probability,,,0.6749690844237265
ITI ELSS Tax Saver Fund,2025-05-01,2025-06-01,,3.784685,3.766898,0.017787,72.0,75,18,Combination,average_probability,,,0.13459332616880204
Kotak Contra Fund,2025-05-01,2025-06-01,,4.145774,3.766898,0.378876,63.0,75,16,Combination,average_probability,,,0.29543261441238455
Kotak ELSS Tax Saver Fund,2025-05-01,2025-06-01,,3.685192,3.766898,-0.081706,57.0,75,14,Combination,average_probability,,,0.3510615337502032
Kotak Flexi Cap Fund,2025-05-01,2025-06-01,,4.482674,3.766898,0.715776,68.0,75,17,Combination,average_probability,,,0.22302324698935108
Kotak Focused Fund,2025-05-01,2025-06-01,,4.891101,3.766898,1.124203,50.0,75,13,Combination,average_probability,,,0.41309875038020216
LIC MF Dividend Yield Fund,2025-05-01,2025-06-01,,3.185384,3.766898,-0.581514,75.0,75,19,Combination,average_probability,,,0.11422467862368063
LIC MF ELSS Tax Saver,2025-05-01,2025-06-01,,3.336301,3.766898,-0.430597,31.0,75,8,Combination,average_probability,,,0.5060066688531331
LIC MF Flexi Cap Fund,2025-05-01,2025-06-01,,4.424458,3.766898,0.65756,74.0,75,19,Combination,average_probability,,,0.11921686125556386
LIC MF Focused Fund,2025-05-01,2025-06-01,,2.888897,3.766898,-0.878001,29.0,75,7,Combination,average_probability,,,0.5361194998292819
LIC MF Value Fund,2025-05-01,2025-06-01,,2.82242,3.766898,-0.944478,36.0,75,9,Combination,average_probability,,,0.46888707396696433
Mahindra Manulife ELSS Tax Saver Fund,2025-05-01,2025-06-01,,3.618128,3.766898,-0.14877,38.0,75,9,Combination,average_probability,,,0.46682564622071654
Mahindra Manulife Focused Fund,2025-05-01,2025-06-01,,3.360275,3.766898,-0.406623,21.0,75,5,Combination,average_probability,,,0.5881478492464741
Mirae Asset ELSS Tax Saver Fund,2025-05-01,2025-06-01,,4.07404,3.766898,0.307142,43.0,75,11,Combination,average_probability,,,0.44593652285126123
Mirae Asset Focused Fund,2025-05-01,2025-06-01,,2.572674,3.766898,-1.194224,9.0,75,2,Combination,average_probability,,,0.6750744410203152
Motilal Oswal ELSS Tax Saver Fund,2025-05-01,2025-06-01,,3.16728,3.766898,-0.599618,70.0,75,18,Combination,average_probability,,,0.18928828009883936
Motilal Oswal Flexi Cap Fund,2025-05-01,2025-06-01,,6.004555,3.766898,2.237657,20.0,75,5,Combination,average_probability,,,0.5974184514956246
Motilal Oswal Focused Fund,2025-05-01,2025-06-01,,1.116905,3.766898,-2.649993,73.0,75,19,Combination,average_probability,,,0.12825405399692288
Navi Flexi Cap Fund,2025-05-01,2025-06-01,,3.420694,3.766898,-0.346204,49.0,75,12,Combination,average_probability,,,0.41677679174891447
Nippon India ELSS Tax Saver Fund,2025-05-01,2025-06-01,,2.708324,3.766898,-1.058574,65.0,75,17,Combination,average_probability,,,0.28124229440078813
Nippon India Value Fund,2025-05-01,2025-06-01,,3.208815,3.766898,-0.558083,60.0,75,15,Combination,average_probability,,,0.3077339041717373
Parag Parikh ELSS Tax Saver Fund,2025-05-01,2025-06-01,,3.500845,3.766898,-0.266053,2.0,75,0,Combination,average_probability,,,0.7924452511550455
Parag Parikh Flexi Cap Fund,2025-05-01,2025-06-01,,3.473778,3.766898,-0.29312,3.0,75,0,Combination,average_probability,,,0.7520358613311157
PGIM India ELSS Tax Saver Fund,2025-05-01,2025-06-01,,4.014319,3.766898,0.247421,33.0,75,8,Combination,average_probability,,,0.49277628430809345
PGIM India Flexi Cap Fund,2025-05-01,2025-06-01,,4.452555,3.766898,0.685657,39.0,75,10,Combination,average_probability,,,0.4574667307334597
Quant ELSS Tax Saver Fund,2025-05-01,2025-06-01,,4.658866,3.766898,0.891968,59.0,75,15,Combination,average_probability,,,0.3092812925536754
Quant Flexi Cap Fund,2025-05-01,2025-06-01,,3.286892,3.766898,-0.480006,34.0,75,8,Combination,average_probability,,,0.48928140357917926
Quant Focused Fund,2025-05-01,2025-06-01,,4.466797,3.766898,0.699899,52.0,75,13,Combination,average_probability,,,0.39276605964304195
Shriram ELSS Tax Saver Fund,2025-05-01,2025-06-01,,5.019285,3.766898,1.252387,17.0,75,4,Combination,average_probability,,,0.6120696277055868
Shriram Flexi Cap Fund,2025-05-01,2025-06-01,,5.002438,3.766898,1.23554,18.0,75,4,Combination,average_probability,,,0.6068290229005813
Sundaram Dividend Yield Fund,2025-05-01,2025-06-01,,2.443107,3.766898,-1.323791,8.0,75,1,Combination,average_probability,,,0.6961677212338183
Sundaram ELSS Tax Saver Fund,2025-05-01,2025-06-01,,2.974578,3.766898,-0.79232,13.0,75,3,Combination,average_probability,,,0.6682705332360234
Sundaram Focused Fund,2025-05-01,2025-06-01,,3.742449,3.766898,-0.024449,28.0,75,7,Combination,average_probability,,,0.5433274034697967
Sundaram Value Fund,2025-05-01,2025-06-01,,3.322756,3.766898,-0.444142,26.0,75,6,Combination,average_probability,,,0.5561115219542242
Tata ELSS Fund,2025-05-01,2025-06-01,,3.206392,3.766898,-0.560506,1.0,75,0,Combination,average_probability,,,0.8475904575982108
Tata Flexi Cap Fund,2025-05-01,2025-06-01,,3.772098,3.766898,0.0052,54.0,75,14,Combination,average_probability,,,0.37904060053705085
Tata Focused Fund,2025-05-01,2025-06-01,,2.810793,3.766898,-0.956105,27.0,75,6,Combination,average_probability,,,0.5465702828869659
Tata Value Fund,2025-05-01,2025-06-01,,4.001902,3.766898,0.235004,5.0,75,1,Combination,average_probability,,,0.7244634833898479
UTI Dividend Yield Fund,2025-05-01,2025-06-01,,3.350267,3.766898,-0.416631,12.0,75,2,Combination,average_probability,,,0.6721889293872101
UTI ELSS Tax Saver Fund,2025-05-01,2025-06-01,,3.69613,3.766898,-0.070768,22.0,75,5,Combination,average_probability,,,0.5812928823398987
UTI Flexi Cap Fund,2025-05-01,2025-06-01,,4.06725,3.766898,0.300352,15.0,75,3,Combination,average_probability,,,0.6398311497024004
UTI Value Fund,2025-05-01,2025-06-01,,4.082593,3.766898,0.315695,7.0,75,1,Combination,average_probability,,,0.7023432322393682
Aditya Birla Sun Life Dividend Yield Fund,2025-06-01,2025-07-01,,-3.783436,-2.826766,-0.95667,36.0,76,9,Combination,average_probability,,,0.5675553048552127
Aditya Birla Sun Life ELSS Tax Saver Fund,2025-06-01,2025-07-01,,-1.390312,-2.826766,1.436454,61.0,76,15,Combination,average_probability,,,0.3271611019917231
Aditya Birla Sun Life Flexi Cap Fund,2025-06-01,2025-07-01,,-2.419581,-2.826766,0.407185,54.0,76,13,Combination,average_probability,,,0.3883606204231565
Aditya Birla Sun Life Focused Fund,2025-06-01,2025-07-01,,-3.519318,-2.826766,-0.692552,5.0,76,1,Combination,average_probability,,,0.7980937033632761
Aditya Birla Sun Life Value Fund,2025-06-01,2025-07-01,,-3.902245,-2.826766,-1.075479,34.0,76,8,Combination,average_probability,,,0.5774078639519566
Axis ELSS Tax Saver Fund,2025-06-01,2025-07-01,,-1.950935,-2.826766,0.875831,19.0,76,4,Combination,average_probability,,,0.6945252697349833
Axis Flexi Cap Fund,2025-06-01,2025-07-01,,-1.401869,-2.826766,1.424897,45.0,76,11,Combination,average_probability,,,0.4977282230818612
Axis Focused Fund,2025-06-01,2025-07-01,,-2.128973,-2.826766,0.697793,14.0,76,3,Combination,average_probability,,,0.7143529802422574
Axis Innovation Fund,2025-06-01,2025-07-01,,-0.151668,-2.826766,2.675098,49.0,76,12,Combination,average_probability,,,0.4563674692682185
Baroda BNP Paribas ELSS Tax Saver Fund,2025-06-01,2025-07-01,,-1.428475,-2.826766,1.398291,52.0,76,13,Combination,average_probability,,,0.3982017759976593
Baroda BNP Paribas Focused Fund,2025-06-01,2025-07-01,,-2.70909,-2.826766,0.117676,46.0,76,11,Combination,average_probability,,,0.4924184015169743
DSP ELSS Tax Saver Fund,2025-06-01,2025-07-01,,-2.03088,-2.826766,0.795886,20.0,76,5,Combination,average_probability,,,0.6813901321182189
DSP Flexi Cap Fund,2025-06-01,2025-07-01,,-2.513713,-2.826766,0.313053,32.0,76,8,Combination,average_probability,,,0.5870938102605087
DSP Focused Fund,2025-06-01,2025-07-01,,-0.711622,-2.826766,2.115144,43.0,76,11,Combination,average_probability,,,0.5146431142655137
DSP Value Fund,2025-06-01,2025-07-01,,-0.686869,-2.826766,2.139897,15.0,76,3,Combination,average_probability,,,0.7118192573909825
Edelweiss ELSS Tax saver Fund,2025-06-01,2025-07-01,,-3.720372,-2.826766,-0.893606,62.0,76,16,Combination,average_probability,,,0.3223227228443269
Edelweiss Flexi Cap Fund,2025-06-01,2025-07-01,,-2.954352,-2.826766,-0.127586,17.0,76,4,Combination,average_probability,,,0.707267826873506
Franklin India ELSS Tax Saver Fund,2025-06-01,2025-07-01,,-2.163416,-2.826766,0.66335,40.0,76,10,Combination,average_probability,,,0.5467148686653034
Franklin India Flexi Cap Fund,2025-06-01,2025-07-01,,-2.28367,-2.826766,0.543096,39.0,76,10,Combination,average_probability,,,0.5470245874897982
Franklin India Focused Equity Fund,2025-06-01,2025-07-01,,-0.657649,-2.826766,2.169117,50.0,76,12,Combination,average_probability,,,0.4505635258744303
Franklin India Opportunities Fund,2025-06-01,2025-07-01,,-0.021947,-2.826766,2.804819,56.0,76,14,Combination,average_probability,,,0.3717587558903311
HDFC Dividend Yield Fund,2025-06-01,2025-07-01,,-2.141423,-2.826766,0.685343,44.0,76,11,Combination,average_probability,,,0.5033974574671817
HDFC ELSS Tax saver,2025-06-01,2025-07-01,,-1.692944,-2.826766,1.133822,6.0,76,1,Combination,average_probability,,,0.7892752793843826
HDFC Flexi Cap Fund,2025-06-01,2025-07-01,,-1.42336,-2.826766,1.403406,4.0,76,0,Combination,average_probability,,,0.8040008755273989
HDFC Focused Fund,2025-06-01,2025-07-01,,-1.426343,-2.826766,1.400423,31.0,76,7,Combination,average_probability,,,0.5942858132077942
HDFC Value Fund,2025-06-01,2025-07-01,,-1.924005,-2.826766,0.902761,60.0,76,15,Combination,average_probability,,,0.32939093816549114
HSBC Flexi Cap Fund,2025-06-01,2025-07-01,,-2.062491,-2.826766,0.764275,70.0,76,18,Combination,average_probability,,,0.2561108741162834
HSBC Focused Fund,2025-06-01,2025-07-01,,0.285526,-2.826766,3.112292,48.0,76,12,Combination,average_probability,,,0.4644714121857147
HSBC Tax Saver Equity Fund,2025-06-01,2025-07-01,,-0.685391,-2.826766,2.141375,65.0,76,16,Combination,average_probability,,,0.29421255951125597
ICICI Prudential Business Cycle Fund,2025-06-01,2025-07-01,,-1.269231,-2.826766,1.557535,9.0,76,2,Combination,average_probability,,,0.7537133528813635
ICICI Prudential Dividend Yield Equity Fund,2025-06-01,2025-07-01,,-1.05514,-2.826766,1.771626,7.0,76,1,Combination,average_probability,,,0.7678434414160096
ICICI Prudential ELSS Tax Saver Fund,2025-06-01,2025-07-01,,-1.293215,-2.826766,1.533551,12.0,76,2,Combination,average_probability,,,0.71737586013987
ICICI Prudential India Opportunities Fund,2025-06-01,2025-07-01,,-1.703967,-2.826766,1.122799,22.0,76,5,Combination,average_probability,,,0.6780892668284713
ICICI Prudential Value Fund,2025-06-01,2025-07-01,,-1.449943,-2.826766,1.376823,8.0,76,1,Combination,average_probability,,,0.7582888428374849
ITI ELSS Tax Saver Fund,2025-06-01,2025-07-01,,-3.540241,-2.826766,-0.713475,66.0,76,17,Combination,average_probability,,,0.275625414623612
Kotak Contra Fund,2025-06-01,2025-07-01,,-1.484519,-2.826766,1.342247,73.0,76,18,Combination,average_probability,,,0.23847056691995502
Kotak ELSS Tax Saver Fund,2025-06-01,2025-07-01,,-1.609406,-2.826766,1.21736,59.0,76,15,Combination,average_probability,,,0.3372286686443178
Kotak Flexi Cap Fund,2025-06-01,2025-07-01,,-2.698229,-2.826766,0.128537,57.0,76,14,Combination,average_probability,,,0.3671081738862981
Kotak Focused Fund,2025-06-01,2025-07-01,,-1.271156,-2.826766,1.55561,35.0,76,8,Combination,average_probability,,,0.5719817552674821
LIC MF Dividend Yield Fund,2025-06-01,2025-07-01,,-2.610832,-2.826766,0.215934,71.0,76,18,Combination,average_probability,,,0.2530932276710183
LIC MF ELSS Tax Saver,2025-06-01,2025-07-01,,-1.079761,-2.826766,1.747005,64.0,76,16,Combination,average_probability,,,0.29845528090169254
LIC MF Flexi Cap Fund,2025-06-01,2025-07-01,,0.247737,-2.826766,3.074503,55.0,76,14,Combination,average_probability,,,0.3745126856787074
LIC MF Focused Fund,2025-06-01,2025-07-01,,-3.669305,-2.826766,-0.842539,1.0,76,0,Combination,average_probability,,,0.8704941541393133
LIC MF Value Fund,2025-06-01,2025-07-01,,-0.402271,-2.826766,2.424495,75.0,76,19,Combination,average_probability,,,0.2166226996592068
Mahindra Manulife ELSS Tax Saver Fund,2025-06-01,2025-07-01,,-2.32814,-2.826766,0.498626,51.0,76,13,Combination,average_probability,,,0.41048648402714755
Mahindra Manulife Focused Fund,2025-06-01,2025-07-01,,-2.982759,-2.826766,-0.155993,24.0,76,6,Combination,average_probability,,,0.6623645033899704
Mirae Asset ELSS Tax Saver Fund,2025-06-01,2025-07-01,,-1.494619,-2.826766,1.332147,53.0,76,13,Combination,average_probability,,,0.3898080189877334
Mirae Asset Focused Fund,2025-06-01,2025-07-01,,0.298041,-2.826766,3.124807,29.0,76,7,Combination,average_probability,,,0.63850337783629
Motilal Oswal ELSS Tax Saver Fund,2025-06-01,2025-07-01,,-2.598029,-2.826766,0.228737,67.0,76,17,Combination,average_probability,,,0.27422028779677016
Motilal Oswal Flexi Cap Fund,2025-06-01,2025-07-01,,-2.742449,-2.826766,0.084317,72.0,76,18,Combination,average_probability,,,0.24834138151584692
Motilal Oswal Focused Fund,2025-06-01,2025-07-01,,-1.285508,-2.826766,1.541258,41.0,76,10,Combination,average_probability,,,0.5261504423287636
Navi Flexi Cap Fund,2025-06-01,2025-07-01,,-2.182449,-2.826766,0.644317,26.0,76,6,Combination,average_probability,,,0.6484362972709955
Nippon India ELSS Tax Saver Fund,2025-06-01,2025-07-01,,-1.041355,-2.826766,1.785411,68.0,76,17,Combination,average_probability,,,0.2673113959698437
Nippon India Value Fund,2025-06-01,2025-07-01,,-2.144009,-2.826766,0.682757,69.0,76,17,Combination,average_probability,,,0.2628338534010594
Parag Parikh ELSS Tax Saver Fund,2025-06-01,2025-07-01,,-1.651004,-2.826766,1.175762,3.0,76,0,Combination,average_probability,,,0.8380778375015575
Parag Parikh Flexi Cap Fund,2025-06-01,2025-07-01,,-0.559352,-2.826766,2.267414,27.0,76,6,Combination,average_probability,,,0.6403093204403452
PGIM India ELSS Tax Saver Fund,2025-06-01,2025-07-01,,-1.576743,-2.826766,1.250023,37.0,76,9,Combination,average_probability,,,0.5593229197239812
PGIM India Flexi Cap Fund,2025-06-01,2025-07-01,,-1.260799,-2.826766,1.565967,74.0,76,19,Combination,average_probability,,,0.23669235036477768
Quant ELSS Tax Saver Fund,2025-06-01,2025-07-01,,-2.958102,-2.826766,-0.131336,63.0,76,16,Combination,average_probability,,,0.3103388605268906
Quant Flexi Cap Fund,2025-06-01,2025-07-01,,-2.744113,-2.826766,0.082653,58.0,76,15,Combination,average_probability,,,0.35229583398527914
Quant Focused Fund,2025-06-01,2025-07-01,,-3.435639,-2.826766,-0.608873,33.0,76,8,Combination,average_probability,,,0.5861022655716732
Shriram ELSS Tax Saver Fund,2025-06-01,2025-07-01,,-1.942555,-2.826766,0.884211,25.0,76,6,Combination,average_probability,,,0.6530870806451375
Shriram Flexi Cap Fund,2025-06-01,2025-07-01,,-1.967353,-2.826766,0.859413,42.0,76,10,Combination,average_probability,,,0.5218753066601726
Sundaram Dividend Yield Fund,2025-06-01,2025-07-01,,-2.028501,-2.826766,0.798265,18.0,76,4,Combination,average_probability,,,0.7050047369253635
Sundaram ELSS Tax Saver Fund,2025-06-01,2025-07-01,,-0.654619,-2.826766,2.172147,21.0,76,5,Combination,average_probability,,,0.6786558237450553
Sundaram Focused Fund,2025-06-01,2025-07-01,,-1.146442,-2.826766,1.680324,28.0,76,7,Combination,average_probability,,,0.6385694929497333
Sundaram Value Fund,2025-06-01,2025-07-01,,-0.683409,-2.826766,2.143357,23.0,76,5,Combination,average_probability,,,0.6673187729039386
Tata Dividend Yield Fund,2025-06-01,2025-07-01,,-2.313772,-2.826766,0.512994,76.0,76,19,Combination,average_probability,,,0.20645460817687392
Tata ELSS Fund,2025-06-01,2025-07-01,,-2.089293,-2.826766,0.737473,2.0,76,0,Combination,average_probability,,,0.8503215940778084
Tata Flexi Cap Fund,2025-06-01,2025-07-01,,-2.553825,-2.826766,0.272941,16.0,76,3,Combination,average_probability,,,0.709224600357925
Tata Focused Fund,2025-06-01,2025-07-01,,-0.762687,-2.826766,2.064079,30.0,76,7,Combination,average_probability,,,0.622741756056374
Tata Value Fund,2025-06-01,2025-07-01,,-2.30186,-2.826766,0.524906,47.0,76,12,Combination,average_probability,,,0.4692477042039702
UTI Dividend Yield Fund,2025-06-01,2025-07-01,,-1.941778,-2.826766,0.884988,10.0,76,2,Combination,average_probability,,,0.7435645714465232
UTI ELSS Tax Saver Fund,2025-06-01,2025-07-01,,-3.081335,-2.826766,-0.254569,38.0,76,9,Combination,average_probability,,,0.5478672862682569
UTI Flexi Cap Fund,2025-06-01,2025-07-01,,-1.730453,-2.826766,1.096313,13.0,76,3,Combination,average_probability,,,0.7152396078110442
UTI Value Fund,2025-06-01,2025-07-01,,-1.868021,-2.826766,0.958745,11.0,76,2,Combination,average_probability,,,0.7307906023230238
Aditya Birla Sun Life Dividend Yield Fund,2025-07-01,2025-08-01,,-2.235785,-1.816508,-0.419277,57.0,77,14,Combination,average_probability,,,0.8013765421072878
Aditya Birla Sun Life ELSS Tax Saver Fund,2025-07-01,2025-08-01,,-1.35974,-1.816508,0.456768,54.0,77,13,Combination,average_probability,,,0.8127378106666118
Aditya Birla Sun Life Flexi Cap Fund,2025-07-01,2025-08-01,,-1.377552,-1.816508,0.438956,74.0,77,18,Combination,average_probability,,,0.6303487403922475
Aditya Birla Sun Life Focused Fund,2025-07-01,2025-08-01,,-1.774747,-1.816508,0.041761,29.0,77,7,Combination,average_probability,,,0.8667953207541829
Aditya Birla Sun Life Value Fund,2025-07-01,2025-08-01,,-4.554645,-1.816508,-2.738137,27.0,77,6,Combination,average_probability,,,0.867828450441726
Axis ELSS Tax Saver Fund,2025-07-01,2025-08-01,,-0.221685,-1.816508,1.594823,28.0,77,7,Combination,average_probability,,,0.8671250311962928
Axis Flexi Cap Fund,2025-07-01,2025-08-01,,-1.331512,-1.816508,0.484996,22.0,77,5,Combination,average_probability,,,0.8709637609944999
Axis Focused Fund,2025-07-01,2025-08-01,,-0.685368,-1.816508,1.13114,11.0,77,2,Combination,average_probability,,,0.8853566459428596
Axis Innovation Fund,2025-07-01,2025-08-01,,0.255754,-1.816508,2.072262,42.0,77,10,Combination,average_probability,,,0.8484460552751303
Baroda BNP Paribas ELSS Tax Saver Fund,2025-07-01,2025-08-01,,-1.409789,-1.816508,0.406719,15.0,77,3,Combination,average_probability,,,0.8819844423309781
Baroda BNP Paribas Focused Fund,2025-07-01,2025-08-01,,-4.557699,-1.816508,-2.741191,19.0,77,4,Combination,average_probability,,,0.8759770015675583
DSP ELSS Tax Saver Fund,2025-07-01,2025-08-01,,-3.255264,-1.816508,-1.438756,25.0,77,6,Combination,average_probability,,,0.8694026134887444
DSP Flexi Cap Fund,2025-07-01,2025-08-01,,-2.163934,-1.816508,-0.347426,13.0,77,3,Combination,average_probability,,,0.8830563245803708
DSP Focused Fund,2025-07-01,2025-08-01,,-4.057525,-1.816508,-2.241017,2.0,77,0,Combination,average_probability,,,0.8993611209302502
DSP Value Fund,2025-07-01,2025-08-01,,-0.692104,-1.816508,1.124404,62.0,77,15,Combination,average_probability,,,0.7711915353367851
Edelweiss ELSS Tax saver Fund,2025-07-01,2025-08-01,,-1.928887,-1.816508,-0.112379,3.0,77,0,Combination,average_probability,,,0.8916365716403435
Edelweiss Flexi Cap Fund,2025-07-01,2025-08-01,,-1.056184,-1.816508,0.760324,5.0,77,1,Combination,average_probability,,,0.8913811910631321
Franklin India ELSS Tax Saver Fund,2025-07-01,2025-08-01,,-2.625575,-1.816508,-0.809067,17.0,77,4,Combination,average_probability,,,0.8785393841770249
Franklin India Flexi Cap Fund,2025-07-01,2025-08-01,,-2.62848,-1.816508,-0.811972,14.0,77,3,Combination,average_probability,,,0.8822432882745218
Franklin India Focused Equity Fund,2025-07-01,2025-08-01,,-1.224724,-1.816508,0.591784,45.0,77,11,Combination,average_probability,,,0.8434683382898974
Franklin India Opportunities Fund,2025-07-01,2025-08-01,,-0.526166,-1.816508,1.290342,56.0,77,14,Combination,average_probability,,,0.8037183685008406
HDFC Dividend Yield Fund,2025-07-01,2025-08-01,,-2.171692,-1.816508,-0.355184,61.0,77,15,Combination,average_probability,,,0.7726092466594605
HDFC ELSS Tax saver,2025-07-01,2025-08-01,,-0.363345,-1.816508,1.453163,32.0,77,8,Combination,average_probability,,,0.8643615716635294
HDFC Flexi Cap Fund,2025-07-01,2025-08-01,,-0.075793,-1.816508,1.740715,66.0,77,16,Combination,average_probability,,,0.7578622999643277
HDFC Focused Fund,2025-07-01,2025-08-01,,0.393313,-1.816508,2.209821,71.0,77,18,Combination,average_probability,,,0.7264827329553589
HDFC Value Fund,2025-07-01,2025-08-01,,-2.742077,-1.816508,-0.925569,44.0,77,11,Combination,average_probability,,,0.8451418905872151
HSBC Flexi Cap Fund,2025-07-01,2025-08-01,,-2.462326,-1.816508,-0.645818,36.0,77,9,Combination,average_probability,,,0.85819399471113
HSBC Focused Fund,2025-07-01,2025-08-01,,-2.550981,-1.816508,-0.734473,38.0,77,9,Combination,average_probability,,,0.8553519892318739
HSBC Tax Saver Equity Fund,2025-07-01,2025-08-01,,-3.798099,-1.816508,-1.981591,72.0,77,18,Combination,average_probability,,,0.7207370847736164
ICICI Prudential Business Cycle Fund,2025-07-01,2025-08-01,,-0.620155,-1.816508,1.196353,68.0,77,17,Combination,average_probability,,,0.742508881541084
ICICI Prudential Dividend Yield Equity Fund,2025-07-01,2025-08-01,,-1.009064,-1.816508,0.807444,48.0,77,12,Combination,average_probability,,,0.8315034841237846
ICICI Prudential ELSS Tax Saver Fund,2025-07-01,2025-08-01,,-0.72658,-1.816508,1.089928,43.0,77,10,Combination,average_probability,,,0.847994103053287
ICICI Prudential India Opportunities Fund,2025-07-01,2025-08-01,,-2.005657,-1.816508,-0.189149,60.0,77,15,Combination,average_probability,,,0.7853229524897829
ICICI Prudential Value Fund,2025-07-01,2025-08-01,,-1.062324,-1.816508,0.754184,23.0,77,5,Combination,average_probability,,,0.8701714125761773
ITI ELSS Tax Saver Fund,2025-07-01,2025-08-01,,-3.482272,-1.816508,-1.665764,6.0,77,1,Combination,average_probability,,,0.8898611384507876
ITI Value Fund,2025-07-01,2025-08-01,,-4.120891,-1.816508,-2.304383,8.0,77,1,Combination,average_probability,,,0.888441182109438
Kotak Contra Fund,2025-07-01,2025-08-01,,-1.301438,-1.816508,0.51507,7.0,77,1,Combination,average_probability,,,0.8891926330183791
Kotak ELSS Tax Saver Fund,2025-07-01,2025-08-01,,-2.710737,-1.816508,-0.894229,40.0,77,10,Combination,average_probability,,,0.8533212694030743
Kotak Flexi Cap Fund,2025-07-01,2025-08-01,,-2.806706,-1.816508,-0.990198,26.0,77,6,Combination,average_probability,,,0.8678475469269115
Kotak Focused Fund,2025-07-01,2025-08-01,,-0.581332,-1.816508,1.235176,46.0,77,11,Combination,average_probability,,,0.8434541424758742
LIC MF Dividend Yield Fund,2025-07-01,2025-08-01,,-2.737489,-1.816508,-0.920981,10.0,77,2,Combination,average_probability,,,0.8858691797192915
LIC MF ELSS Tax Saver,2025-07-01,2025-08-01,,-2.922574,-1.816508,-1.106066,30.0,77,7,Combination,average_probability,,,0.8666118398835865
LIC MF Flexi Cap Fund,2025-07-01,2025-08-01,,-0.543368,-1.816508,1.27314,69.0,77,17,Combination,average_probability,,,0.7392342583357658
LIC MF Focused Fund,2025-07-01,2025-08-01,,-0.784517,-1.816508,1.031991,20.0,77,4,Combination,average_probability,,,0.8722266255346884
LIC MF Value Fund,2025-07-01,2025-08-01,,-3.968272,-1.816508,-2.151764,70.0,77,17,Combination,average_probability,,,0.7322425182989191
Mahindra Manulife ELSS Tax Saver Fund,2025-07-01,2025-08-01,,-1.567433,-1.816508,0.249075,64.0,77,16,Combination,average_probability,,,0.7644272338867907
Mahindra Manulife Focused Fund,2025-07-01,2025-08-01,,-1.909094,-1.816508,-0.092586,31.0,77,7,Combination,average_probability,,,0.8649770629341501
Mirae Asset ELSS Tax Saver Fund,2025-07-01,2025-08-01,,-2.433477,-1.816508,-0.616969,39.0,77,9,Combination,average_probability,,,0.8536281905763943
Mirae Asset Focused Fund,2025-07-01,2025-08-01,,-1.954007,-1.816508,-0.137499,75.0,77,19,Combination,average_probability,,,0.5651291586000884
Motilal Oswal ELSS Tax Saver Fund,2025-07-01,2025-08-01,,-5.229307,-1.816508,-3.412799,21.0,77,5,Combination,average_probability,,,0.8715584321370926
Motilal Oswal Flexi Cap Fund,2025-07-01,2025-08-01,,-1.31247,-1.816508,0.504038,35.0,77,8,Combination,average_probability,,,0.859707571362499
Motilal Oswal Focused Fund,2025-07-01,2025-08-01,,-4.504242,-1.816508,-2.687734,50.0,77,12,Combination,average_probability,,,0.8270068459739247
Navi Flexi Cap Fund,2025-07-01,2025-08-01,,-1.393999,-1.816508,0.422509,9.0,77,2,Combination,average_probability,,,0.887043392069712
Nippon India ELSS Tax Saver Fund,2025-07-01,2025-08-01,,-2.615131,-1.816508,-0.798623,4.0,77,0,Combination,average_probability,,,0.8915020077444815
Nippon India Value Fund,2025-07-01,2025-08-01,,-2.777806,-1.816508,-0.961298,37.0,77,9,Combination,average_probability,,,0.8574178962677338
Parag Parikh ELSS Tax Saver Fund,2025-07-01,2025-08-01,,-1.788814,-1.816508,0.027694,53.0,77,13,Combination,average_probability,,,0.8171723866538008
Parag Parikh Flexi Cap Fund,2025-07-01,2025-08-01,,-0.911529,-1.816508,0.904979,67.0,77,17,Combination,average_probability,,,0.7528263922115842
PGIM India ELSS Tax Saver Fund,2025-07-01,2025-08-01,,-2.170117,-1.816508,-0.353609,18.0,77,4,Combination,average_probability,,,0.8784306845926881
PGIM India Flexi Cap Fund,2025-07-01,2025-08-01,,-1.084394,-1.816508,0.732114,77.0,77,19,Combination,average_probability,,,0.5015924352258955
Quant ELSS Tax Saver Fund,2025-07-01,2025-08-01,,-3.339504,-1.816508,-1.522996,73.0,77,18,Combination,average_probability,,,0.7189163801706253
Quant Flexi Cap Fund,2025-07-01,2025-08-01,,-4.92348,-1.816508,-3.106972,49.0,77,12,Combination,average_probability,,,0.8281053168885198
Quant Focused Fund,2025-07-01,2025-08-01,,-3.79339,-1.816508,-1.976882,24.0,77,5,Combination,average_probability,,,0.8699552807230821
Shriram ELSS Tax Saver Fund,2025-07-01,2025-08-01,,-3.319322,-1.816508,-1.502814,52.0,77,13,Combination,average_probability,,,0.8182722113148712
Shriram Flexi Cap Fund,2025-07-01,2025-08-01,,-3.284862,-1.816508,-1.468354,47.0,77,11,Combination,average_probability,,,0.8363196447543654
Sundaram Dividend Yield Fund,2025-07-01,2025-08-01,,-1.81749,-1.816508,-0.000982,12.0,77,2,Combination,average_probability,,,0.883338740200511
Sundaram ELSS Tax Saver Fund,2025-07-01,2025-08-01,,-1.113065,-1.816508,0.703443,58.0,77,14,Combination,average_probability,,,0.7987857615144239
Sundaram Focused Fund,2025-07-01,2025-08-01,,-2.269804,-1.816508,-0.453296,55.0,77,14,Combination,average_probability,,,0.8126456979173283
Sundaram Value Fund,2025-07-01,2025-08-01,,-1.478572,-1.816508,0.337936,59.0,77,15,Combination,average_probability,,,0.7967949849544533
Tata Dividend Yield Fund,2025-07-01,2025-08-01,,-3.030177,-1.816508,-1.213669,51.0,77,12,Combination,average_probability,,,0.825952879033065
Tata ELSS Fund,2025-07-01,2025-08-01,,-3.020901,-1.816508,-1.204393,63.0,77,16,Combination,average_probability,,,0.7667712583578764
Tata Flexi Cap Fund,2025-07-01,2025-08-01,,-1.512607,-1.816508,0.303901,1.0,77,0,Combination,average_probability,,,0.9033825292148153
Tata Focused Fund,2025-07-01,2025-08-01,,-0.752028,-1.816508,1.06448,65.0,77,16,Combination,average_probability,,,0.7639112852644923
Tata Value Fund,2025-07-01,2025-08-01,,-3.715918,-1.816508,-1.89941,16.0,77,3,Combination,average_probability,,,0.879178043845807
UTI Dividend Yield Fund,2025-07-01,2025-08-01,,-1.555419,-1.816508,0.261089,41.0,77,10,Combination,average_probability,,,0.8492724805019622
UTI ELSS Tax Saver Fund,2025-07-01,2025-08-01,,-1.897293,-1.816508,-0.080785,76.0,77,19,Combination,average_probability,,,0.5641502095707439
UTI Flexi Cap Fund,2025-07-01,2025-08-01,,-0.467385,-1.816508,1.349123,33.0,77,8,Combination,average_probability,,,0.8633300572454164
UTI Value Fund,2025-07-01,2025-08-01,,-1.772309,-1.816508,0.044199,34.0,77,8,Combination,average_probability,,,0.8622875405974314
Aditya Birla Sun Life Dividend Yield Fund,2025-08-01,2025-09-01,,1.522487,1.253765,0.268722,54.0,77,13,Combination,average_probability,,,0.8180831185610894
Aditya Birla Sun Life ELSS Tax Saver Fund,2025-08-01,2025-09-01,,0.449506,1.253765,-0.804259,26.0,77,6,Combination,average_probability,,,0.8659166546147743
Aditya Birla Sun Life Flexi Cap Fund,2025-08-01,2025-09-01,,1.01432,1.253765,-0.239445,47.0,77,11,Combination,average_probability,,,0.8331096431132733
Aditya Birla Sun Life Focused Fund,2025-08-01,2025-09-01,,0.591735,1.253765,-0.66203,69.0,77,17,Combination,average_probability,,,0.7631839470366785
Aditya Birla Sun Life Value Fund,2025-08-01,2025-09-01,,2.777751,1.253765,1.523986,56.0,77,14,Combination,average_probability,,,0.8159196773812415
Axis ELSS Tax Saver Fund,2025-08-01,2025-09-01,,0.178955,1.253765,-1.07481,33.0,77,8,Combination,average_probability,,,0.859790362637812
Axis Flexi Cap Fund,2025-08-01,2025-09-01,,1.107266,1.253765,-0.146499,50.0,77,12,Combination,average_probability,,,0.827407837876497
Axis Focused Fund,2025-08-01,2025-09-01,,0.481464,1.253765,-0.772301,55.0,77,14,Combination,average_probability,,,0.8162118646376881
Axis Innovation Fund,2025-08-01,2025-09-01,,1.22449,1.253765,-0.029275,76.0,77,19,Combination,average_probability,,,0.7214003949210753
Baroda BNP Paribas ELSS Tax Saver Fund,2025-08-01,2025-09-01,,0.395952,1.253765,-0.857813,28.0,77,7,Combination,average_probability,,,0.8649975356874996
Baroda BNP Paribas Focused Fund,2025-08-01,2025-09-01,,0.86015,1.253765,-0.393615,17.0,77,4,Combination,average_probability,,,0.873661611220773
DSP ELSS Tax Saver Fund,2025-08-01,2025-09-01,,1.903178,1.253765,0.649413,12.0,77,2,Combination,average_probability,,,0.8769966379587917
DSP Flexi Cap Fund,2025-08-01,2025-09-01,,1.956034,1.253765,0.702269,9.0,77,2,Combination,average_probability,,,0.8787488912570075
DSP Focused Fund,2025-08-01,2025-09-01,,2.348186,1.253765,1.094421,27.0,77,6,Combination,average_probability,,,0.8652374385119675
DSP Value Fund,2025-08-01,2025-09-01,,3.271937,1.253765,2.018172,37.0,77,9,Combination,average_probability,,,0.8525291835609012
Edelweiss ELSS Tax saver Fund,2025-08-01,2025-09-01,,1.4297,1.253765,0.175935,39.0,77,9,Combination,average_probability,,,0.845344409119582
Edelweiss Flexi Cap Fund,2025-08-01,2025-09-01,,1.125473,1.253765,-0.128292,57.0,77,14,Combination,average_probability,,,0.8148469128020515
Franklin India ELSS Tax Saver Fund,2025-08-01,2025-09-01,,0.291884,1.253765,-0.961881,24.0,77,5,Combination,average_probability,,,0.8677427369532555
Franklin India Flexi Cap Fund,2025-08-01,2025-09-01,,0.369215,1.253765,-0.88455,30.0,77,7,Combination,average_probability,,,0.8640415237108116
Franklin India Focused Equity Fund,2025-08-01,2025-09-01,,0.461932,1.253765,-0.791833,49.0,77,12,Combination,average_probability,,,0.8276046613628982
Franklin India Opportunities Fund,2025-08-01,2025-09-01,,0.721568,1.253765,-0.532197,41.0,77,10,Combination,average_probability,,,0.8406819653559229
HDFC Dividend Yield Fund,2025-08-01,2025-09-01,,1.400008,1.253765,0.146243,36.0,77,9,Combination,average_probability,,,0.8552586965862677
HDFC ELSS Tax saver,2025-08-01,2025-09-01,,0.88804,1.253765,-0.365725,11.0,77,2,Combination,average_probability,,,0.8777066522532392
HDFC Flexi Cap Fund,2025-08-01,2025-09-01,,1.726478,1.253765,0.472713,65.0,77,16,Combination,average_probability,,,0.8002363417139536
HDFC Focused Fund,2025-08-01,2025-09-01,,1.052288,1.253765,-0.201477,68.0,77,17,Combination,average_probability,,,0.7800785765367926
HDFC Value Fund,2025-08-01,2025-09-01,,1.335727,1.253765,0.081962,3.0,77,0,Combination,average_probability,,,0.8892722031043094
HSBC Flexi Cap Fund,2025-08-01,2025-09-01,,1.328194,1.253765,0.074429,10.0,77,2,Combination,average_probability,,,0.8778467639561992
HSBC Focused Fund,2025-08-01,2025-09-01,,0.753402,1.253765,-0.500363,22.0,77,5,Combination,average_probability,,,0.8699703837440227
HSBC Tax Saver Equity Fund,2025-08-01,2025-09-01,,0.102468,1.253765,-1.151297,62.0,77,15,Combination,average_probability,,,0.802544588603364
ICICI Prudential Business Cycle Fund,2025-08-01,2025-09-01,,1.521061,1.253765,0.267296,63.0,77,16,Combination,average_probability,,,0.8009744915632541
ICICI Prudential Dividend Yield Equity Fund,2025-08-01,2025-09-01,,1.485833,1.253765,0.232068,13.0,77,3,Combination,average_probability,,,0.8762690582848927
ICICI Prudential ELSS Tax Saver Fund,2025-08-01,2025-09-01,,0.965793,1.253765,-0.287972,45.0,77,11,Combination,average_probability,,,0.837375633266855
ICICI Prudential India Opportunities Fund,2025-08-01,2025-09-01,,1.52191,1.253765,0.268145,2.0,77,0,Combination,average_probability,,,0.8898925172463544
ICICI Prudential Value Fund,2025-08-01,2025-09-01,,0.656387,1.253765,-0.597378,14.0,77,3,Combination,average_probability,,,0.8756331775092597
ITI ELSS Tax Saver Fund,2025-08-01,2025-09-01,,3.159833,1.253765,1.906068,35.0,77,8,Combination,average_probability,,,0.8561723986194619
ITI Value Fund,2025-08-01,2025-09-01,,2.732355,1.253765,1.47859,25.0,77,6,Combination,average_probability,,,0.8662637941305803
Kotak Contra Fund,2025-08-01,2025-09-01,,1.857895,1.253765,0.60413,21.0,77,5,Combination,average_probability,,,0.8713060067764756
Kotak ELSS Tax Saver Fund,2025-08-01,2025-09-01,,1.30329,1.253765,0.049525,19.0,77,4,Combination,average_probability,,,0.8732086760721844
Kotak Flexi Cap Fund,2025-08-01,2025-09-01,,1.690525,1.253765,0.43676,1.0,77,0,Combination,average_probability,,,0.8930288932128035
Kotak Focused Fund,2025-08-01,2025-09-01,,1.539914,1.253765,0.286149,71.0,77,18,Combination,average_probability,,,0.7612532111875822
LIC MF Dividend Yield Fund,2025-08-01,2025-09-01,,1.719891,1.253765,0.466126,31.0,77,7,Combination,average_probability,,,0.8614232205715101
LIC MF ELSS Tax Saver,2025-08-01,2025-09-01,,1.063058,1.253765,-0.190707,43.0,77,10,Combination,average_probability,,,0.8390107900717229
LIC MF Flexi Cap Fund,2025-08-01,2025-09-01,,2.050166,1.253765,0.796401,59.0,77,15,Combination,average_probability,,,0.8032276554249607
LIC MF Focused Fund,2025-08-01,2025-09-01,,-0.513774,1.253765,-1.767539,48.0,77,12,Combination,average_probability,,,0.832406428239496
LIC MF Value Fund,2025-08-01,2025-09-01,,2.13509,1.253765,0.881325,58.0,77,14,Combination,average_probability,,,0.8126154580743433
Mahindra Manulife ELSS Tax Saver Fund,2025-08-01,2025-09-01,,0.372054,1.253765,-0.881711,73.0,77,18,Combination,average_probability,,,0.7520653577491062
Mahindra Manulife Focused Fund,2025-08-01,2025-09-01,,1.343392,1.253765,0.089627,52.0,77,13,Combination,average_probability,,,0.8213618229645937
Mirae Asset ELSS Tax Saver Fund,2025-08-01,2025-09-01,,1.578285,1.253765,0.32452,6.0,77,1,Combination,average_probability,,,0.8824671651702971
Mirae Asset Focused Fund,2025-08-01,2025-09-01,,-0.586373,1.253765,-1.840138,46.0,77,11,Combination,average_probability,,,0.835705371994583
Motilal Oswal ELSS Tax Saver Fund,2025-08-01,2025-09-01,,3.393844,1.253765,2.140079,44.0,77,11,Combination,average_probability,,,0.8388957064735574
Motilal Oswal Flexi Cap Fund,2025-08-01,2025-09-01,,-2.041352,1.253765,-3.295117,75.0,77,19,Combination,average_probability,,,0.738317581282744
Motilal Oswal Focused Fund,2025-08-01,2025-09-01,,0.941197,1.253765,-0.312568,74.0,77,18,Combination,average_probability,,,0.7498106621957302
Navi Flexi Cap Fund,2025-08-01,2025-09-01,,1.33384,1.253765,0.080075,8.0,77,1,Combination,average_probability,,,0.8788917997020006
Nippon India ELSS Tax Saver Fund,2025-08-01,2025-09-01,,1.307099,1.253765,0.053334,5.0,77,1,Combination,average_probability,,,0.8872819032980582
Nippon India Value Fund,2025-08-01,2025-09-01,,2.282302,1.253765,1.028537,51.0,77,12,Combination,average_probability,,,0.82292252003895
Parag Parikh ELSS Tax Saver Fund,2025-08-01,2025-09-01,,0.770865,1.253765,-0.4829,15.0,77,3,Combination,average_probability,,,0.8749743463247248
Parag Parikh Flexi Cap Fund,2025-08-01,2025-09-01,,1.122058,1.253765,-0.131707,77.0,77,19,Combination,average_probability,,,0.6063251608942909
PGIM India ELSS Tax Saver Fund,2025-08-01,2025-09-01,,-0.229475,1.253765,-1.48324,38.0,77,9,Combination,average_probability,,,0.8481875304764004
PGIM India Flexi Cap Fund,2025-08-01,2025-09-01,,-0.119161,1.253765,-1.372926,64.0,77,16,Combination,average_probability,,,0.8005728292658656
Quant ELSS Tax Saver Fund,2025-08-01,2025-09-01,,3.63473,1.253765,2.380965,61.0,77,15,Combination,average_probability,,,0.8025595343551991
Quant Flexi Cap Fund,2025-08-01,2025-09-01,,3.653059,1.253765,2.399294,66.0,77,16,Combination,average_probability,,,0.8000645970603023
Quant Focused Fund,2025-08-01,2025-09-01,,2.394445,1.253765,1.14068,72.0,77,18,Combination,average_probability,,,0.7570648297439436
Shriram ELSS Tax Saver Fund,2025-08-01,2025-09-01,,1.083896,1.253765,-0.169869,29.0,77,7,Combination,average_probability,,,0.8648617796471602
Shriram Flexi Cap Fund,2025-08-01,2025-09-01,,1.036084,1.253765,-0.217681,32.0,77,8,Combination,average_probability,,,0.8599143425061744
Sundaram Dividend Yield Fund,2025-08-01,2025-09-01,,2.01606,1.253765,0.762295,4.0,77,0,Combination,average_probability,,,0.8882153269758191
Sundaram ELSS Tax Saver Fund,2025-08-01,2025-09-01,,-0.182596,1.253765,-1.436361,42.0,77,10,Combination,average_probability,,,0.8401793138274044
Sundaram Focused Fund,2025-08-01,2025-09-01,,0.10275,1.253765,-1.151015,53.0,77,13,Combination,average_probability,,,0.8198886518726902
Sundaram Value Fund,2025-08-01,2025-09-01,,-0.607016,1.253765,-1.860781,60.0,77,15,Combination,average_probability,,,0.8028411225591333
Tata Dividend Yield Fund,2025-08-01,2025-09-01,,2.363147,1.253765,1.109382,16.0,77,3,Combination,average_probability,,,0.8744408692816257
Tata ELSS Fund,2025-08-01,2025-09-01,,2.109164,1.253765,0.855399,67.0,77,17,Combination,average_probability,,,0.7818405784949213
Tata Flexi Cap Fund,2025-08-01,2025-09-01,,0.932419,1.253765,-0.321346,7.0,77,1,Combination,average_probability,,,0.879547496846618
Tata Focused Fund,2025-08-01,2025-09-01,,0.615454,1.253765,-0.638311,40.0,77,10,Combination,average_probability,,,0.8417693258692962
Tata Value Fund,2025-08-01,2025-09-01,,2.354559,1.253765,1.100794,23.0,77,5,Combination,average_probability,,,0.8687232876120689
UTI Dividend Yield Fund,2025-08-01,2025-09-01,,1.00509,1.253765,-0.248675,18.0,77,4,Combination,average_probability,,,0.8734466164550806
UTI ELSS Tax Saver Fund,2025-08-01,2025-09-01,,0.909991,1.253765,-0.343774,70.0,77,17,Combination,average_probability,,,0.7613875845232817
UTI Flexi Cap Fund,2025-08-01,2025-09-01,,-0.837716,1.253765,-2.091481,34.0,77,8,Combination,average_probability,,,0.8579727851098445
UTI Value Fund,2025-08-01,2025-09-01,,0.803216,1.253765,-0.450549,20.0,77,4,Combination,average_probability,,,0.8717305795236244
Aditya Birla Sun Life Dividend Yield Fund,2025-09-01,2025-10-01,,2.906953,4.342917,-1.435964,60.0,81,14,Combination,average_probability,,,0.8276632513249756
Aditya Birla Sun Life ELSS Tax Saver Fund,2025-09-01,2025-10-01,,3.450318,4.342917,-0.892599,73.0,81,17,Combination,average_probability,,,0.7920537390636125
Aditya Birla Sun Life Flexi Cap Fund,2025-09-01,2025-10-01,,4.339532,4.342917,-0.003385,10.0,81,2,Combination,average_probability,,,0.8845532963579674
Aditya Birla Sun Life Focused Fund,2025-09-01,2025-10-01,,4.923803,4.342917,0.580886,64.0,81,15,Combination,average_probability,,,0.8181114142867677
Aditya Birla Sun Life Value Fund,2025-09-01,2025-10-01,,3.896505,4.342917,-0.446412,59.0,81,14,Combination,average_probability,,,0.8297018220726035
Axis ELSS Tax Saver Fund,2025-09-01,2025-10-01,,3.033557,4.342917,-1.30936,76.0,81,18,Combination,average_probability,,,0.7595033438062119
Axis Flexi Cap Fund,2025-09-01,2025-10-01,,2.621723,4.342917,-1.721194,57.0,81,13,Combination,average_probability,,,0.8315025719181192
Axis Focused Fund,2025-09-01,2025-10-01,,3.053921,4.342917,-1.288996,49.0,81,11,Combination,average_probability,,,0.8440513033316072
Axis Innovation Fund,2025-09-01,2025-10-01,,2.198901,4.342917,-2.144016,21.0,81,4,Combination,average_probability,,,0.8705710280976953
Baroda BNP Paribas ELSS Tax Saver Fund,2025-09-01,2025-10-01,,4.189987,4.342917,-0.15293,7.0,81,1,Combination,average_probability,,,0.8869745327272249
Baroda BNP Paribas Focused Fund,2025-09-01,2025-10-01,,4.70739,4.342917,0.364473,70.0,81,17,Combination,average_probability,,,0.7991334676165591
DSP ELSS Tax Saver Fund,2025-09-01,2025-10-01,,2.521577,4.342917,-1.82134,71.0,81,17,Combination,average_probability,,,0.7986775841183129
DSP Flexi Cap Fund,2025-09-01,2025-10-01,,2.003973,4.342917,-2.338944,13.0,81,2,Combination,average_probability,,,0.8813697950023589
DSP Focused Fund,2025-09-01,2025-10-01,,2.61741,4.342917,-1.725507,45.0,81,10,Combination,average_probability,,,0.8461563782217109
DSP Value Fund,2025-09-01,2025-10-01,,2.66591,4.342917,-1.677007,80.0,81,19,Combination,average_probability,,,0.67907737473085
Edelweiss ELSS Tax saver Fund,2025-09-01,2025-10-01,,4.352188,4.342917,0.009271,51.0,81,12,Combination,average_probability,,,0.8393776573107372
Edelweiss Flexi Cap Fund,2025-09-01,2025-10-01,,3.796142,4.342917,-0.546775,54.0,81,13,Combination,average_probability,,,0.8345201351946315
Franklin India ELSS Tax Saver Fund,2025-09-01,2025-10-01,,3.455896,4.342917,-0.887021,35.0,81,8,Combination,average_probability,,,0.8542431587528762
Franklin India Flexi Cap Fund,2025-09-01,2025-10-01,,3.426612,4.342917,-0.916305,38.0,81,9,Combination,average_probability,,,0.8511392458606347
Franklin India Focused Equity Fund,2025-09-01,2025-10-01,,2.6358,4.342917,-1.707117,55.0,81,13,Combination,average_probability,,,0.8334889759710675
Franklin India Opportunities Fund,2025-09-01,2025-10-01,,2.767311,4.342917,-1.575606,48.0,81,11,Combination,average_probability,,,0.8448654748376154
HDFC Dividend Yield Fund,2025-09-01,2025-10-01,,3.376437,4.342917,-0.96648,63.0,81,15,Combination,average_probability,,,0.8210850919138362
HDFC ELSS Tax saver,2025-09-01,2025-10-01,,2.707661,4.342917,-1.635256,27.0,81,6,Combination,average_probability,,,0.8654772764584496
HDFC Flexi Cap Fund,2025-09-01,2025-10-01,,2.47796,4.342917,-1.864957,3.0,81,0,Combination,average_probability,,,0.8909989589456176
HDFC Focused Fund,2025-09-01,2025-10-01,,2.283822,4.342917,-2.059095,41.0,81,9,Combination,average_probability,,,0.8492413941465075
HDFC Value Fund,2025-09-01,2025-10-01,,4.177343,4.342917,-0.165574,1.0,81,0,Combination,average_probability,,,0.8982923622161384
HSBC Flexi Cap Fund,2025-09-01,2025-10-01,,3.099367,4.342917,-1.24355,15.0,81,3,Combination,average_probability,,,0.8809783299648148
HSBC Focused Fund,2025-09-01,2025-10-01,,1.896634,4.342917,-2.446283,46.0,81,11,Combination,average_probability,,,0.8453430723211648
HSBC Tax Saver Equity Fund,2025-09-01,2025-10-01,,2.391932,4.342917,-1.950985,26.0,81,6,Combination,average_probability,,,0.8665299844094041
ICICI Prudential Business Cycle Fund,2025-09-01,2025-10-01,,3.095147,4.342917,-1.24777,56.0,81,13,Combination,average_probability,,,0.8327892105866606
ICICI Prudential Dividend Yield Equity Fund,2025-09-01,2025-10-01,,3.364897,4.342917,-0.97802,34.0,81,8,Combination,average_probability,,,0.8545095278998946
ICICI Prudential ELSS Tax Saver Fund,2025-09-01,2025-10-01,,2.404251,4.342917,-1.938666,61.0,81,14,Combination,average_probability,,,0.8268979405386797
ICICI Prudential India Opportunities Fund,2025-09-01,2025-10-01,,3.481823,4.342917,-0.861094,11.0,81,2,Combination,average_probability,,,0.8835066010978029
ICICI Prudential Value Fund,2025-09-01,2025-10-01,,3.047957,4.342917,-1.29496,14.0,81,3,Combination,average_probability,,,0.8811480792473549
ITI ELSS Tax Saver Fund,2025-09-01,2025-10-01,,4.29479,4.342917,-0.048127,53.0,81,12,Combination,average_probability,,,0.8349586824771705
ITI Value Fund,2025-09-01,2025-10-01,,3.508968,4.342917,-0.833949,40.0,81,9,Combination,average_probability,,,0.8498426938045966
Kotak Contra Fund,2025-09-01,2025-10-01,,2.736254,4.342917,-1.606663,22.0,81,5,Combination,average_probability,,,0.8696468681890918
Kotak ELSS Tax Saver Fund,2025-09-01,2025-10-01,,2.183299,4.342917,-2.159618,17.0,81,3,Combination,average_probability,,,0.8732443018944439
Kotak Flexi Cap Fund,2025-09-01,2025-10-01,,3.049818,4.342917,-1.293099,2.0,81,0,Combination,average_probability,,,0.8973714491426054
Kotak Focused Fund,2025-09-01,2025-10-01,,3.568897,4.342917,-0.77402,32.0,81,7,Combination,average_probability,,,0.8565312852255443
LIC MF Dividend Yield Fund,2025-09-01,2025-10-01,,3.444199,4.342917,-0.898718,23.0,81,5,Combination,average_probability,,,0.8695722549338131
LIC MF ELSS Tax Saver,2025-09-01,2025-10-01,,2.260217,4.342917,-2.0827,69.0,81,16,Combination,average_probability,,,0.8051932308556515
LIC MF Flexi Cap Fund,2025-09-01,2025-10-01,,2.889599,4.342917,-1.453318,81.0,81,19,Combination,average_probability,,,0.6657052478318587
LIC MF Focused Fund,2025-09-01,2025-10-01,,2.451418,4.342917,-1.891499,74.0,81,18,Combination,average_probability,,,0.7870088793904753
LIC MF Value Fund,2025-09-01,2025-10-01,,2.722552,4.342917,-1.620365,29.0,81,6,Combination,average_probability,,,0.8640157613761028
Mahindra Manulife ELSS Tax Saver Fund,2025-09-01,2025-10-01,,2.705725,4.342917,-1.637192,33.0,81,7,Combination,average_probability,,,0.8564365754470401
Mahindra Manulife Flexi Cap Fund,2025-09-01,2025-10-01,,2.766992,4.342917,-1.575925,12.0,81,2,Combination,average_probability,,,0.8820998707537603
Mahindra Manulife Focused Fund,2025-09-01,2025-10-01,,3.676527,4.342917,-0.66639,75.0,81,18,Combination,average_probability,,,0.77164309331182
Mirae Asset ELSS Tax Saver Fund,2025-09-01,2025-10-01,,3.884757,4.342917,-0.45816,4.0,81,0,Combination,average_probability,,,0.8903142544988283
Mirae Asset Focused Fund,2025-09-01,2025-10-01,,2.485228,4.342917,-1.857689,62.0,81,15,Combination,average_probability,,,0.8228148205929943
Motilal Oswal ELSS Tax Saver Fund,2025-09-01,2025-10-01,,2.174987,4.342917,-2.16793,67.0,81,16,Combination,average_probability,,,0.807295271722204
Motilal Oswal Flexi Cap Fund,2025-09-01,2025-10-01,,3.766802,4.342917,-0.576115,79.0,81,19,Combination,average_probability,,,0.700750751290467
Motilal Oswal Focused Fund,2025-09-01,2025-10-01,,3.689322,4.342917,-0.653595,39.0,81,9,Combination,average_probability,,,0.8502210950699792
Navi Flexi Cap Fund,2025-09-01,2025-10-01,,3.2688,4.342917,-1.074117,8.0,81,1,Combination,average_probability,,,0.8863618518396494
Nippon India ELSS Tax Saver Fund,2025-09-01,2025-10-01,,2.865032,4.342917,-1.477885,5.0,81,0,Combination,average_probability,,,0.8887681369110693
Nippon India Flexi Cap Fund,2025-09-01,2025-10-01,,2.629644,4.342917,-1.713273,43.0,81,10,Combination,average_probability,,,0.8473707528621094
Nippon India Value Fund,2025-09-01,2025-10-01,,3.673562,4.342917,-0.669355,37.0,81,8,Combination,average_probability,,,0.8512439059535709
Parag Parikh ELSS Tax Saver Fund,2025-09-01,2025-10-01,,1.326259,4.342917,-3.016658,44.0,81,10,Combination,average_probability,,,0.8462949259280528
Parag Parikh Flexi Cap Fund,2025-09-01,2025-10-01,,2.089556,4.342917,-2.253361,72.0,81,17,Combination,average_probability,,,0.7978044539092716
PGIM India ELSS Tax Saver Fund,2025-09-01,2025-10-01,,2.963526,4.342917,-1.379391,58.0,81,14,Combination,average_probability,,,0.8314866315483683
PGIM India Flexi Cap Fund,2025-09-01,2025-10-01,,3.191489,4.342917,-1.151428,66.0,81,16,Combination,average_probability,,,0.8082385160828233
Quant ELSS Tax Saver Fund,2025-09-01,2025-10-01,,3.415197,4.342917,-0.92772,78.0,81,19,Combination,average_probability,,,0.7209323836496849
Quant Flexi Cap Fund,2025-09-01,2025-10-01,,2.265863,4.342917,-2.077054,77.0,81,18,Combination,average_probability,,,0.7535482085971209
Quant Focused Fund,2025-09-01,2025-10-01,,3.53156,4.342917,-0.811357,68.0,81,16,Combination,average_probability,,,0.8056786816786269
Shriram ELSS Tax Saver Fund,2025-09-01,2025-10-01,,3.583151,4.342917,-0.759766,9.0,81,1,Combination,average_probability,,,0.8856564472399527
Shriram Flexi Cap Fund,2025-09-01,2025-10-01,,3.568197,4.342917,-0.77472,20.0,81,4,Combination,average_probability,,,0.8707652557546576
Sundaram Dividend Yield Fund,2025-09-01,2025-10-01,,3.505759,4.342917,-0.837158,52.0,81,12,Combination,average_probability,,,0.8378097806653454
Sundaram ELSS Tax Saver Fund,2025-09-01,2025-10-01,,2.766445,4.342917,-1.576472,31.0,81,7,Combination,average_probability,,,0.8576997942704555
Sundaram Focused Fund,2025-09-01,2025-10-01,,2.007546,4.342917,-2.335371,50.0,81,12,Combination,average_probability,,,0.8419454459166266
Sundaram Value Fund,2025-09-01,2025-10-01,,2.940219,4.342917,-1.402698,36.0,81,8,Combination,average_probability,,,0.8542417460616244
Tata Business Cycle Fund,2025-09-01,2025-10-01,,3.625547,4.342917,-0.71737,19.0,81,4,Combination,average_probability,,,0.871913994187541
Tata Dividend Yield Fund,2025-09-01,2025-10-01,,4.815051,4.342917,0.472134,28.0,81,6,Combination,average_probability,,,0.8648205071357057
Tata ELSS Fund,2025-09-01,2025-10-01,,3.48408,4.342917,-0.858837,65.0,81,15,Combination,average_probability,,,0.815883783849535
Tata Flexi Cap Fund,2025-09-01,2025-10-01,,2.279892,4.342917,-2.063025,16.0,81,3,Combination,average_probability,,,0.8780066166676407
Tata Focused Fund,2025-09-01,2025-10-01,,2.262413,4.342917,-2.080504,24.0,81,5,Combination,average_probability,,,0.8688399415307112
Tata Value Fund,2025-09-01,2025-10-01,,2.77354,4.342917,-1.569377,47.0,81,11,Combination,average_probability,,,0.8449946517577628
UTI Dividend Yield Fund,2025-09-01,2025-10-01,,2.400042,4.342917,-1.942875,6.0,81,1,Combination,average_probability,,,0.8881883491112211
UTI ELSS Tax Saver Fund,2025-09-01,2025-10-01,,2.732675,4.342917,-1.610242,42.0,81,10,Combination,average_probability,,,0.8477907178717782
UTI Flexi Cap Fund,2025-09-01,2025-10-01,,2.078302,4.342917,-2.264615,30.0,81,7,Combination,average_probability,,,0.8589083615167773
UTI Focused Fund,2025-09-01,2025-10-01,,2.981026,4.342917,-1.361891,18.0,81,4,Combination,average_probability,,,0.872744030975523
UTI Value Fund,2025-09-01,2025-10-01,,2.818632,4.342917,-1.524285,25.0,81,5,Combination,average_probability,,,0.8671856343265176
Aditya Birla Sun Life Dividend Yield Fund,2025-10-01,2025-11-01,,0.661296,0.996498,-0.335202,77.0,81,18,Combination,average_probability,,,0.21270802074906406
Aditya Birla Sun Life ELSS Tax Saver Fund,2025-10-01,2025-11-01,,-0.39576,0.996498,-1.392258,27.0,81,6,Combination,average_probability,,,0.6370796304589155
Aditya Birla Sun Life Flexi Cap Fund,2025-10-01,2025-11-01,,0.256392,0.996498,-0.740106,34.0,81,8,Combination,average_probability,,,0.5893119087466089
Aditya Birla Sun Life Focused Fund,2025-10-01,2025-11-01,,0.995937,0.996498,-0.000561,53.0,81,12,Combination,average_probability,,,0.43440079572900275
Aditya Birla Sun Life Value Fund,2025-10-01,2025-11-01,,0.836782,0.996498,-0.159716,29.0,81,6,Combination,average_probability,,,0.6185679244836151
Axis ELSS Tax Saver Fund,2025-10-01,2025-11-01,,0.662767,0.996498,-0.333731,60.0,81,14,Combination,average_probability,,,0.404353072948125
Axis Flexi Cap Fund,2025-10-01,2025-11-01,,-0.066357,0.996498,-1.062855,64.0,81,15,Combination,average_probability,,,0.3801055544962135
Axis Focused Fund,2025-10-01,2025-11-01,,0.030869,0.996498,-0.965629,63.0,81,15,Combination,average_probability,,,0.38128146841676847
Axis Innovation Fund,2025-10-01,2025-11-01,,0.0489,0.996498,-0.947598,66.0,81,16,Combination,average_probability,,,0.36663721311130454
Baroda BNP Paribas ELSS Tax Saver Fund,2025-10-01,2025-11-01,,2.567804,0.996498,1.571306,33.0,81,7,Combination,average_probability,,,0.5917431409591286
Baroda BNP Paribas Focused Fund,2025-10-01,2025-11-01,,1.579985,0.996498,0.583487,19.0,81,4,Combination,average_probability,,,0.7059902799926462
DSP ELSS Tax Saver Fund,2025-10-01,2025-11-01,,1.115211,0.996498,0.118713,76.0,81,18,Combination,average_probability,,,0.2355004782134188
DSP Flexi Cap Fund,2025-10-01,2025-11-01,,0.183116,0.996498,-0.813382,54.0,81,13,Combination,average_probability,,,0.4252180646654293
DSP Focused Fund,2025-10-01,2025-11-01,,1.331841,0.996498,0.335343,9.0,81,1,Combination,average_probability,,,0.7576599805279581
DSP Value Fund,2025-10-01,2025-11-01,,-0.198689,0.996498,-1.195187,40.0,81,9,Combination,average_probability,,,0.5390314695328938
Edelweiss ELSS Tax saver Fund,2025-10-01,2025-11-01,,1.46994,0.996498,0.473442,65.0,81,15,Combination,average_probability,,,0.367687897879663
Edelweiss Flexi Cap Fund,2025-10-01,2025-11-01,,0.555374,0.996498,-0.441124,67.0,81,16,Combination,average_probability,,,0.36201656243147884
Franklin India ELSS Tax Saver Fund,2025-10-01,2025-11-01,,-0.511135,0.996498,-1.507633,31.0,81,7,Combination,average_probability,,,0.5962360515231255
Franklin India Flexi Cap Fund,2025-10-01,2025-11-01,,-0.264536,0.996498,-1.261034,20.0,81,4,Combination,average_probability,,,0.6989082525547579
Franklin India Focused Equity Fund,2025-10-01,2025-11-01,,-0.151397,0.996498,-1.147895,18.0,81,4,Combination,average_probability,,,0.708799733788112
Franklin India Opportunities Fund,2025-10-01,2025-11-01,,-1.193813,0.996498,-2.190311,44.0,81,10,Combination,average_probability,,,0.5009554357575414
HDFC Dividend Yield Fund,2025-10-01,2025-11-01,,-1.294041,0.996498,-2.290539,58.0,81,14,Combination,average_probability,,,0.4105086701248409
HDFC ELSS Tax saver,2025-10-01,2025-11-01,,-0.670636,0.996498,-1.667134,8.0,81,1,Combination,average_probability,,,0.7706663836693629
HDFC Flexi Cap Fund,2025-10-01,2025-11-01,,-0.535729,0.996498,-1.532227,2.0,81,0,Combination,average_probability,,,0.8302478153085228
HDFC Focused Fund,2025-10-01,2025-11-01,,-0.636634,0.996498,-1.633132,7.0,81,1,Combination,average_probability,,,0.7725794861943299
HDFC Value Fund,2025-10-01,2025-11-01,,0.316546,0.996498,-0.679952,61.0,81,14,Combination,average_probability,,,0.3882516265831552
HSBC Flexi Cap Fund,2025-10-01,2025-11-01,,-1.147941,0.996498,-2.144439,28.0,81,6,Combination,average_probability,,,0.6281192475588732
HSBC Focused Fund,2025-10-01,2025-11-01,,0.598939,0.996498,-0.397559,35.0,81,8,Combination,average_probability,,,0.5807239740366609
HSBC Tax Saver Equity Fund,2025-10-01,2025-11-01,,-0.537712,0.996498,-1.53421,43.0,81,10,Combination,average_probability,,,0.5145562891674503
ICICI Prudential Business Cycle Fund,2025-10-01,2025-11-01,,0.550257,0.996498,-0.446241,68.0,81,16,Combination,average_probability,,,0.3579267042505731
ICICI Prudential Dividend Yield Equity Fund,2025-10-01,2025-11-01,,-0.032368,0.996498,-1.028866,32.0,81,7,Combination,average_probability,,,0.5952505263074852
ICICI Prudential ELSS Tax Saver Fund,2025-10-01,2025-11-01,,-0.145126,0.996498,-1.141624,3.0,81,0,Combination,average_probability,,,0.8086472738928322
ICICI Prudential India Opportunities Fund,2025-10-01,2025-11-01,,0.808031,0.996498,-0.188467,12.0,81,2,Combination,average_probability,,,0.7333563356234315
ICICI Prudential Value Fund,2025-10-01,2025-11-01,,1.448954,0.996498,0.452456,10.0,81,2,Combination,average_probability,,,0.7571439319062819
ITI ELSS Tax Saver Fund,2025-10-01,2025-11-01,,-1.498191,0.996498,-2.494689,74.0,81,18,Combination,average_probability,,,0.2570041864431502
ITI Value Fund,2025-10-01,2025-11-01,,0.334082,0.996498,-0.662416,45.0,81,10,Combination,average_probability,,,0.47917273732066185
Kotak Contra Fund,2025-10-01,2025-11-01,,0.019459,0.996498,-0.977039,6.0,81,1,Combination,average_probability,,,0.7859443302252438
Kotak ELSS Tax Saver Fund,2025-10-01,2025-11-01,,0.034485,0.996498,-0.962013,4.0,81,0,Combination,average_probability,,,0.7911144839115183
Kotak Flexi Cap Fund,2025-10-01,2025-11-01,,0.134333,0.996498,-0.862165,59.0,81,14,Combination,average_probability,,,0.40910208226360617
Kotak Focused Fund,2025-10-01,2025-11-01,,0.55813,0.996498,-0.438368,1.0,81,0,Combination,average_probability,,,0.8590845339457897
LIC MF Dividend Yield Fund,2025-10-01,2025-11-01,,-0.971298,0.996498,-1.967796,73.0,81,17,Combination,average_probability,,,0.28721002665346607
LIC MF ELSS Tax Saver,2025-10-01,2025-11-01,,-0.935491,0.996498,-1.931989,62.0,81,15,Combination,average_probability,,,0.3815948844279495
LIC MF Flexi Cap Fund,2025-10-01,2025-11-01,,-0.280365,0.996498,-1.276863,50.0,81,12,Combination,average_probability,,,0.4543252720344415
LIC MF Focused Fund,2025-10-01,2025-11-01,,-1.697854,0.996498,-2.694352,24.0,81,5,Combination,average_probability,,,0.6756644131482011
LIC MF Value Fund,2025-10-01,2025-11-01,,1.252646,0.996498,0.256148,15.0,81,3,Combination,average_probability,,,0.7210360862240878
Mahindra Manulife ELSS Tax Saver Fund,2025-10-01,2025-11-01,,0.528946,0.996498,-0.467552,56.0,81,13,Combination,average_probability,,,0.42222933550720915
Mahindra Manulife Flexi Cap Fund,2025-10-01,2025-11-01,,0.504372,0.996498,-0.492126,72.0,81,17,Combination,average_probability,,,0.28965319014074864
Mahindra Manulife Focused Fund,2025-10-01,2025-11-01,,-0.170218,0.996498,-1.166716,52.0,81,12,Combination,average_probability,,,0.4375617976380541
Mirae Asset ELSS Tax Saver Fund,2025-10-01,2025-11-01,,-0.092815,0.996498,-1.089313,69.0,81,16,Combination,average_probability,,,0.34647921533177195
Mirae Asset Focused Fund,2025-10-01,2025-11-01,,-1.096241,0.996498,-2.092739,25.0,81,5,Combination,average_probability,,,0.6680518666920096
Motilal Oswal ELSS Tax Saver Fund,2025-10-01,2025-11-01,,-2.553751,0.996498,-3.550249,51.0,81,12,Combination,average_probability,,,0.44035133151485395
Motilal Oswal Flexi Cap Fund,2025-10-01,2025-11-01,,-1.265599,0.996498,-2.262097,48.0,81,11,Combination,average_probability,,,0.4610960818145344
Motilal Oswal Focused Fund,2025-10-01,2025-11-01,,-0.346109,0.996498,-1.342607,80.0,81,19,Combination,average_probability,,,0.11784540538674765
Navi Flexi Cap Fund,2025-10-01,2025-11-01,,0.662427,0.996498,-0.334071,22.0,81,5,Combination,average_probability,,,0.6798958979121728
Nippon India ELSS Tax Saver Fund,2025-10-01,2025-11-01,,-0.542994,0.996498,-1.539492,17.0,81,3,Combination,average_probability,,,0.7092255717191627
Nippon India Flexi Cap Fund,2025-10-01,2025-11-01,,-0.926996,0.996498,-1.923494,11.0,81,2,Combination,average_probability,,,0.7356421978372509
Nippon India Value Fund,2025-10-01,2025-11-01,,-0.359742,0.996498,-1.35624,57.0,81,13,Combination,average_probability,,,0.4157386537934044
Parag Parikh ELSS Tax Saver Fund,2025-10-01,2025-11-01,,-1.274815,0.996498,-2.271313,21.0,81,4,Combination,average_probability,,,0.690803381725873
Parag Parikh Flexi Cap Fund,2025-10-01,2025-11-01,,-0.659295,0.996498,-1.655793,41.0,81,9,Combination,average_probability,,,0.5349387143936489
PGIM India ELSS Tax Saver Fund,2025-10-01,2025-11-01,,-0.267705,0.996498,-1.264203,46.0,81,11,Combination,average_probability,,,0.46927772018340824
PGIM India Flexi Cap Fund,2025-10-01,2025-11-01,,-0.521424,0.996498,-1.517922,42.0,81,10,Combination,average_probability,,,0.5236642391284981
Quant ELSS Tax Saver Fund,2025-10-01,2025-11-01,,-0.513725,0.996498,-1.510223,26.0,81,6,Combination,average_probability,,,0.6670106995002513
Quant Flexi Cap Fund,2025-10-01,2025-11-01,,0.055666,0.996498,-0.940832,47.0,81,11,Combination,average_probability,,,0.46502816204617853
Quant Focused Fund,2025-10-01,2025-11-01,,-1.926096,0.996498,-2.922594,23.0,81,5,Combination,average_probability,,,0.6756895801592915
Shriram ELSS Tax Saver Fund,2025-10-01,2025-11-01,,0.333122,0.996498,-0.663376,79.0,81,19,Combination,average_probability,,,0.142068746331152
Shriram Flexi Cap Fund,2025-10-01,2025-11-01,,0.333295,0.996498,-0.663203,78.0,81,19,Combination,average_probability,,,0.1639889099378449
Sundaram Dividend Yield Fund,2025-10-01,2025-11-01,,0.014557,0.996498,-0.981941,71.0,81,17,Combination,average_probability,,,0.3218061595511113
Sundaram ELSS Tax Saver Fund,2025-10-01,2025-11-01,,0.20528,0.996498,-0.791218,16.0,81,3,Combination,average_probability,,,0.7206281405422872
Sundaram Focused Fund,2025-10-01,2025-11-01,,-0.311329,0.996498,-1.307827,75.0,81,18,Combination,average_probability,,,0.2395034435096334
Sundaram Value Fund,2025-10-01,2025-11-01,,0.08461,0.996498,-0.911888,39.0,81,9,Combination,average_probability,,,0.5398597513019899
Tata Business Cycle Fund,2025-10-01,2025-11-01,,-1.046159,0.996498,-2.042657,36.0,81,8,Combination,average_probability,,,0.5757912142629878
Tata Dividend Yield Fund,2025-10-01,2025-11-01,,0.433565,0.996498,-0.562933,30.0,81,7,Combination,average_probability,,,0.612373686645722
Tata ELSS Fund,2025-10-01,2025-11-01,,0.96081,0.996498,-0.035688,81.0,81,19,Combination,average_probability,,,0.10681389394545111
Tata Flexi Cap Fund,2025-10-01,2025-11-01,,-0.599422,0.996498,-1.59592,5.0,81,0,Combination,average_probability,,,0.787136061926437
Tata Focused Fund,2025-10-01,2025-11-01,,-0.075896,0.996498,-1.072394,13.0,81,2,Combination,average_probability,,,0.7304913491374152
Tata Value Fund,2025-10-01,2025-11-01,,0.949455,0.996498,-0.047043,55.0,81,13,Combination,average_probability,,,0.4248291391338748
UTI Dividend Yield Fund,2025-10-01,2025-11-01,,-0.078471,0.996498,-1.074969,49.0,81,11,Combination,average_probability,,,0.46019452948740897
UTI ELSS Tax Saver Fund,2025-10-01,2025-11-01,,-0.504879,0.996498,-1.501377,37.0,81,8,Combination,average_probability,,,0.5572566314689485
UTI Flexi Cap Fund,2025-10-01,2025-11-01,,-1.31449,0.996498,-2.310988,70.0,81,17,Combination,average_probability,,,0.3316821916550558
UTI Focused Fund,2025-10-01,2025-11-01,,-0.553406,0.996498,-1.549904,14.0,81,3,Combination,average_probability,,,0.7292109603775639
UTI Value Fund,2025-10-01,2025-11-01,,-0.294882,0.996498,-1.29138,38.0,81,9,Combination,average_probability,,,0.5540512573339682
Aditya Birla Sun Life Dividend Yield Fund,2025-11-01,2025-12-01,,0.875295,-0.257308,1.132603,74.0,81,18,Combination,average_probability,,,0.20593259812860235
Aditya Birla Sun Life ELSS Tax Saver Fund,2025-11-01,2025-12-01,,-1.006521,-0.257308,-0.749213,17.0,81,3,Combination,average_probability,,,0.6200321145608821
Aditya Birla Sun Life Flexi Cap Fund,2025-11-01,2025-12-01,,0.448899,-0.257308,0.706207,48.0,81,11,Combination,average_probability,,,0.38182440120090294
Aditya Birla Sun Life Focused Fund,2025-11-01,2025-12-01,,0.443551,-0.257308,0.700859,8.0,81,1,Combination,average_probability,,,0.659828528086746
Aditya Birla Sun Life Value Fund,2025-11-01,2025-12-01,,0.600421,-0.257308,0.857729,45.0,81,10,Combination,average_probability,,,0.40134550827496196
Axis ELSS Tax Saver Fund,2025-11-01,2025-12-01,,-1.249233,-0.257308,-0.991925,64.0,81,15,Combination,average_probability,,,0.27207670611514057
Axis Flexi Cap Fund,2025-11-01,2025-12-01,,-1.996672,-0.257308,-1.739364,69.0,81,16,Combination,average_probability,,,0.22964596261748427
Axis Focused Fund,2025-11-01,2025-12-01,,-2.444685,-0.257308,-2.187377,42.0,81,10,Combination,average_probability,,,0.419791121296383
Axis Innovation Fund,2025-11-01,2025-12-01,,-1.074219,-0.257308,-0.816911,58.0,81,14,Combination,average_probability,,,0.31944096563034435
Baroda BNP Paribas ELSS Tax Saver Fund,2025-11-01,2025-12-01,,-0.718519,-0.257308,-0.461211,61.0,81,14,Combination,average_probability,,,0.2962561328651296
Baroda BNP Paribas Focused Fund,2025-11-01,2025-12-01,,-0.7412,-0.257308,-0.483892,5.0,81,0,Combination,average_probability,,,0.7528630709340923
DSP ELSS Tax Saver Fund,2025-11-01,2025-12-01,,0.721761,-0.257308,0.979069,51.0,81,12,Combination,average_probability,,,0.3676656086581655
DSP Flexi Cap Fund,2025-11-01,2025-12-01,,-0.038401,-0.257308,0.218907,56.0,81,13,Combination,average_probability,,,0.33662604721315575
DSP Focused Fund,2025-11-01,2025-12-01,,-0.243902,-0.257308,0.013406,23.0,81,5,Combination,average_probability,,,0.5684877263295091
DSP Value Fund,2025-11-01,2025-12-01,,1.323691,-0.257308,1.580999,31.0,81,7,Combination,average_probability,,,0.4951761295620803
Edelweiss ELSS Tax saver Fund,2025-11-01,2025-12-01,,0.014472,-0.257308,0.27178,50.0,81,12,Combination,average_probability,,,0.3773567748533349
Edelweiss Flexi Cap Fund,2025-11-01,2025-12-01,,0.563087,-0.257308,0.820395,60.0,81,14,Combination,average_probability,,,0.29659575371274766
Franklin India ELSS Tax Saver Fund,2025-11-01,2025-12-01,,-0.978379,-0.257308,-0.721071,54.0,81,13,Combination,average_probability,,,0.35703778679329295
Franklin India Flexi Cap Fund,2025-11-01,2025-12-01,,-0.818623,-0.257308,-0.561315,20.0,81,4,Combination,average_probability,,,0.6029367268334753
Franklin India Focused Equity Fund,2025-11-01,2025-12-01,,-0.94424,-0.257308,-0.686932,40.0,81,9,Combination,average_probability,,,0.4411312615321364
Franklin India Opportunities Fund,2025-11-01,2025-12-01,,-0.816971,-0.257308,-0.559663,35.0,81,8,Combination,average_probability,,,0.46403839789780804
HDFC Dividend Yield Fund,2025-11-01,2025-12-01,,-0.418594,-0.257308,-0.161286,62.0,81,15,Combination,average_probability,,,0.28904673176901735
HDFC ELSS Tax saver,2025-11-01,2025-12-01,,-0.476055,-0.257308,-0.218747,21.0,81,4,Combination,average_probability,,,0.6022021171915896
HDFC Flexi Cap Fund,2025-11-01,2025-12-01,,-0.441986,-0.257308,-0.184678,9.0,81,1,Combination,average_probability,,,0.6540665264864641
HDFC Focused Fund,2025-11-01,2025-12-01,,-0.513616,-0.257308,-0.256308,3.0,81,0,Combination,average_probability,,,0.7785468353508636
HDFC Value Fund,2025-11-01,2025-12-01,,-0.069914,-0.257308,0.187394,66.0,81,16,Combination,average_probability,,,0.25095787353942844
HSBC Flexi Cap Fund,2025-11-01,2025-12-01,,-0.722643,-0.257308,-0.465335,33.0,81,7,Combination,average_probability,,,0.47080134664184214
HSBC Focused Fund,2025-11-01,2025-12-01,,0.996909,-0.257308,1.254217,16.0,81,3,Combination,average_probability,,,0.6223233504695597
HSBC Tax Saver Equity Fund,2025-11-01,2025-12-01,,-0.743702,-0.257308,-0.486394,41.0,81,9,Combination,average_probability,,,0.42026291590184145
ICICI Prudential Business Cycle Fund,2025-11-01,2025-12-01,,-0.619082,-0.257308,-0.361774,71.0,81,17,Combination,average_probability,,,0.20662680362445232
ICICI Prudential Dividend Yield Equity Fund,2025-11-01,2025-12-01,,-0.46918,-0.257308,-0.211872,57.0,81,13,Combination,average_probability,,,0.32567112395068515
ICICI Prudential ELSS Tax Saver Fund,2025-11-01,2025-12-01,,-1.015928,-0.257308,-0.75862,1.0,81,0,Combination,average_probability,,,0.7916495332271793
ICICI Prudential India Opportunities Fund,2025-11-01,2025-12-01,,0.24266,-0.257308,0.499968,10.0,81,2,Combination,average_probability,,,0.6501194709243181
ICICI Prudential Value Fund,2025-11-01,2025-12-01,,0.218962,-0.257308,0.47627,25.0,81,5,Combination,average_probability,,,0.532782914133242
ITI ELSS Tax Saver Fund,2025-11-01,2025-12-01,,-0.870535,-0.257308,-0.613227,22.0,81,5,Combination,average_probability,,,0.5968274089955327
ITI Value Fund,2025-11-01,2025-12-01,,1.058074,-0.257308,1.315382,53.0,81,12,Combination,average_probability,,,0.35984040303988946
Kotak Contra Fund,2025-11-01,2025-12-01,,0.61292,-0.257308,0.870228,12.0,81,2,Combination,average_probability,,,0.6379256029737562
Kotak ELSS Tax Saver Fund,2025-11-01,2025-12-01,,-0.590431,-0.257308,-0.333123,6.0,81,1,Combination,average_probability,,,0.7366265597912358
Kotak Flexi Cap Fund,2025-11-01,2025-12-01,,-0.574098,-0.257308,-0.31679,24.0,81,5,Combination,average_probability,,,0.5408963842504141
Kotak Focused Fund,2025-11-01,2025-12-01,,0.643076,-0.257308,0.900384,47.0,81,11,Combination,average_probability,,,0.3906846255479383
LIC MF Dividend Yield Fund,2025-11-01,2025-12-01,,-0.847703,-0.257308,-0.590395,11.0,81,2,Combination,average_probability,,,0.6476135414564693
LIC MF ELSS Tax Saver,2025-11-01,2025-12-01,,0.012206,-0.257308,0.269514,65.0,81,15,Combination,average_probability,,,0.26793831137892826
LIC MF Flexi Cap Fund,2025-11-01,2025-12-01,,-0.850554,-0.257308,-0.593246,46.0,81,11,Combination,average_probability,,,0.3994327495685514
LIC MF Focused Fund,2025-11-01,2025-12-01,,0.399745,-0.257308,0.657053,2.0,81,0,Combination,average_probability,,,0.7828399598412888
LIC MF Value Fund,2025-11-01,2025-12-01,,-1.769481,-0.257308,-1.512173,13.0,81,2,Combination,average_probability,,,0.6371120204033217
Mahindra Manulife ELSS Tax Saver Fund,2025-11-01,2025-12-01,,-0.27296,-0.257308,-0.015652,32.0,81,7,Combination,average_probability,,,0.49340006322744956
Mahindra Manulife Flexi Cap Fund,2025-11-01,2025-12-01,,-0.429738,-0.257308,-0.17243,37.0,81,8,Combination,average_probability,,,0.45357926137707194
Mahindra Manulife Focused Fund,2025-11-01,2025-12-01,,-0.06558,-0.257308,0.191728,49.0,81,11,Combination,average_probability,,,0.3812710606711767
Mirae Asset ELSS Tax Saver Fund,2025-11-01,2025-12-01,,0.250034,-0.257308,0.507342,76.0,81,18,Combination,average_probability,,,0.18505127176476632
Mirae Asset Focused Fund,2025-11-01,2025-12-01,,-0.514004,-0.257308,-0.256696,55.0,81,13,Combination,average_probability,,,0.3548321243050279
Motilal Oswal ELSS Tax Saver Fund,2025-11-01,2025-12-01,,-2.384463,-0.257308,-2.127155,29.0,81,6,Combination,average_probability,,,0.5013471114564735
Motilal Oswal Flexi Cap Fund,2025-11-01,2025-12-01,,-3.170298,-0.257308,-2.91299,63.0,81,15,Combination,average_probability,,,0.2818204878266131
Motilal Oswal Focused Fund,2025-11-01,2025-12-01,,-0.208017,-0.257308,0.049291,80.0,81,19,Combination,average_probability,,,0.14407547941409315
Navi Flexi Cap Fund,2025-11-01,2025-12-01,,-0.245595,-0.257308,0.011713,72.0,81,17,Combination,average_probability,,,0.2061770526846036
Nippon India ELSS Tax Saver Fund,2025-11-01,2025-12-01,,-1.203181,-0.257308,-0.945873,19.0,81,4,Combination,average_probability,,,0.6101653246044444
Nippon India Flexi Cap Fund,2025-11-01,2025-12-01,,-0.517432,-0.257308,-0.260124,27.0,81,6,Combination,average_probability,,,0.5070704568710285
Nippon India Value Fund,2025-11-01,2025-12-01,,-0.685983,-0.257308,-0.428675,52.0,81,12,Combination,average_probability,,,0.36191481567089917
Parag Parikh ELSS Tax Saver Fund,2025-11-01,2025-12-01,,0.007526,-0.257308,0.264834,39.0,81,9,Combination,average_probability,,,0.44291756010382294
Parag Parikh Flexi Cap Fund,2025-11-01,2025-12-01,,0.243417,-0.257308,0.500725,34.0,81,8,Combination,average_probability,,,0.4641966448730998
PGIM India ELSS Tax Saver Fund,2025-11-01,2025-12-01,,-1.4174,-0.257308,-1.160092,75.0,81,18,Combination,average_probability,,,0.19160101667225668
PGIM India Flexi Cap Fund,2025-11-01,2025-12-01,,-1.367366,-0.257308,-1.110058,36.0,81,8,Combination,average_probability,,,0.45674799559962115
Quant ELSS Tax Saver Fund,2025-11-01,2025-12-01,,-0.744707,-0.257308,-0.487399,15.0,81,3,Combination,average_probability,,,0.6341602330879681
Quant Flexi Cap Fund,2025-11-01,2025-12-01,,-0.763537,-0.257308,-0.506229,26.0,81,6,Combination,average_probability,,,0.5300066025133594
Quant Focused Fund,2025-11-01,2025-12-01,,-0.601642,-0.257308,-0.344334,28.0,81,6,Combination,average_probability,,,0.5051383748335664
Shriram ELSS Tax Saver Fund,2025-11-01,2025-12-01,,-0.508466,-0.257308,-0.251158,78.0,81,19,Combination,average_probability,,,0.16076364587615785
Shriram Flexi Cap Fund,2025-11-01,2025-12-01,,-0.539523,-0.257308,-0.282215,77.0,81,18,Combination,average_probability,,,0.16778727849097028
Sundaram Dividend Yield Fund,2025-11-01,2025-12-01,,0.114626,-0.257308,0.371934,43.0,81,10,Combination,average_probability,,,0.40901771797009423
Sundaram ELSS Tax Saver Fund,2025-11-01,2025-12-01,,0.090844,-0.257308,0.348152,30.0,81,7,Combination,average_probability,,,0.49591890647066467
Sundaram Focused Fund,2025-11-01,2025-12-01,,0.380988,-0.257308,0.638296,73.0,81,17,Combination,average_probability,,,0.20616231516102312
Sundaram Value Fund,2025-11-01,2025-12-01,,0.544504,-0.257308,0.801812,59.0,81,14,Combination,average_probability,,,0.29785910595806203
Tata Business Cycle Fund,2025-11-01,2025-12-01,,-0.385275,-0.257308,-0.127967,4.0,81,0,Combination,average_probability,,,0.7748973866543901
Tata Dividend Yield Fund,2025-11-01,2025-12-01,,0.271851,-0.257308,0.529159,68.0,81,16,Combination,average_probability,,,0.24295818616587017
Tata ELSS Fund,2025-11-01,2025-12-01,,-0.153249,-0.257308,0.104059,81.0,81,19,Combination,average_probability,,,0.11098537058247744
Tata Flexi Cap Fund,2025-11-01,2025-12-01,,0.319714,-0.257308,0.577022,7.0,81,1,Combination,average_probability,,,0.6982721176981768
Tata Focused Fund,2025-11-01,2025-12-01,,-0.690823,-0.257308,-0.433515,70.0,81,17,Combination,average_probability,,,0.21579469436820375
Tata Value Fund,2025-11-01,2025-12-01,,0.451082,-0.257308,0.70839,38.0,81,9,Combination,average_probability,,,0.4518976098523872
UTI Dividend Yield Fund,2025-11-01,2025-12-01,,0.468304,-0.257308,0.725612,14.0,81,3,Combination,average_probability,,,0.6356728968426578
UTI ELSS Tax Saver Fund,2025-11-01,2025-12-01,,0.052909,-0.257308,0.310217,67.0,81,16,Combination,average_probability,,,0.24719332303596864
UTI Flexi Cap Fund,2025-11-01,2025-12-01,,-2.017164,-0.257308,-1.759856,79.0,81,19,Combination,average_probability,,,0.1603347479357944
UTI Focused Fund,2025-11-01,2025-12-01,,-0.474165,-0.257308,-0.216857,44.0,81,10,Combination,average_probability,,,0.4059377294418955
UTI Value Fund,2025-11-01,2025-12-01,,0.429924,-0.257308,0.687232,18.0,81,4,Combination,average_probability,,,0.618683405927091
Aditya Birla Sun Life Dividend Yield Fund,2025-12-01,2026-01-01,,1.245475,-3.273242,4.518717,27.0,85,6,Combination,average_probability,,,0.4973540001034311
Aditya Birla Sun Life ELSS Tax Saver Fund,2025-12-01,2026-01-01,,-1.933267,-3.273242,1.339975,28.0,85,6,Combination,average_probability,,,0.4810805303166723
Aditya Birla Sun Life Flexi Cap Fund,2025-12-01,2026-01-01,,-2.968614,-3.273242,0.304628,35.0,85,8,Combination,average_probability,,,0.4477195409398956
Aditya Birla Sun Life Focused Fund,2025-12-01,2026-01-01,,-1.492715,-3.273242,1.780527,57.0,85,13,Combination,average_probability,,,0.32243983629922973
Aditya Birla Sun Life Value Fund,2025-12-01,2026-01-01,,-2.418382,-3.273242,0.85486,38.0,85,8,Combination,average_probability,,,0.42809783744400637
Axis ELSS Tax Saver Fund,2025-12-01,2026-01-01,,-3.041023,-3.273242,0.232219,34.0,85,7,Combination,average_probability,,,0.4484488364827985
Axis Flexi Cap Fund,2025-12-01,2026-01-01,,-2.67434,-3.273242,0.598902,2.0,85,0,Combination,average_probability,,,0.7645188403735451
Axis Focused Fund,2025-12-01,2026-01-01,,-3.766419,-3.273242,-0.493177,7.0,85,1,Combination,average_probability,,,0.6642816215509699
Axis Innovation Fund,2025-12-01,2026-01-01,,-3.656126,-3.273242,-0.382884,41.0,85,9,Combination,average_probability,,,0.41579383608390047
Baroda BNP Paribas ELSS Tax Saver Fund,2025-12-01,2026-01-01,,-2.727373,-3.273242,0.545869,72.0,85,16,Combination,average_probability,,,0.24851276743854153
Baroda BNP Paribas Focused Fund,2025-12-01,2026-01-01,,-4.319112,-3.273242,-1.04587,75.0,85,17,Combination,average_probability,,,0.22517066923950924
DSP ELSS Tax Saver Fund,2025-12-01,2026-01-01,,-1.944057,-3.273242,1.329185,54.0,85,12,Combination,average_probability,,,0.3323373473553208
DSP Flexi Cap Fund,2025-12-01,2026-01-01,,-2.753139,-3.273242,0.520103,80.0,85,18,Combination,average_probability,,,0.19636949446358845
DSP Focused Fund,2025-12-01,2026-01-01,,-2.584701,-3.273242,0.688541,59.0,85,13,Combination,average_probability,,,0.31124194210395456
DSP Value Fund,2025-12-01,2026-01-01,,0.847281,-3.273242,4.120523,58.0,85,13,Combination,average_probability,,,0.321029426138088
Edelweiss ELSS Tax saver Fund,2025-12-01,2026-01-01,,-2.365794,-3.273242,0.907448,13.0,85,2,Combination,average_probability,,,0.6009243138449959
Edelweiss Flexi Cap Fund,2025-12-01,2026-01-01,,-1.936081,-3.273242,1.337161,24.0,85,5,Combination,average_probability,,,0.5159628988156896
Franklin India ELSS Tax Saver Fund,2025-12-01,2026-01-01,,-2.751835,-3.273242,0.521407,17.0,85,3,Combination,average_probability,,,0.569259500319885
Franklin India Flexi Cap Fund,2025-12-01,2026-01-01,,-2.490162,-3.273242,0.78308,53.0,85,12,Combination,average_probability,,,0.34700704748670824
Franklin India Focused Equity Fund,2025-12-01,2026-01-01,,-2.921789,-3.273242,0.351453,30.0,85,6,Combination,average_probability,,,0.4710767773648015
Franklin India Opportunities Fund,2025-12-01,2026-01-01,,-2.718802,-3.273242,0.55444,9.0,85,1,Combination,average_probability,,,0.6525110494813132
HDFC Dividend Yield Fund,2025-12-01,2026-01-01,,-2.824484,-3.273242,0.448758,66.0,85,15,Combination,average_probability,,,0.2772477108395065
HDFC ELSS Tax saver,2025-12-01,2026-01-01,,-2.297385,-3.273242,0.975857,52.0,85,12,Combination,average_probability,,,0.34832948012401244
HDFC Flexi Cap Fund,2025-12-01,2026-01-01,,-1.269667,-3.273242,2.003575,69.0,85,16,Combination,average_probability,,,0.259412034819761
HDFC Focused Fund,2025-12-01,2026-01-01,,-1.894084,-3.273242,1.379158,56.0,85,12,Combination,average_probability,,,0.3305324076693953
HDFC Value Fund,2025-12-01,2026-01-01,,-2.075634,-3.273242,1.197608,51.0,85,11,Combination,average_probability,,,0.3487100567248212
HSBC Business Cycles Fund,2025-12-01,2026-01-01,,-4.150956,-3.273242,-0.877714,1.0,85,0,Combination,average_probability,,,0.8322061736871152
HSBC ELSS Tax saver Fund,2025-12-01,2026-01-01,,-3.033578,-3.273242,0.239664,8.0,85,1,Combination,average_probability,,,0.6585679189380665
HSBC Flexi Cap Fund,2025-12-01,2026-01-01,,-2.871356,-3.273242,0.401886,15.0,85,3,Combination,average_probability,,,0.592181354074284
HSBC Focused Fund,2025-12-01,2026-01-01,,-2.772649,-3.273242,0.500593,33.0,85,7,Combination,average_probability,,,0.45939202464974566
HSBC Tax Saver Equity Fund,2025-12-01,2026-01-01,,-6.151567,-3.273242,-2.878325,37.0,85,8,Combination,average_probability,,,0.4356778447998937
HSBC Value Fund,2025-12-01,2026-01-01,,-1.561298,-3.273242,1.711944,29.0,85,6,Combination,average_probability,,,0.4742942891072355
ICICI Prudential Business Cycle Fund,2025-12-01,2026-01-01,,-2.345181,-3.273242,0.928061,19.0,85,4,Combination,average_probability,,,0.5568578508049895
ICICI Prudential Dividend Yield Equity Fund,2025-12-01,2026-01-01,,-1.674252,-3.273242,1.59899,22.0,85,4,Combination,average_probability,,,0.5477754280356398
ICICI Prudential ELSS Tax Saver Fund,2025-12-01,2026-01-01,,-3.292927,-3.273242,-0.019685,55.0,85,12,Combination,average_probability,,,0.3312326092207108
ICICI Prudential India Opportunities Fund,2025-12-01,2026-01-01,,-1.258775,-3.273242,2.014467,25.0,85,5,Combination,average_probability,,,0.5151957974605826
ICICI Prudential Value Fund,2025-12-01,2026-01-01,,-2.559901,-3.273242,0.713341,14.0,85,3,Combination,average_probability,,,0.5942946375626134
ITI ELSS Tax Saver Fund,2025-12-01,2026-01-01,,-6.064342,-3.273242,-2.7911,11.0,85,2,Combination,average_probability,,,0.6025390373860917
ITI Value Fund,2025-12-01,2026-01-01,,-2.782515,-3.273242,0.490727,77.0,85,17,Combination,average_probability,,,0.21259099629721023
Kotak Contra Fund,2025-12-01,2026-01-01,,-2.366371,-3.273242,0.906871,12.0,85,2,Combination,average_probability,,,0.601875175831151
Kotak ELSS Tax Saver Fund,2025-12-01,2026-01-01,,-2.052376,-3.273242,1.220866,20.0,85,4,Combination,average_probability,,,0.5513700438529857
Kotak Flexi Cap Fund,2025-12-01,2026-01-01,,-0.401855,-3.273242,2.871387,68.0,85,15,Combination,average_probability,,,0.2677149079105668
Kotak Focused Fund,2025-12-01,2026-01-01,,-1.187609,-3.273242,2.085633,84.0,85,19,Combination,average_probability,,,0.1453081412838053
LIC MF Dividend Yield Fund,2025-12-01,2026-01-01,,-3.964291,-3.273242,-0.691049,26.0,85,5,Combination,average_probability,,,0.5018131200874189
LIC MF ELSS Tax Saver,2025-12-01,2026-01-01,,-3.502648,-3.273242,-0.229406,44.0,85,10,Combination,average_probability,,,0.3918130870327185
LIC MF Flexi Cap Fund,2025-12-01,2026-01-01,,-4.295341,-3.273242,-1.022099,43.0,85,9,Combination,average_probability,,,0.40639144971165336
LIC MF Focused Fund,2025-12-01,2026-01-01,,-5.09452,-3.273242,-1.821278,4.0,85,0,Combination,average_probability,,,0.7146802096171861
LIC MF Value Fund,2025-12-01,2026-01-01,,-2.469631,-3.273242,0.803611,82.0,85,19,Combination,average_probability,,,0.15806782687026893
Mahindra Manulife ELSS Tax Saver Fund,2025-12-01,2026-01-01,,-3.154434,-3.273242,0.118808,74.0,85,17,Combination,average_probability,,,0.23931408730373963
Mahindra Manulife Flexi Cap Fund,2025-12-01,2026-01-01,,-3.080662,-3.273242,0.19258,67.0,85,15,Combination,average_probability,,,0.27303208878567564
Mahindra Manulife Focused Fund,2025-12-01,2026-01-01,,-1.030986,-3.273242,2.242256,70.0,85,16,Combination,average_probability,,,0.25401154708846885
Mirae Asset ELSS Tax Saver Fund,2025-12-01,2026-01-01,,-3.476272,-3.273242,-0.20303,39.0,85,8,Combination,average_probability,,,0.4209620897576114
Mirae Asset Focused Fund,2025-12-01,2026-01-01,,-5.6938,-3.273242,-2.420558,78.0,85,18,Combination,average_probability,,,0.20677377953649645
Motilal Oswal ELSS Tax Saver Fund,2025-12-01,2026-01-01,,-3.672223,-3.273242,-0.398981,40.0,85,9,Combination,average_probability,,,0.418764917735374
Motilal Oswal Flexi Cap Fund,2025-12-01,2026-01-01,,-4.562469,-3.273242,-1.289227,49.0,85,11,Combination,average_probability,,,0.3530600678128133
Motilal Oswal Focused Fund,2025-12-01,2026-01-01,,-3.717558,-3.273242,-0.444316,21.0,85,4,Combination,average_probability,,,0.5490429398159254
Navi Flexi Cap Fund,2025-12-01,2026-01-01,,-3.643171,-3.273242,-0.369929,61.0,85,14,Combination,average_probability,,,0.2989202844549286
Nippon India ELSS Tax Saver Fund,2025-12-01,2026-01-01,,-2.023484,-3.273242,1.249758,16.0,85,3,Combination,average_probability,,,0.5810149435465091
Nippon India Flexi Cap Fund,2025-12-01,2026-01-01,,-4.065307,-3.273242,-0.792065,46.0,85,10,Combination,average_probability,,,0.37610822028076035
Nippon India Value Fund,2025-12-01,2026-01-01,,-2.169738,-3.273242,1.103504,83.0,85,19,Combination,average_probability,,,0.15743332357032244
Parag Parikh ELSS Tax Saver Fund,2025-12-01,2026-01-01,,-3.387181,-3.273242,-0.113939,10.0,85,2,Combination,average_probability,,,0.6229109350705295
Parag Parikh Flexi Cap Fund,2025-12-01,2026-01-01,,-1.733408,-3.273242,1.539834,3.0,85,0,Combination,average_probability,,,0.7162033631624828
PGIM India ELSS Tax Saver Fund,2025-12-01,2026-01-01,,-4.015865,-3.273242,-0.742623,76.0,85,17,Combination,average_probability,,,0.22428521275932287
PGIM India Flexi Cap Fund,2025-12-01,2026-01-01,,-3.465804,-3.273242,-0.192562,45.0,85,10,Combination,average_probability,,,0.3818042514859545
Quant ELSS Tax Saver Fund,2025-12-01,2026-01-01,,-5.288602,-3.273242,-2.01536,60.0,85,13,Combination,average_probability,,,0.3074565556576135
Quant Flexi Cap Fund,2025-12-01,2026-01-01,,-5.294112,-3.273242,-2.02087,42.0,85,9,Combination,average_probability,,,0.4066789625540992
Quant Focused Fund,2025-12-01,2026-01-01,,-4.184327,-3.273242,-0.911085,6.0,85,1,Combination,average_probability,,,0.6826685908407143
Quant Value Fund,2025-12-01,2026-01-01,,-5.237872,-3.273242,-1.96463,5.0,85,0,Combination,average_probability,,,0.6906353653774495
Shriram ELSS Tax Saver Fund,2025-12-01,2026-01-01,,-3.167371,-3.273242,0.105871,31.0,85,7,Combination,average_probability,,,0.4698505763627329
Shriram Flexi Cap Fund,2025-12-01,2026-01-01,,-3.178671,-3.273242,0.094571,50.0,85,11,Combination,average_probability,,,0.34888653620577575
Sundaram Dividend Yield Fund,2025-12-01,2026-01-01,,-1.114532,-3.273242,2.15871,73.0,85,16,Combination,average_probability,,,0.24001622953432564
Sundaram ELSS Tax Saver Fund,2025-12-01,2026-01-01,,-3.385803,-3.273242,-0.112561,18.0,85,4,Combination,average_probability,,,0.5661277789930055
Sundaram Focused Fund,2025-12-01,2026-01-01,,-3.504511,-3.273242,-0.231269,63.0,85,14,Combination,average_probability,,,0.2949828389035091
Sundaram Value Fund,2025-12-01,2026-01-01,,-3.132766,-3.273242,0.140476,48.0,85,11,Combination,average_probability,,,0.3649697686420206
Tata Business Cycle Fund,2025-12-01,2026-01-01,,-3.658567,-3.273242,-0.385325,23.0,85,5,Combination,average_probability,,,0.539417623752677
Tata Dividend Yield Fund,2025-12-01,2026-01-01,,-2.313505,-3.273242,0.959737,81.0,85,18,Combination,average_probability,,,0.18761883573146812
Tata ELSS Fund,2025-12-01,2026-01-01,,-3.419167,-3.273242,-0.145925,85.0,85,19,Combination,average_probability,,,0.10588527367993118
Tata Flexi Cap Fund,2025-12-01,2026-01-01,,-3.336799,-3.273242,-0.063557,64.0,85,14,Combination,average_probability,,,0.2921926250392107
Tata Focused Fund,2025-12-01,2026-01-01,,-2.838867,-3.273242,0.434375,62.0,85,14,Combination,average_probability,,,0.2957671945320439
Tata Value Fund,2025-12-01,2026-01-01,,-2.577982,-3.273242,0.69526,71.0,85,16,Combination,average_probability,,,0.25360332252356593
UTI Dividend Yield Fund,2025-12-01,2026-01-01,,-1.288746,-3.273242,1.984496,36.0,85,8,Combination,average_probability,,,0.4399887379776557
UTI ELSS Tax Saver Fund,2025-12-01,2026-01-01,,-3.362167,-3.273242,-0.088925,79.0,85,18,Combination,average_probability,,,0.19850627318026434
UTI Flexi Cap Fund,2025-12-01,2026-01-01,,-4.759621,-3.273242,-1.486379,32.0,85,7,Combination,average_probability,,,0.46618233763440636
UTI Focused Fund,2025-12-01,2026-01-01,,-2.978688,-3.273242,0.294554,65.0,85,15,Combination,average_probability,,,0.2918744408083731
UTI Value Fund,2025-12-01,2026-01-01,,-2.980569,-3.273242,0.292673,47.0,85,10,Combination,average_probability,,,0.3746113537768909
