model_name,month_date,target_month,portfolio,portfolio_return_percent,benchmark_return_percent,mean_fund_excess_return_percent,funds,excess_return_percent,excess_difference
Combination,2024-01-01,2024-02-01,0,3.377408,1.574078,1.8033299999999999,2,1.8033299999999999,0.0
Combination,2024-01-01,2024-02-01,1,3.705377,1.574078,2.1312990000000003,2,2.131299,-4.440892098500626e-16
Combination,2024-01-01,2024-02-01,2,4.055237,1.574078,2.481159,1,2.481159,0.0
Combination,2024-01-01,2024-02-01,3,3.7393035,1.574078,2.1652255,2,2.1652255,0.0
Combination,2024-01-01,2024-02-01,4,2.221846,1.574078,0.647768,1,0.6477680000000001,1.1102230246251565e-16
Combination,2024-01-01,2024-02-01,5,3.4246119999999998,1.574078,1.8505340000000001,2,1.8505339999999997,-4.440892098500626e-16
Combination,2024-01-01,2024-02-01,6,3.7965090000000004,1.574078,2.222431,2,2.2224310000000003,4.440892098500626e-16
Combination,2024-01-01,2024-02-01,7,0.885235,1.574078,-0.688843,1,-0.6888430000000001,-1.1102230246251565e-16
Combination,2024-01-01,2024-02-01,8,2.3120795000000003,1.574078,0.7380015000000001,2,0.7380015000000002,1.1102230246251565e-16
Combination,2024-01-01,2024-02-01,9,5.421958,1.574078,3.84788,1,3.84788,0.0
Combination,2024-01-01,2024-02-01,10,3.353452,1.574078,1.779374,2,1.7793739999999998,-2.220446049250313e-16
Combination,2024-01-01,2024-02-01,11,3.438105,1.574078,1.864027,2,1.864027,0.0
Combination,2024-01-01,2024-02-01,12,0.783845,1.574078,-0.790233,1,-0.7902330000000001,-1.1102230246251565e-16
Combination,2024-01-01,2024-02-01,13,2.9662025,1.574078,1.3921245,2,1.3921245,0.0
Combination,2024-01-01,2024-02-01,14,4.49679,1.574078,2.922712,1,2.9227119999999998,-4.440892098500626e-16
Combination,2024-01-01,2024-02-01,15,3.98728,1.574078,2.413202,2,2.413202,0.0
Combination,2024-01-01,2024-02-01,16,3.6837435000000003,1.574078,2.1096655,2,2.1096655,0.0
Combination,2024-01-01,2024-02-01,17,3.724196,1.574078,2.150118,1,2.150118,0.0
Combination,2024-01-01,2024-02-01,18,3.698333,1.574078,2.124255,2,2.124255,0.0
Combination,2024-01-01,2024-02-01,19,2.61172,1.574078,1.037642,1,1.037642,0.0
Combination,2024-02-01,2024-03-01,0,-0.541112,3.2e-05,-0.5411440000000001,2,-0.5411440000000001,0.0
Combination,2024-02-01,2024-03-01,1,-1.3784645000000002,3.2e-05,-1.3784965,2,-1.3784965000000002,-2.220446049250313e-16
Combination,2024-02-01,2024-03-01,2,-1.775879,3.2e-05,-1.775911,1,-1.775911,0.0
Combination,2024-02-01,2024-03-01,3,-0.16688050000000001,3.2e-05,-0.16691250000000002,2,-0.16691250000000002,0.0
Combination,2024-02-01,2024-03-01,4,-0.355827,3.2e-05,-0.355859,1,-0.355859,0.0
Combination,2024-02-01,2024-03-01,5,-0.9471054999999999,3.2e-05,-0.9471375,2,-0.9471375,0.0
Combination,2024-02-01,2024-03-01,6,-0.35378400000000004,3.2e-05,-0.353816,2,-0.353816,0.0
Combination,2024-02-01,2024-03-01,7,-0.079831,3.2e-05,-0.079863,1,-0.079863,0.0
Combination,2024-02-01,2024-03-01,8,-0.20096400000000003,3.2e-05,-0.20099599999999998,2,-0.20099600000000004,-5.551115123125783e-17
Combination,2024-02-01,2024-03-01,9,-0.60335,3.2e-05,-0.603382,1,-0.6033820000000001,-1.1102230246251565e-16
Combination,2024-02-01,2024-03-01,10,1.5693549999999998,3.2e-05,1.5693229999999998,2,1.5693229999999998,0.0
Combination,2024-02-01,2024-03-01,11,-0.451672,3.2e-05,-0.451704,2,-0.451704,0.0
Combination,2024-02-01,2024-03-01,12,0.36384,3.2e-05,0.363808,1,0.363808,0.0
Combination,2024-02-01,2024-03-01,13,-0.21103400000000005,3.2e-05,-0.2110660000000001,2,-0.21106600000000006,2.7755575615628914e-17
Combination,2024-02-01,2024-03-01,14,-1.805614,3.2e-05,-1.805646,1,-1.805646,0.0
Combination,2024-02-01,2024-03-01,15,-0.039259499999999975,3.2e-05,-0.03929150000000001,2,-0.03929149999999997,3.469446951953614e-17
Combination,2024-02-01,2024-03-01,16,1.154545,3.2e-05,1.154513,2,1.154513,0.0
Combination,2024-02-01,2024-03-01,17,0.749428,3.2e-05,0.749396,1,0.749396,0.0
Combination,2024-02-01,2024-03-01,18,0.507383,3.2e-05,0.507351,2,0.507351,0.0
Combination,2024-02-01,2024-03-01,19,-0.620759,3.2e-05,-0.620791,1,-0.620791,0.0
Combination,2024-03-01,2024-04-01,0,6.448069,4.533622,1.914447,2,1.914447,0.0
Combination,2024-03-01,2024-04-01,1,3.6447355000000003,4.533622,-0.8888864999999999,2,-0.8888864999999999,0.0
Combination,2024-03-01,2024-04-01,2,4.020038,4.533622,-0.513584,1,-0.5135840000000007,-6.661338147750939e-16
Combination,2024-03-01,2024-04-01,3,5.1028205,4.533622,0.5691985000000002,2,0.5691984999999997,-4.440892098500626e-16
Combination,2024-03-01,2024-04-01,4,4.623961,4.533622,0.090339,1,0.09033900000000017,1.6653345369377348e-16
Combination,2024-03-01,2024-04-01,5,4.8688525,4.533622,0.3352305,2,0.33523049999999976,-2.220446049250313e-16
Combination,2024-03-01,2024-04-01,6,3.1763845,4.533622,-1.3572375,2,-1.3572375,0.0
Combination,2024-03-01,2024-04-01,7,3.655039,4.533622,-0.878583,1,-0.8785830000000003,-3.3306690738754696e-16
Combination,2024-03-01,2024-04-01,8,3.5953615,4.533622,-0.9382605,2,-0.9382605000000002,-1.1102230246251565e-16
Combination,2024-03-01,2024-04-01,9,5.082646,4.533622,0.549024,1,0.5490240000000002,2.220446049250313e-16
Combination,2024-03-01,2024-04-01,10,3.6447355,4.533622,-0.8888865,2,-0.8888865000000004,-3.3306690738754696e-16
Combination,2024-03-01,2024-04-01,11,3.620762,4.533622,-0.91286,2,-0.9128600000000002,-2.220446049250313e-16
Combination,2024-03-01,2024-04-01,12,4.220808,4.533622,-0.312814,1,-0.31281400000000037,-3.885780586188048e-16
Combination,2024-03-01,2024-04-01,13,3.4081409999999996,4.533622,-1.125481,2,-1.1254810000000006,-6.661338147750939e-16
Combination,2024-03-01,2024-04-01,14,3.601527,4.533622,-0.932095,1,-0.9320950000000003,-3.3306690738754696e-16
Combination,2024-03-01,2024-04-01,15,4.9994485,4.533622,0.46582650000000003,2,0.4658264999999995,-5.551115123125783e-16
Combination,2024-03-01,2024-04-01,16,3.854471,4.533622,-0.6791510000000001,2,-0.6791510000000001,0.0
Combination,2024-03-01,2024-04-01,17,4.089111,4.533622,-0.444511,1,-0.4445110000000003,-3.3306690738754696e-16
Combination,2024-03-01,2024-04-01,18,5.103775000000001,4.533622,0.570153,2,0.5701530000000004,3.3306690738754696e-16
Combination,2024-03-01,2024-04-01,19,3.011712,4.533622,-1.52191,1,-1.52191,0.0
Combination,2024-04-01,2024-05-01,0,1.365489,0.731367,0.634122,2,0.634122,0.0
Combination,2024-04-01,2024-05-01,1,0.9592149999999999,0.731367,0.22784800000000002,2,0.22784799999999994,-8.326672684688674e-17
Combination,2024-04-01,2024-05-01,2,4.345069,0.731367,3.613702,1,3.6137019999999995,-4.440892098500626e-16
Combination,2024-04-01,2024-05-01,3,1.6963035,0.731367,0.9649365,2,0.9649365,0.0
Combination,2024-04-01,2024-05-01,4,0.30065,0.731367,-0.430717,1,-0.430717,0.0
Combination,2024-04-01,2024-05-01,5,1.2384979999999999,0.731367,0.507131,2,0.5071309999999999,-1.1102230246251565e-16
Combination,2024-04-01,2024-05-01,6,-0.4340485,0.731367,-1.1654155000000002,2,-1.1654155,2.220446049250313e-16
Combination,2024-04-01,2024-05-01,7,2.098992,0.731367,1.367625,1,1.3676249999999999,-2.220446049250313e-16
Combination,2024-04-01,2024-05-01,8,1.289202,0.731367,0.557835,2,0.557835,0.0
Combination,2024-04-01,2024-05-01,9,1.890275,0.731367,1.158908,1,1.1589079999999998,-2.220446049250313e-16
Combination,2024-04-01,2024-05-01,10,1.6914125000000002,0.731367,0.9600455,2,0.9600455000000002,2.220446049250313e-16
Combination,2024-04-01,2024-05-01,11,1.4303205,0.731367,0.6989535,2,0.6989535000000001,1.1102230246251565e-16
Combination,2024-04-01,2024-05-01,12,1.342812,0.731367,0.611445,1,0.6114449999999999,-1.1102230246251565e-16
Combination,2024-04-01,2024-05-01,13,1.685819,0.731367,0.954452,2,0.954452,0.0
Combination,2024-04-01,2024-05-01,14,1.756638,0.731367,1.025271,1,1.025271,0.0
Combination,2024-04-01,2024-05-01,15,0.21777500000000005,0.731367,-0.513592,2,-0.5135919999999999,1.1102230246251565e-16
Combination,2024-04-01,2024-05-01,16,1.260348,0.731367,0.528981,2,0.528981,0.0
Combination,2024-04-01,2024-05-01,17,1.317161,0.731367,0.585794,1,0.585794,0.0
Combination,2024-04-01,2024-05-01,18,2.5061485,0.731367,1.7747815,2,1.7747815,0.0
Combination,2024-04-01,2024-05-01,19,2.278237,0.731367,1.54687,1,1.5468699999999997,-2.220446049250313e-16
Combination,2024-05-01,2024-06-01,0,7.261967,7.051242,0.21072500000000002,2,0.21072500000000005,2.7755575615628914e-17
Combination,2024-05-01,2024-06-01,1,7.397363499999999,7.051242,0.34612149999999997,2,0.34612149999999886,-1.1102230246251565e-15
Combination,2024-05-01,2024-06-01,2,5.385779,7.051242,-1.665463,1,-1.665463,0.0
Combination,2024-05-01,2024-06-01,3,7.6048995,7.051242,0.5536575,2,0.5536574999999999,-1.1102230246251565e-16
Combination,2024-05-01,2024-06-01,4,4.568717,7.051242,-2.482525,1,-2.482525,0.0
Combination,2024-05-01,2024-06-01,5,6.774901,7.051242,-0.276341,2,-0.2763410000000004,-3.885780586188048e-16
Combination,2024-05-01,2024-06-01,6,5.9353735,7.051242,-1.1158685,2,-1.1158685000000004,-4.440892098500626e-16
Combination,2024-05-01,2024-06-01,7,5.823164,7.051242,-1.228078,1,-1.228078,0.0
Combination,2024-05-01,2024-06-01,8,5.3731124999999995,7.051242,-1.6781294999999998,2,-1.6781295000000007,-8.881784197001252e-16
Combination,2024-05-01,2024-06-01,9,8.539354,7.051242,1.488112,1,1.4881119999999992,-8.881784197001252e-16
Combination,2024-05-01,2024-06-01,10,7.760734,7.051242,0.709492,2,0.709492,0.0
Combination,2024-05-01,2024-06-01,11,8.277089499999999,7.051242,1.2258475,2,1.2258474999999986,-1.3322676295501878e-15
Combination,2024-05-01,2024-06-01,12,7.270235,7.051242,0.218993,1,0.21899299999999933,-6.661338147750939e-16
Combination,2024-05-01,2024-06-01,13,6.23754,7.051242,-0.813702,2,-0.8137020000000001,-1.1102230246251565e-16
Combination,2024-05-01,2024-06-01,14,6.364508,7.051242,-0.686734,1,-0.6867340000000004,-4.440892098500626e-16
Combination,2024-05-01,2024-06-01,15,8.347418,7.051242,1.296176,2,1.296175999999999,-8.881784197001252e-16
Combination,2024-05-01,2024-06-01,16,7.029223999999999,7.051242,-0.022017999999999982,2,-0.02201800000000098,-9.992007221626409e-16
Combination,2024-05-01,2024-06-01,17,5.210036,7.051242,-1.841206,1,-1.8412060000000006,-6.661338147750939e-16
Combination,2024-05-01,2024-06-01,18,7.7580685,7.051242,0.7068265,2,0.7068265,0.0
Combination,2024-05-01,2024-06-01,19,8.367259,7.051242,1.316017,1,1.3160170000000004,4.440892098500626e-16
Combination,2024-06-01,2024-07-01,0,4.2435385,4.390997,-0.14745849999999994,2,-0.14745849999999994,0.0
Combination,2024-06-01,2024-07-01,1,3.286489,4.390997,-1.104508,2,-1.1045079999999996,4.440892098500626e-16
Combination,2024-06-01,2024-07-01,2,3.994447,4.390997,-0.39655,1,-0.3965499999999995,4.996003610813204e-16
Combination,2024-06-01,2024-07-01,3,3.628619,4.390997,-0.762378,2,-0.7623779999999996,4.440892098500626e-16
Combination,2024-06-01,2024-07-01,4,2.7335715,4.390997,-1.6574255,2,-1.6574254999999996,4.440892098500626e-16
Combination,2024-06-01,2024-07-01,5,5.221113,4.390997,0.830116,1,0.8301160000000003,3.3306690738754696e-16
Combination,2024-06-01,2024-07-01,6,3.4917995,4.390997,-0.8991975,2,-0.8991974999999996,3.3306690738754696e-16
Combination,2024-06-01,2024-07-01,7,2.956674,4.390997,-1.434323,2,-1.4343229999999996,4.440892098500626e-16
Combination,2024-06-01,2024-07-01,8,4.793368,4.390997,0.402371,1,0.4023710000000005,4.996003610813204e-16
Combination,2024-06-01,2024-07-01,9,2.555876,4.390997,-1.835121,2,-1.8351209999999996,4.440892098500626e-16
Combination,2024-06-01,2024-07-01,10,2.9385855000000003,4.390997,-1.4524115000000002,2,-1.4524114999999993,8.881784197001252e-16
Combination,2024-06-01,2024-07-01,11,2.29958,4.390997,-2.091417,1,-2.0914169999999994,4.440892098500626e-16
Combination,2024-06-01,2024-07-01,12,2.8191664999999997,4.390997,-1.5718305,2,-1.5718305,0.0
Combination,2024-06-01,2024-07-01,13,3.0215199999999998,4.390997,-1.369477,2,-1.3694769999999998,2.220446049250313e-16
Combination,2024-06-01,2024-07-01,14,3.02596,4.390997,-1.365037,1,-1.3650369999999996,4.440892098500626e-16
Combination,2024-06-01,2024-07-01,15,2.903919,4.390997,-1.487078,2,-1.4870779999999995,4.440892098500626e-16
Combination,2024-06-01,2024-07-01,16,3.2143740000000003,4.390997,-1.176623,2,-1.1766229999999993,6.661338147750939e-16
Combination,2024-06-01,2024-07-01,17,3.305034,4.390997,-1.085963,1,-1.0859629999999996,4.440892098500626e-16
Combination,2024-06-01,2024-07-01,18,3.072564,4.390997,-1.3184330000000002,2,-1.3184329999999997,4.440892098500626e-16
Combination,2024-06-01,2024-07-01,19,4.664275,4.390997,0.273278,1,0.27327800000000035,3.3306690738754696e-16
Combination,2024-07-01,2024-08-01,0,1.86904,1.035556,0.833484,2,0.8334840000000001,1.1102230246251565e-16
Combination,2024-07-01,2024-08-01,1,2.0611435,1.035556,1.0255875,2,1.0255875,0.0
Combination,2024-07-01,2024-08-01,2,2.20138,1.035556,1.165824,1,1.165824,0.0
Combination,2024-07-01,2024-08-01,3,2.4696925,1.035556,1.4341365,2,1.4341365,0.0
Combination,2024-07-01,2024-08-01,4,1.858956,1.035556,0.8234,2,0.8234000000000001,1.1102230246251565e-16
Combination,2024-07-01,2024-08-01,5,2.508834,1.035556,1.473278,1,1.4732779999999999,-2.220446049250313e-16
Combination,2024-07-01,2024-08-01,6,1.8525395,1.035556,0.8169835000000001,2,0.8169835000000001,0.0
Combination,2024-07-01,2024-08-01,7,2.747849,1.035556,1.712293,2,1.712293,0.0
Combination,2024-07-01,2024-08-01,8,2.239335,1.035556,1.203779,1,1.2037790000000002,2.220446049250313e-16
Combination,2024-07-01,2024-08-01,9,2.924197,1.035556,1.888641,2,1.888641,0.0
Combination,2024-07-01,2024-08-01,10,0.9489925,1.035556,-0.08656350000000002,2,-0.0865634999999999,1.1102230246251565e-16
Combination,2024-07-01,2024-08-01,11,2.06088,1.035556,1.025324,1,1.0253240000000001,2.220446049250313e-16
Combination,2024-07-01,2024-08-01,12,1.7551405,1.035556,0.7195845,2,0.7195845000000001,1.1102230246251565e-16
Combination,2024-07-01,2024-08-01,13,1.7315145,1.035556,0.6959585,2,0.6959585000000001,1.1102230246251565e-16
Combination,2024-07-01,2024-08-01,14,-0.83931,1.035556,-1.874866,1,-1.874866,0.0
Combination,2024-07-01,2024-08-01,15,2.409424,1.035556,1.373868,2,1.373868,0.0
Combination,2024-07-01,2024-08-01,16,0.6946475000000001,1.035556,-0.3409085,2,-0.34090849999999984,1.6653345369377348e-16
Combination,2024-07-01,2024-08-01,17,1.532421,1.035556,0.496865,1,0.4968650000000001,1.1102230246251565e-16
Combination,2024-07-01,2024-08-01,18,2.1466675,1.035556,1.1111115,2,1.1111115,0.0
Combination,2024-07-01,2024-08-01,19,-0.881247,1.035556,-1.916803,1,-1.9168029999999998,2.220446049250313e-16
Combination,2024-08-01,2024-09-01,0,2.4701245,2.166814,0.3033105,2,0.3033104999999998,-1.6653345369377348e-16
Combination,2024-08-01,2024-09-01,1,2.601325,2.166814,0.434511,2,0.4345110000000001,1.1102230246251565e-16
Combination,2024-08-01,2024-09-01,2,2.708076,2.166814,0.541262,1,0.5412620000000001,1.1102230246251565e-16
Combination,2024-08-01,2024-09-01,3,2.572726,2.166814,0.405912,2,0.40591199999999983,-1.6653345369377348e-16
Combination,2024-08-01,2024-09-01,4,3.2260275,2.166814,1.0592135,2,1.0592134999999998,-2.220446049250313e-16
Combination,2024-08-01,2024-09-01,5,1.862276,2.166814,-0.304538,1,-0.304538,0.0
Combination,2024-08-01,2024-09-01,6,1.2385350000000002,2.166814,-0.928279,2,-0.9282789999999999,1.1102230246251565e-16
Combination,2024-08-01,2024-09-01,7,1.6624455,2.166814,-0.5043685000000001,2,-0.5043685,1.1102230246251565e-16
Combination,2024-08-01,2024-09-01,8,2.59996,2.166814,0.433146,1,0.4331459999999998,-1.6653345369377348e-16
Combination,2024-08-01,2024-09-01,9,2.8620535,2.166814,0.6952395,2,0.6952395,0.0
Combination,2024-08-01,2024-09-01,10,1.402038,2.166814,-0.764776,2,-0.7647760000000001,-1.1102230246251565e-16
Combination,2024-08-01,2024-09-01,11,5.032987,2.166814,2.866173,1,2.8661730000000003,4.440892098500626e-16
Combination,2024-08-01,2024-09-01,12,2.955165,2.166814,0.788351,2,0.788351,0.0
Combination,2024-08-01,2024-09-01,13,4.6200395,2.166814,2.4532255,2,2.4532255,0.0
Combination,2024-08-01,2024-09-01,14,1.999836,2.166814,-0.166978,1,-0.16697800000000007,-8.326672684688674e-17
Combination,2024-08-01,2024-09-01,15,2.4639955000000002,2.166814,0.2971815,2,0.2971815000000002,2.220446049250313e-16
Combination,2024-08-01,2024-09-01,16,2.0724145,2.166814,-0.09439949999999998,2,-0.09439950000000019,-2.0816681711721685e-16
Combination,2024-08-01,2024-09-01,17,3.480776,2.166814,1.313962,1,1.313962,0.0
Combination,2024-08-01,2024-09-01,18,2.7477695,2.166814,0.5809555,2,0.5809555,0.0
Combination,2024-08-01,2024-09-01,19,2.48218,2.166814,0.315366,1,0.31536600000000004,5.551115123125783e-17
Combination,2024-09-01,2024-10-01,0,-5.432577,-6.352122,0.9195450000000001,2,0.9195449999999994,-6.661338147750939e-16
Combination,2024-09-01,2024-10-01,1,-4.1773865,-6.352122,2.1747355,2,2.1747354999999997,-4.440892098500626e-16
Combination,2024-09-01,2024-10-01,2,-7.043841,-6.352122,-0.691719,1,-0.691719,0.0
Combination,2024-09-01,2024-10-01,3,-6.9275335,-6.352122,-0.5754115,2,-0.5754115000000004,-4.440892098500626e-16
Combination,2024-09-01,2024-10-01,4,-6.0855685,-6.352122,0.2665535,2,0.26655349999999967,-3.3306690738754696e-16
Combination,2024-09-01,2024-10-01,5,-5.714124,-6.352122,0.637998,1,0.6379979999999996,-3.3306690738754696e-16
Combination,2024-09-01,2024-10-01,6,-5.1910695,-6.352122,1.1610525,2,1.1610524999999994,-6.661338147750939e-16
Combination,2024-09-01,2024-10-01,7,-5.8310534999999994,-6.352122,0.5210685,2,0.5210685000000002,1.1102230246251565e-16
Combination,2024-09-01,2024-10-01,8,-4.333196,-6.352122,2.018926,1,2.0189259999999996,-4.440892098500626e-16
Combination,2024-09-01,2024-10-01,9,-5.995089,-6.352122,0.35703299999999993,2,0.3570329999999995,-4.440892098500626e-16
Combination,2024-09-01,2024-10-01,10,-4.998839500000001,-6.352122,1.3532825000000002,2,1.3532824999999988,-1.3322676295501878e-15
Combination,2024-09-01,2024-10-01,11,-6.273179,-6.352122,0.078943,1,0.07894299999999976,-2.3592239273284576e-16
Combination,2024-09-01,2024-10-01,12,-4.4719045,-6.352122,1.8802174999999999,2,1.8802174999999997,-2.220446049250313e-16
Combination,2024-09-01,2024-10-01,13,-5.416722999999999,-6.352122,0.935399,2,0.9353990000000003,3.3306690738754696e-16
Combination,2024-09-01,2024-10-01,14,-3.544983,-6.352122,2.807139,1,2.8071389999999994,-4.440892098500626e-16
Combination,2024-09-01,2024-10-01,15,-4.9118275,-6.352122,1.4402945,2,1.4402944999999994,-6.661338147750939e-16
Combination,2024-09-01,2024-10-01,16,-5.2383915000000005,-6.352122,1.1137305,2,1.113730499999999,-8.881784197001252e-16
Combination,2024-09-01,2024-10-01,17,-5.223379,-6.352122,1.128743,1,1.1287429999999992,-8.881784197001252e-16
Combination,2024-09-01,2024-10-01,18,-6.3686620000000005,-6.352122,-0.01654,2,-0.016540000000000887,-8.881784197001252e-16
Combination,2024-09-01,2024-10-01,19,-5.627119,-6.352122,0.725003,1,0.7250029999999992,-7.771561172376096e-16
Combination,2024-10-01,2024-11-01,0,0.7652464999999999,0.045826,0.7194205,2,0.7194204999999999,-1.1102230246251565e-16
Combination,2024-10-01,2024-11-01,1,0.566668,0.045826,0.520842,2,0.5208419999999999,-1.1102230246251565e-16
Combination,2024-10-01,2024-11-01,2,0.548324,0.045826,0.502498,1,0.502498,0.0
Combination,2024-10-01,2024-11-01,3,0.06197300000000003,0.045826,0.016146999999999995,2,0.01614700000000003,3.469446951953614e-17
Combination,2024-10-01,2024-11-01,4,0.5396925,0.045826,0.4938665,2,0.49386650000000004,5.551115123125783e-17
Combination,2024-10-01,2024-11-01,5,2.297428,0.045826,2.251602,1,2.251602,0.0
Combination,2024-10-01,2024-11-01,6,0.11311449999999998,0.045826,0.0672885,2,0.06728849999999997,-2.7755575615628914e-17
Combination,2024-10-01,2024-11-01,7,1.9185245,0.045826,1.8726985,2,1.8726985,0.0
Combination,2024-10-01,2024-11-01,8,0.125883,0.045826,0.080057,1,0.08005699999999999,-1.3877787807814457e-17
Combination,2024-10-01,2024-11-01,9,1.717598,0.045826,1.671772,2,1.671772,0.0
Combination,2024-10-01,2024-11-01,10,0.6017835,0.045826,0.5559575,2,0.5559575,0.0
Combination,2024-10-01,2024-11-01,11,0.017741,0.045826,-0.028085,1,-0.028085,0.0
Combination,2024-10-01,2024-11-01,12,-0.02179049999999999,0.045826,-0.06761650000000002,2,-0.0676165,2.7755575615628914e-17
Combination,2024-10-01,2024-11-01,13,0.54666,0.045826,0.500834,2,0.500834,0.0
Combination,2024-10-01,2024-11-01,14,-0.317364,0.045826,-0.36319,1,-0.36318999999999996,5.551115123125783e-17
Combination,2024-10-01,2024-11-01,15,0.7166204999999999,0.045826,0.6707945,2,0.6707944999999998,-1.1102230246251565e-16
Combination,2024-10-01,2024-11-01,16,-0.25315699999999997,0.045826,-0.298983,2,-0.29898299999999994,5.551115123125783e-17
Combination,2024-10-01,2024-11-01,17,0.99409,0.045826,0.948264,1,0.948264,0.0
Combination,2024-10-01,2024-11-01,18,0.6861985,0.045826,0.6403725,2,0.6403725,0.0
Combination,2024-10-01,2024-11-01,19,0.16613,0.045826,0.120304,1,0.120304,0.0
Combination,2024-11-01,2024-12-01,0,0.4518690000000001,-1.36551,1.8173789999999999,2,1.817379,2.220446049250313e-16
Combination,2024-11-01,2024-12-01,1,0.2438845,-1.36551,1.6093945,2,1.6093945,0.0
Combination,2024-11-01,2024-12-01,2,-0.69535,-1.36551,0.67016,1,0.67016,0.0
Combination,2024-11-01,2024-12-01,3,-0.6785365,-1.36551,0.6869735,2,0.6869735,0.0
Combination,2024-11-01,2024-12-01,4,-1.4637695,-1.36551,-0.0982595,2,-0.09825949999999994,5.551115123125783e-17
Combination,2024-11-01,2024-12-01,5,-0.281478,-1.36551,1.084032,1,1.084032,0.0
Combination,2024-11-01,2024-12-01,6,-1.167945,-1.36551,0.19756500000000002,2,0.197565,-2.7755575615628914e-17
Combination,2024-11-01,2024-12-01,7,-1.0474679999999998,-1.36551,0.31804200000000005,2,0.31804200000000016,1.1102230246251565e-16
Combination,2024-11-01,2024-12-01,8,-0.622073,-1.36551,0.743437,1,0.743437,0.0
Combination,2024-11-01,2024-12-01,9,1.575422,-1.36551,2.940932,2,2.940932,0.0
Combination,2024-11-01,2024-12-01,10,-0.3398144999999999,-1.36551,1.0256954999999999,2,1.0256955,2.220446049250313e-16
Combination,2024-11-01,2024-12-01,11,0.245392,-1.36551,1.610902,1,1.610902,0.0
Combination,2024-11-01,2024-12-01,12,-1.402708,-1.36551,-0.037197999999999995,2,-0.037198000000000064,-6.938893903907228e-17
Combination,2024-11-01,2024-12-01,13,-1.282983,-1.36551,0.082527,2,0.08252700000000002,1.3877787807814457e-17
Combination,2024-11-01,2024-12-01,14,2.734816,-1.36551,4.100326,1,4.100326,0.0
Combination,2024-11-01,2024-12-01,15,-0.486175,-1.36551,0.879335,2,0.879335,0.0
Combination,2024-11-01,2024-12-01,16,-0.7617530000000001,-1.36551,0.6037569999999999,2,0.6037569999999999,0.0
Combination,2024-11-01,2024-12-01,17,-1.659668,-1.36551,-0.294158,1,-0.2941579999999999,5.551115123125783e-17
Combination,2024-11-01,2024-12-01,18,-0.1585435,-1.36551,1.2069665,2,1.2069665,0.0
Combination,2024-11-01,2024-12-01,19,1.730334,-1.36551,3.095844,1,3.095844,0.0
Combination,2024-12-01,2025-01-01,0,-4.099247,-3.470144,-0.6291030000000001,3,-0.6291030000000002,-1.1102230246251565e-16
Combination,2024-12-01,2025-01-01,1,-2.660524,-3.470144,0.8096200000000001,3,0.8096199999999998,-3.3306690738754696e-16
Combination,2024-12-01,2025-01-01,2,-3.3682606666666666,-3.470144,0.10188333333333333,3,0.10188333333333333,0.0
Combination,2024-12-01,2025-01-01,3,-5.3127336666666665,-3.470144,-1.8425896666666668,3,-1.8425896666666666,2.220446049250313e-16
Combination,2024-12-01,2025-01-01,4,-7.251768666666667,-3.470144,-3.781624666666666,3,-3.781624666666667,-8.881784197001252e-16
Combination,2024-12-01,2025-01-01,5,-5.740887000000001,-3.470144,-2.270743,3,-2.270743000000001,-8.881784197001252e-16
Combination,2024-12-01,2025-01-01,6,-5.480111,-3.470144,-2.009967,3,-2.009967,0.0
Combination,2024-12-01,2025-01-01,7,-3.6271640000000005,-3.470144,-0.15702000000000002,3,-0.1570200000000006,-5.828670879282072e-16
Combination,2024-12-01,2025-01-01,8,-4.555459,-3.470144,-1.0853149999999998,3,-1.085315,-2.220446049250313e-16
Combination,2024-12-01,2025-01-01,9,-8.104861333333334,-3.470144,-4.634717333333334,3,-4.6347173333333345,-8.881784197001252e-16
Combination,2024-12-01,2025-01-01,10,-6.140457666666666,-3.470144,-2.670313666666667,3,-2.6703136666666665,4.440892098500626e-16
Combination,2024-12-01,2025-01-01,11,-4.334799666666666,-3.470144,-0.8646556666666667,3,-0.8646556666666663,4.440892098500626e-16
Combination,2024-12-01,2025-01-01,12,-5.586669666666666,-3.470144,-2.1165256666666665,3,-2.1165256666666665,0.0
Combination,2024-12-01,2025-01-01,13,-6.263692666666667,-3.470144,-2.7935486666666662,3,-2.7935486666666667,-4.440892098500626e-16
Combination,2024-12-01,2025-01-01,14,-4.094589999999999,-3.470144,-0.624446,3,-0.6244459999999994,5.551115123125783e-16
Combination,2024-12-01,2025-01-01,15,-4.641920666666667,-3.470144,-1.1717766666666667,3,-1.1717766666666667,0.0
Combination,2024-12-01,2025-01-01,16,-4.851555666666667,-3.470144,-1.3814116666666667,3,-1.3814116666666671,-4.440892098500626e-16
Combination,2024-12-01,2025-01-01,17,-5.800482666666667,-3.470144,-2.3303386666666666,3,-2.3303386666666674,-8.881784197001252e-16
Combination,2024-12-01,2025-01-01,18,-5.309070666666667,-3.470144,-1.8389266666666666,3,-1.838926666666667,-4.440892098500626e-16
Combination,2024-12-01,2025-01-01,19,-7.521506,-3.470144,-4.051362,3,-4.051361999999999,8.881784197001252e-16
Combination,2025-01-01,2025-02-01,0,-4.28451925,-7.786369,3.50184975,4,3.50184975,0.0
Combination,2025-01-01,2025-02-01,1,-6.5336965,-7.786369,1.2526725,4,1.2526725,0.0
Combination,2025-01-01,2025-02-01,2,-7.6718850000000005,-7.786369,0.11448399999999988,3,0.11448399999999914,-7.355227538141662e-16
Combination,2025-01-01,2025-02-01,3,-7.9500595,-7.786369,-0.16369050000000007,4,-0.1636905000000004,-3.3306690738754696e-16
Combination,2025-01-01,2025-02-01,4,-7.713198333333334,-7.786369,0.07317066666666665,3,0.07317066666666605,-5.967448757360216e-16
Combination,2025-01-01,2025-02-01,5,-6.101259,-7.786369,1.6851099999999999,4,1.6851099999999999,0.0
Combination,2025-01-01,2025-02-01,6,-5.6782596666666665,-7.786369,2.108109333333333,3,2.108109333333333,0.0
Combination,2025-01-01,2025-02-01,7,-5.75003225,-7.786369,2.03633675,4,2.0363367499999994,-4.440892098500626e-16
Combination,2025-01-01,2025-02-01,8,-7.126076,-7.786369,0.6602929999999999,3,0.6602929999999994,-5.551115123125783e-16
Combination,2025-01-01,2025-02-01,9,-6.619926250000001,-7.786369,1.16644275,4,1.166442749999999,-1.1102230246251565e-15
Combination,2025-01-01,2025-02-01,10,-6.56529775,-7.786369,1.22107125,4,1.2210712499999996,-4.440892098500626e-16
Combination,2025-01-01,2025-02-01,11,-6.741973333333333,-7.786369,1.0443956666666667,3,1.0443956666666665,-2.220446049250313e-16
Combination,2025-01-01,2025-02-01,12,-4.7484235,-7.786369,3.0379455,4,3.0379454999999993,-8.881784197001252e-16
Combination,2025-01-01,2025-02-01,13,-5.0127836666666665,-7.786369,2.773585333333333,3,2.773585333333333,0.0
Combination,2025-01-01,2025-02-01,14,-7.53318875,-7.786369,0.25318025000000005,4,0.2531802499999998,-2.7755575615628914e-16
Combination,2025-01-01,2025-02-01,15,-6.134475999999999,-7.786369,1.651893,3,1.6518930000000003,2.220446049250313e-16
Combination,2025-01-01,2025-02-01,16,-5.4695540000000005,-7.786369,2.316815,4,2.316814999999999,-8.881784197001252e-16
Combination,2025-01-01,2025-02-01,17,-6.186829,-7.786369,1.59954,3,1.5995399999999993,-6.661338147750939e-16
Combination,2025-01-01,2025-02-01,18,-6.29047575,-7.786369,1.49589325,4,1.49589325,0.0
Combination,2025-01-01,2025-02-01,19,-7.105503333333334,-7.786369,0.6808656666666666,3,0.6808656666666657,-8.881784197001252e-16
Combination,2025-02-01,2025-03-01,0,6.203505,7.352851,-1.149346,4,-1.1493460000000004,-4.440892098500626e-16
Combination,2025-02-01,2025-03-01,1,7.36752725,7.352851,0.014676250000000002,4,0.014676249999999946,-5.551115123125783e-17
Combination,2025-02-01,2025-03-01,2,7.360818,7.352851,0.007966999999999988,4,0.007966999999999835,-1.5265566588595902e-16
Combination,2025-02-01,2025-03-01,3,7.249082666666666,7.352851,-0.10376833333333331,3,-0.1037683333333339,-5.967448757360216e-16
Combination,2025-02-01,2025-03-01,4,7.99580175,7.352851,0.64295075,4,0.6429507499999998,-2.220446049250313e-16
Combination,2025-02-01,2025-03-01,5,8.475506750000001,7.352851,1.12265575,4,1.1226557500000007,6.661338147750939e-16
Combination,2025-02-01,2025-03-01,6,6.464817333333333,7.352851,-0.8880336666666665,3,-0.8880336666666668,-3.3306690738754696e-16
Combination,2025-02-01,2025-03-01,7,6.3123735,7.352851,-1.0404775,4,-1.0404775000000006,-6.661338147750939e-16
Combination,2025-02-01,2025-03-01,8,6.7241525,7.352851,-0.6286985,4,-0.6286985000000005,-4.440892098500626e-16
Combination,2025-02-01,2025-03-01,9,7.327549,7.352851,-0.025301999999999936,3,-0.025301999999999936,0.0
Combination,2025-02-01,2025-03-01,10,6.870698,7.352851,-0.482153,4,-0.4821530000000003,-2.7755575615628914e-16
Combination,2025-02-01,2025-03-01,11,7.10032275,7.352851,-0.25252825,4,-0.2525282500000001,-1.1102230246251565e-16
Combination,2025-02-01,2025-03-01,12,6.551814,7.352851,-0.801037,4,-0.801037,0.0
Combination,2025-02-01,2025-03-01,13,5.480122333333334,7.352851,-1.8727286666666665,3,-1.8727286666666663,2.220446049250313e-16
Combination,2025-02-01,2025-03-01,14,6.1403995,7.352851,-1.2124514999999998,4,-1.2124515000000002,-4.440892098500626e-16
Combination,2025-02-01,2025-03-01,15,6.65060525,7.352851,-0.70224575,4,-0.7022457500000003,-3.3306690738754696e-16
Combination,2025-02-01,2025-03-01,16,6.6875333333333336,7.352851,-0.6653176666666666,3,-0.6653176666666667,-1.1102230246251565e-16
Combination,2025-02-01,2025-03-01,17,5.4961515,7.352851,-1.8566995,4,-1.8566995000000004,-4.440892098500626e-16
Combination,2025-02-01,2025-03-01,18,6.85566975,7.352851,-0.49718124999999996,4,-0.4971812500000006,-6.106226635438361e-16
Combination,2025-02-01,2025-03-01,19,7.517066666666666,7.352851,0.16421566666666665,3,0.16421566666666543,-1.2212453270876722e-15
Combination,2025-03-01,2025-04-01,0,2.47239425,3.251256,-0.77886175,4,-0.7788617500000004,-3.3306690738754696e-16
Combination,2025-03-01,2025-04-01,1,3.3230015,3.251256,0.07174550000000002,4,0.07174550000000002,0.0
Combination,2025-03-01,2025-04-01,2,2.9978075,3.251256,-0.2534485,4,-0.2534485000000002,-1.6653345369377348e-16
Combination,2025-03-01,2025-04-01,3,1.5145763333333333,3.251256,-1.7366796666666666,3,-1.7366796666666668,-2.220446049250313e-16
Combination,2025-03-01,2025-04-01,4,-17.3053825,3.251256,-20.556638500000002,4,-20.556638500000002,0.0
Combination,2025-03-01,2025-04-01,5,2.10619575,3.251256,-1.14506025,4,-1.1450602500000002,-2.220446049250313e-16
Combination,2025-03-01,2025-04-01,6,1.85410425,3.251256,-1.39715175,4,-1.3971517500000001,-2.220446049250313e-16
Combination,2025-03-01,2025-04-01,7,3.859128333333333,3.251256,0.6078723333333335,3,0.6078723333333329,-5.551115123125783e-16
Combination,2025-03-01,2025-04-01,8,2.51771675,3.251256,-0.73353925,4,-0.7335392500000002,-2.220446049250313e-16
Combination,2025-03-01,2025-04-01,9,3.468253,3.251256,0.216997,4,0.21699699999999966,-3.3306690738754696e-16
Combination,2025-03-01,2025-04-01,10,3.2944692499999997,3.251256,0.043213250000000036,4,0.04321324999999954,-4.996003610813204e-16
Combination,2025-03-01,2025-04-01,11,3.295783,3.251256,0.04452699999999998,3,0.04452699999999998,0.0
Combination,2025-03-01,2025-04-01,12,2.882678,3.251256,-0.368578,4,-0.3685780000000003,-2.7755575615628914e-16
Combination,2025-03-01,2025-04-01,13,2.85034625,3.251256,-0.40090975,4,-0.4009097500000003,-2.7755575615628914e-16
Combination,2025-03-01,2025-04-01,14,2.51765725,3.251256,-0.73359875,4,-0.7335987500000001,-1.1102230246251565e-16
Combination,2025-03-01,2025-04-01,15,3.468012,3.251256,0.21675600000000003,3,0.21675599999999973,-3.0531133177191805e-16
Combination,2025-03-01,2025-04-01,16,2.8049269999999997,3.251256,-0.4463289999999999,4,-0.4463290000000004,-4.996003610813204e-16
Combination,2025-03-01,2025-04-01,17,2.74149075,3.251256,-0.5097652500000001,4,-0.5097652500000001,0.0
Combination,2025-03-01,2025-04-01,18,3.165113,3.251256,-0.086143,4,-0.0861430000000003,-3.0531133177191805e-16
Combination,2025-03-01,2025-04-01,19,3.5572953333333337,3.251256,0.30603933333333333,3,0.30603933333333355,2.220446049250313e-16
Combination,2025-04-01,2025-05-01,0,4.42769175,3.652402,0.77528975,4,0.7752897500000002,2.220446049250313e-16
Combination,2025-04-01,2025-05-01,1,3.16534,3.652402,-0.48706199999999994,4,-0.4870619999999999,5.551115123125783e-17
Combination,2025-04-01,2025-05-01,2,2.7143897499999996,3.652402,-0.93801225,4,-0.9380122500000003,-3.3306690738754696e-16
Combination,2025-04-01,2025-05-01,3,3.813475,3.652402,0.16107300000000002,3,0.16107300000000002,0.0
Combination,2025-04-01,2025-05-01,4,2.5223519999999997,3.652402,-1.13005,4,-1.1300500000000002,-2.220446049250313e-16
Combination,2025-04-01,2025-05-01,5,2.2501362499999997,3.652402,-1.40226575,4,-1.4022657500000002,-2.220446049250313e-16
Combination,2025-04-01,2025-05-01,6,3.4269735,3.652402,-0.2254285,4,-0.22542850000000003,-2.7755575615628914e-17
Combination,2025-04-01,2025-05-01,7,3.5674266666666665,3.652402,-0.08497533333333333,3,-0.0849753333333334,-6.938893903907228e-17
Combination,2025-04-01,2025-05-01,8,5.111297,3.652402,1.458895,4,1.4588950000000005,4.440892098500626e-16
Combination,2025-04-01,2025-05-01,9,2.797352,3.652402,-0.85505,4,-0.8550499999999999,1.1102230246251565e-16
Combination,2025-04-01,2025-05-01,10,2.74182825,3.652402,-0.91057375,4,-0.9105737499999997,2.220446049250313e-16
Combination,2025-04-01,2025-05-01,11,2.8073456666666665,3.652402,-0.8450563333333334,3,-0.8450563333333334,0.0
Combination,2025-04-01,2025-05-01,12,4.99207,3.652402,1.339668,4,1.339668,0.0
Combination,2025-04-01,2025-05-01,13,3.4592855,3.652402,-0.19311650000000002,4,-0.1931164999999999,1.1102230246251565e-16
Combination,2025-04-01,2025-05-01,14,3.9877072499999997,3.652402,0.33530525,4,0.3353052499999998,-2.220446049250313e-16
Combination,2025-04-01,2025-05-01,15,6.386576333333334,3.652402,2.7341743333333337,3,2.734174333333334,4.440892098500626e-16
Combination,2025-04-01,2025-05-01,16,2.8076239999999997,3.652402,-0.8447779999999999,4,-0.8447780000000003,-3.3306690738754696e-16
Combination,2025-04-01,2025-05-01,17,4.202626,3.652402,0.550224,4,0.5502240000000005,4.440892098500626e-16
Combination,2025-04-01,2025-05-01,18,5.3899835,3.652402,1.7375815,4,1.7375814999999997,-2.220446049250313e-16
Combination,2025-04-01,2025-05-01,19,3.562792333333333,3.652402,-0.08960966666666674,3,-0.08960966666666703,-2.914335439641036e-16
Combination,2025-05-01,2025-06-01,0,3.23592275,3.766898,-0.53097525,4,-0.53097525,0.0
Combination,2025-05-01,2025-06-01,1,3.3805925,3.766898,-0.38630549999999997,4,-0.38630549999999975,2.220446049250313e-16
Combination,2025-05-01,2025-06-01,2,2.7501817500000003,3.766898,-1.01671625,4,-1.0167162499999995,4.440892098500626e-16
Combination,2025-05-01,2025-06-01,3,3.3568463333333334,3.766898,-0.4100516666666667,3,-0.4100516666666665,2.220446049250313e-16
Combination,2025-05-01,2025-06-01,4,3.9664807499999997,3.766898,0.19958274999999998,4,0.1995827499999998,-1.6653345369377348e-16
Combination,2025-05-01,2025-06-01,5,4.406445,3.766898,0.639547,4,0.6395469999999999,-1.1102230246251565e-16
Combination,2025-05-01,2025-06-01,6,3.0961525,3.766898,-0.6707455,4,-0.6707454999999998,2.220446049250313e-16
Combination,2025-05-01,2025-06-01,7,3.072385333333333,3.766898,-0.6945126666666667,3,-0.6945126666666668,-1.1102230246251565e-16
Combination,2025-05-01,2025-06-01,8,3.6745215,3.766898,-0.0923765,4,-0.09237649999999986,1.3877787807814457e-16
Combination,2025-05-01,2025-06-01,9,3.0121847500000003,3.766898,-0.75471325,4,-0.7547132499999996,4.440892098500626e-16
Combination,2025-05-01,2025-06-01,10,3.54076425,3.766898,-0.22613375,4,-0.2261337499999998,1.942890293094024e-16
Combination,2025-05-01,2025-06-01,11,3.320380333333333,3.766898,-0.44651766666666665,3,-0.4465176666666668,-1.6653345369377348e-16
Combination,2025-05-01,2025-06-01,12,3.7400745,3.766898,-0.026823500000000014,4,-0.02682349999999989,1.249000902703301e-16
Combination,2025-05-01,2025-06-01,13,4.2130795,3.766898,0.44618150000000006,4,0.44618150000000023,1.6653345369377348e-16
Combination,2025-05-01,2025-06-01,14,3.85520025,3.766898,0.08830224999999998,4,0.08830225000000036,3.7470027081099033e-16
Combination,2025-05-01,2025-06-01,15,3.7510326666666667,3.766898,-0.015865333333333325,3,-0.015865333333333176,1.491862189340054e-16
Combination,2025-05-01,2025-06-01,16,4.3432365,3.766898,0.5763385,4,0.5763384999999999,-1.1102230246251565e-16
Combination,2025-05-01,2025-06-01,17,3.43984675,3.766898,-0.32705125,4,-0.3270512499999998,2.220446049250313e-16
Combination,2025-05-01,2025-06-01,18,3.7156452499999997,3.766898,-0.05125275,4,-0.05125275000000018,-1.8041124150158794e-16
Combination,2025-05-01,2025-06-01,19,2.9089156666666667,3.766898,-0.8579823333333332,3,-0.8579823333333332,0.0
Combination,2025-06-01,2025-07-01,0,-2.2082405,-2.826766,0.6185255000000001,4,0.6185255000000001,0.0
Combination,2025-06-01,2025-07-01,1,-1.92933625,-2.826766,0.89742975,4,0.8974297500000001,1.1102230246251565e-16
Combination,2025-06-01,2025-07-01,2,-1.5930612499999999,-2.826766,1.23370475,4,1.2337047500000002,2.220446049250313e-16
Combination,2025-06-01,2025-07-01,3,-1.7750299999999999,-2.826766,1.051736,4,1.0517360000000002,2.220446049250313e-16
Combination,2025-06-01,2025-07-01,4,-2.3112626666666665,-2.8267660000000006,0.5155033333333333,3,0.5155033333333341,7.771561172376096e-16
Combination,2025-06-01,2025-07-01,5,-1.26821875,-2.826766,1.55854725,4,1.5585472500000002,2.220446049250313e-16
Combination,2025-06-01,2025-07-01,6,-1.9167787500000002,-2.826766,0.90998725,4,0.9099872499999999,-1.1102230246251565e-16
Combination,2025-06-01,2025-07-01,7,-0.7593577499999999,-2.826766,2.0674082499999997,4,2.06740825,4.440892098500626e-16
Combination,2025-06-01,2025-07-01,8,-2.78068825,-2.826766,0.04607774999999997,4,0.04607775000000025,2.7755575615628914e-16
Combination,2025-06-01,2025-07-01,9,-2.813838,-2.8267660000000006,0.012928000000000031,3,0.012928000000000495,4.631711680858075e-16
Combination,2025-06-01,2025-07-01,10,-1.92498675,-2.826766,0.90177925,4,0.9017792500000001,1.1102230246251565e-16
Combination,2025-06-01,2025-07-01,11,-1.741001,-2.826766,1.0857649999999999,4,1.085765,2.220446049250313e-16
Combination,2025-06-01,2025-07-01,12,-0.70641275,-2.826766,2.12035325,4,2.12035325,0.0
Combination,2025-06-01,2025-07-01,13,-1.91770375,-2.826766,0.9090622500000001,4,0.9090622500000001,0.0
Combination,2025-06-01,2025-07-01,14,-0.8241463333333333,-2.8267660000000006,2.0026196666666665,3,2.0026196666666674,8.881784197001252e-16
Combination,2025-06-01,2025-07-01,15,-1.9169589999999999,-2.826766,0.909807,4,0.9098070000000003,2.220446049250313e-16
Combination,2025-06-01,2025-07-01,16,-2.1109065,-2.826766,0.7158595,4,0.7158595000000001,1.1102230246251565e-16
Combination,2025-06-01,2025-07-01,17,-2.3309085,-2.826766,0.49585749999999995,4,0.49585750000000006,1.1102230246251565e-16
Combination,2025-06-01,2025-07-01,18,-2.22507275,-2.826766,0.60169325,4,0.6016932500000003,3.3306690738754696e-16
Combination,2025-06-01,2025-07-01,19,-1.325614,-2.8267660000000006,1.501152,3,1.5011520000000005,4.440892098500626e-16
Combination,2025-07-01,2025-08-01,0,-2.5285375,-1.816508,-0.7120295,4,-0.7120295000000001,-1.1102230246251565e-16
Combination,2025-07-01,2025-08-01,1,-2.4901962500000003,-1.816508,-0.67368825,4,-0.6736882500000003,-3.3306690738754696e-16
Combination,2025-07-01,2025-08-01,2,-1.6585865,-1.816508,0.1579215,4,0.15792150000000005,5.551115123125783e-17
Combination,2025-07-01,2025-08-01,3,-2.47953025,-1.816508,-0.66302225,4,-0.6630222499999998,2.220446049250313e-16
Combination,2025-07-01,2025-08-01,4,-2.534477,-1.816508,-0.717969,4,-0.7179689999999999,1.1102230246251565e-16
Combination,2025-07-01,2025-08-01,5,-2.8541332500000003,-1.816508,-1.03762525,4,-1.0376252500000003,-2.220446049250313e-16
Combination,2025-07-01,2025-08-01,6,-3.5388716666666666,-1.816508,-1.7223636666666666,3,-1.7223636666666666,0.0
Combination,2025-07-01,2025-08-01,7,-1.707025,-1.816508,0.10948300000000001,4,0.109483,-1.3877787807814457e-17
Combination,2025-07-01,2025-08-01,8,-0.97887725,-1.816508,0.83763075,4,0.83763075,0.0
Combination,2025-07-01,2025-08-01,9,-2.5561475,-1.816508,-0.7396395,4,-0.7396394999999998,2.220446049250313e-16
Combination,2025-07-01,2025-08-01,10,-1.1842455,-1.816508,0.6322625,4,0.6322625,0.0
Combination,2025-07-01,2025-08-01,11,-1.95824875,-1.816508,-0.14174074999999997,4,-0.14174075000000008,-1.1102230246251565e-16
Combination,2025-07-01,2025-08-01,12,-3.36674075,-1.816508,-1.55023275,4,-1.55023275,0.0
Combination,2025-07-01,2025-08-01,13,-2.155958666666667,-1.816508,-0.33945066666666673,3,-0.3394506666666668,-5.551115123125783e-17
Combination,2025-07-01,2025-08-01,14,-1.536205,-1.816508,0.280303,4,0.28030299999999997,-5.551115123125783e-17
Combination,2025-07-01,2025-08-01,15,-1.58700625,-1.816508,0.22950175,4,0.22950175000000006,5.551115123125783e-17
Combination,2025-07-01,2025-08-01,16,-1.35403875,-1.816508,0.46246925,4,0.46246925000000005,5.551115123125783e-17
Combination,2025-07-01,2025-08-01,17,-1.510831,-1.816508,0.305677,4,0.305677,0.0
Combination,2025-07-01,2025-08-01,18,-2.0304605000000002,-1.816508,-0.21395250000000005,4,-0.2139525000000002,-1.6653345369377348e-16
Combination,2025-07-01,2025-08-01,19,-1.6452313333333333,-1.816508,0.17127666666666666,3,0.17127666666666674,8.326672684688674e-17
Combination,2025-08-01,2025-09-01,0,1.6410555,1.253765,0.3872905,4,0.3872905,0.0
Combination,2025-08-01,2025-09-01,1,1.28791075,1.253765,0.03414574999999999,4,0.034145749999999975,-1.3877787807814457e-17
Combination,2025-08-01,2025-09-01,2,1.5188615,1.253765,0.2650965,4,0.26509650000000007,5.551115123125783e-17
Combination,2025-08-01,2025-09-01,3,1.319058,1.253765,0.06529300000000005,4,0.06529300000000005,0.0
Combination,2025-08-01,2025-09-01,4,0.9929365,1.253765,-0.2608285,4,-0.2608285,0.0
Combination,2025-08-01,2025-09-01,5,1.314435,1.253765,0.06067,4,0.06067,0.0
Combination,2025-08-01,2025-09-01,6,1.843349,1.253765,0.589584,3,0.5895839999999999,-1.1102230246251565e-16
Combination,2025-08-01,2025-09-01,7,0.8922384999999999,1.253765,-0.3615265,4,-0.3615265000000001,-1.1102230246251565e-16
Combination,2025-08-01,2025-09-01,8,0.884289,1.253765,-0.36947599999999997,4,-0.369476,-5.551115123125783e-17
Combination,2025-08-01,2025-09-01,9,1.4680425,1.253765,0.2142775,4,0.2142774999999999,-1.1102230246251565e-16
Combination,2025-08-01,2025-09-01,10,0.554371,1.253765,-0.699394,4,-0.6993940000000001,-1.1102230246251565e-16
Combination,2025-08-01,2025-09-01,11,1.1968960000000002,1.253765,-0.05686900000000006,4,-0.056868999999999836,2.220446049250313e-16
Combination,2025-08-01,2025-09-01,12,0.8344315,1.253765,-0.41933349999999997,4,-0.4193335,-5.551115123125783e-17
Combination,2025-08-01,2025-09-01,13,0.989543,1.253765,-0.26422199999999996,3,-0.26422200000000007,-1.1102230246251565e-16
Combination,2025-08-01,2025-09-01,14,1.6299445,1.253765,0.3761795,4,0.3761794999999999,-1.1102230246251565e-16
Combination,2025-08-01,2025-09-01,15,1.2950869999999999,1.253765,0.041322000000000025,4,0.04132199999999986,-1.6653345369377348e-16
Combination,2025-08-01,2025-09-01,16,1.69535925,1.253765,0.4415942499999999,4,0.4415942500000001,1.6653345369377348e-16
Combination,2025-08-01,2025-09-01,17,1.1657944999999998,1.253765,-0.08797050000000001,4,-0.08797050000000017,-1.6653345369377348e-16
Combination,2025-08-01,2025-09-01,18,1.3119025,1.253765,0.05813749999999995,4,0.05813749999999995,0.0
Combination,2025-08-01,2025-09-01,19,0.10173200000000009,1.253765,-1.152033,3,-1.1520329999999999,2.220446049250313e-16
Combination,2025-09-01,2025-10-01,0,3.2909819999999996,4.342917,-1.0519349999999998,5,-1.0519350000000003,-4.440892098500626e-16
Combination,2025-09-01,2025-10-01,1,3.3604950000000002,4.342917,-0.982422,4,-0.9824219999999997,3.3306690738754696e-16
Combination,2025-09-01,2025-10-01,2,3.14808,4.342917,-1.1948370000000001,4,-1.1948369999999997,4.440892098500626e-16
Combination,2025-09-01,2025-10-01,3,2.65262875,4.342917,-1.69028825,4,-1.69028825,0.0
Combination,2025-09-01,2025-10-01,4,3.09341775,4.342917,-1.24949925,4,-1.24949925,0.0
Combination,2025-09-01,2025-10-01,5,2.8153745,4.342917,-1.5275425,4,-1.5275425,0.0
Combination,2025-09-01,2025-10-01,6,3.159299,4.342917,-1.183618,4,-1.183618,0.0
Combination,2025-09-01,2025-10-01,7,2.77984225,4.342917,-1.5630747500000002,4,-1.5630747499999997,4.440892098500626e-16
Combination,2025-09-01,2025-10-01,8,3.3586435,4.342917,-0.9842735,4,-0.9842735,0.0
Combination,2025-09-01,2025-10-01,9,3.227181,4.342917,-1.115736,4,-1.115736,0.0
Combination,2025-09-01,2025-10-01,10,2.326497,4.342917,-2.01642,4,-2.01642,0.0
Combination,2025-09-01,2025-10-01,11,2.6228515,4.342917,-1.7200655,4,-1.7200655,0.0
Combination,2025-09-01,2025-10-01,12,3.54007075,4.342917,-0.80284625,4,-0.80284625,0.0
Combination,2025-09-01,2025-10-01,13,3.037203,4.342917,-1.305714,4,-1.305714,0.0
Combination,2025-09-01,2025-10-01,14,3.04280875,4.342917,-1.30010825,4,-1.30010825,0.0
Combination,2025-09-01,2025-10-01,15,3.567387,4.342917,-0.7755299999999999,4,-0.7755299999999998,1.1102230246251565e-16
Combination,2025-09-01,2025-10-01,16,2.7895632499999996,4.342917,-1.55335375,4,-1.5533537500000003,-2.220446049250313e-16
Combination,2025-09-01,2025-10-01,17,3.19221025,4.342917,-1.15070675,4,-1.15070675,0.0
Combination,2025-09-01,2025-10-01,18,2.85684125,4.342917,-1.48607575,4,-1.48607575,0.0
Combination,2025-09-01,2025-10-01,19,3.184377,4.342917,-1.15854,4,-1.15854,0.0
Combination,2025-10-01,2025-11-01,0,-0.1375324,0.9964980000000001,-1.1340303999999999,5,-1.1340304,-2.220446049250313e-16
Combination,2025-10-01,2025-11-01,1,0.011007500000000003,0.996498,-0.9854905,4,-0.9854905,0.0
Combination,2025-10-01,2025-11-01,2,0.31352325000000003,0.996498,-0.6829747500000001,4,-0.68297475,1.1102230246251565e-16
Combination,2025-10-01,2025-11-01,3,0.0903815,0.996498,-0.9061165,4,-0.9061165,0.0
Combination,2025-10-01,2025-11-01,4,-0.027690749999999986,0.996498,-1.02418875,4,-1.02418875,0.0
Combination,2025-10-01,2025-11-01,5,-1.0144410000000001,0.996498,-2.010939,4,-2.010939,0.0
Combination,2025-10-01,2025-11-01,6,-0.305161,0.996498,-1.3016590000000001,4,-1.301659,2.220446049250313e-16
Combination,2025-10-01,2025-11-01,7,0.6144665,0.996498,-0.38203149999999997,4,-0.38203149999999997,0.0
Combination,2025-10-01,2025-11-01,8,-0.17392675000000005,0.996498,-1.17042475,4,-1.17042475,0.0
Combination,2025-10-01,2025-11-01,9,-0.26706399999999997,0.996498,-1.263562,4,-1.2635619999999999,2.220446049250313e-16
Combination,2025-10-01,2025-11-01,10,-0.47971675,0.996498,-1.47621475,4,-1.47621475,0.0
Combination,2025-10-01,2025-11-01,11,-0.38902725,0.996498,-1.38552525,4,-1.38552525,0.0
Combination,2025-10-01,2025-11-01,12,-0.50209925,0.996498,-1.49859725,4,-1.49859725,0.0
Combination,2025-10-01,2025-11-01,13,0.32544375000000003,0.996498,-0.67105425,4,-0.67105425,0.0
Combination,2025-10-01,2025-11-01,14,-0.04509875,0.996498,-1.04159675,4,-1.04159675,0.0
Combination,2025-10-01,2025-11-01,15,0.12474025000000002,0.996498,-0.87175775,4,-0.87175775,0.0
Combination,2025-10-01,2025-11-01,16,0.26542899999999997,0.996498,-0.731069,4,-0.731069,0.0
Combination,2025-10-01,2025-11-01,17,-0.44171475,0.996498,-1.43821275,4,-1.43821275,0.0
Combination,2025-10-01,2025-11-01,18,-0.008253250000000004,0.996498,-1.00475125,4,-1.00475125,0.0
Combination,2025-10-01,2025-11-01,19,0.3202795,0.996498,-0.6762185000000001,4,-0.6762185000000001,0.0
Combination,2025-11-01,2025-12-01,0,-0.45125479999999996,-0.257308,-0.19394679999999997,5,-0.19394679999999997,0.0
Combination,2025-11-01,2025-12-01,1,-0.067288,-0.257308,0.19002000000000002,4,0.19001999999999997,-5.551115123125783e-17
Combination,2025-11-01,2025-12-01,2,-0.44040100000000004,-0.257308,-0.183093,4,-0.18309300000000006,-5.551115123125783e-17
Combination,2025-11-01,2025-12-01,3,-0.07150374999999999,-0.257308,0.18580424999999998,4,0.18580425,2.7755575615628914e-17
Combination,2025-11-01,2025-12-01,4,-0.5169837500000001,-0.257308,-0.25967575,4,-0.2596757500000001,-1.1102230246251565e-16
Combination,2025-11-01,2025-12-01,5,-0.36739325,-0.257308,-0.11008525,4,-0.11008525000000002,-2.7755575615628914e-17
Combination,2025-11-01,2025-12-01,6,-1.0667685,-0.257308,-0.8094605,4,-0.8094605,0.0
Combination,2025-11-01,2025-12-01,7,0.10473299999999998,-0.257308,0.362041,4,0.36204099999999995,-5.551115123125783e-17
Combination,2025-11-01,2025-12-01,8,-0.5926645,-0.257308,-0.3353565,4,-0.33535650000000006,-5.551115123125783e-17
Combination,2025-11-01,2025-12-01,9,-0.3073335,-0.257308,-0.0500255,4,-0.0500255,0.0
Combination,2025-11-01,2025-12-01,10,-0.55095075,-0.257308,-0.29364275000000006,4,-0.29364275000000006,0.0
Combination,2025-11-01,2025-12-01,11,0.04396024999999997,-0.257308,0.30126825,4,0.30126824999999996,-5.551115123125783e-17
Combination,2025-11-01,2025-12-01,12,0.27708099999999997,-0.257308,0.534389,4,0.534389,0.0
Combination,2025-11-01,2025-12-01,13,-0.499991,-0.257308,-0.242683,4,-0.24268300000000004,-2.7755575615628914e-17
Combination,2025-11-01,2025-12-01,14,-0.17128675000000002,-0.257308,0.08602125,4,0.08602124999999997,-2.7755575615628914e-17
Combination,2025-11-01,2025-12-01,15,-1.20647975,-0.257308,-0.9491717500000001,4,-0.94917175,1.1102230246251565e-16
Combination,2025-11-01,2025-12-01,16,-0.43545649999999997,-0.257308,-0.1781485,4,-0.1781485,0.0
Combination,2025-11-01,2025-12-01,17,-0.293628,-0.257308,-0.036320000000000005,4,-0.03632000000000002,-1.3877787807814457e-17
Combination,2025-11-01,2025-12-01,18,-0.20789849999999999,-0.257308,0.04940950000000002,4,0.049409499999999995,-2.7755575615628914e-17
Combination,2025-11-01,2025-12-01,19,-0.721724,-0.257308,-0.464416,4,-0.46441600000000005,-5.551115123125783e-17
Combination,2025-12-01,2026-01-01,0,-3.7782192,-3.2732420000000007,-0.5049772,5,-0.5049771999999995,5.551115123125783e-16
Combination,2025-12-01,2026-01-01,1,-3.4257815,-3.273242,-0.1525395,4,-0.1525394999999996,3.885780586188048e-16
Combination,2025-12-01,2026-01-01,2,-3.545922,-3.273242,-0.27268000000000003,4,-0.2726799999999998,2.220446049250313e-16
Combination,2025-12-01,2026-01-01,3,-2.551644,-3.273242,0.721598,4,0.7215980000000002,2.220446049250313e-16
Combination,2025-12-01,2026-01-01,4,-2.635034,-3.2732420000000007,0.638208,5,0.6382080000000006,5.551115123125783e-16
Combination,2025-12-01,2026-01-01,5,-2.7044285,-3.273242,0.5688135,4,0.5688135000000001,1.1102230246251565e-16
Combination,2025-12-01,2026-01-01,6,-1.29271975,-3.273242,1.98052225,4,1.9805222500000002,2.220446049250313e-16
Combination,2025-12-01,2026-01-01,7,-3.435166,-3.273242,-0.16192399999999998,4,-0.16192399999999996,2.7755575615628914e-17
Combination,2025-12-01,2026-01-01,8,-3.2607162,-3.2732420000000007,0.012525800000000054,5,0.012525800000000586,5.325601071248798e-16
Combination,2025-12-01,2026-01-01,9,-4.2294505000000004,-3.273242,-0.9562085,4,-0.9562085000000002,-2.220446049250313e-16
Combination,2025-12-01,2026-01-01,10,-3.503582,-3.273242,-0.23034,4,-0.23034,0.0
Combination,2025-12-01,2026-01-01,11,-3.237385,-3.273242,0.03585700000000003,4,0.03585700000000003,0.0
Combination,2025-12-01,2026-01-01,12,-2.383723,-3.2732420000000007,0.889519,5,0.8895190000000008,8.881784197001252e-16
Combination,2025-12-01,2026-01-01,13,-2.12968425,-3.273242,1.1435577500000003,4,1.1435577500000003,0.0
Combination,2025-12-01,2026-01-01,14,-3.330837,-3.273242,-0.05759500000000001,4,-0.05759499999999962,3.885780586188048e-16
Combination,2025-12-01,2026-01-01,15,-2.32142225,-3.273242,0.9518197499999999,4,0.9518197500000003,4.440892098500626e-16
Combination,2025-12-01,2026-01-01,16,-1.744108,-3.2732420000000007,1.529134,5,1.5291340000000007,6.661338147750939e-16
Combination,2025-12-01,2026-01-01,17,-3.5679815,-3.273242,-0.29473950000000004,4,-0.29473949999999993,1.1102230246251565e-16
Combination,2025-12-01,2026-01-01,18,-3.5306527500000002,-3.273242,-0.2574107500000001,4,-0.25741075,5.551115123125783e-17
Combination,2025-12-01,2026-01-01,19,-2.31153625,-3.273242,0.96170575,4,0.9617057500000001,1.1102230246251565e-16
LightGBM,2024-01-01,2024-02-01,0,3.76603,1.574078,2.1919519999999997,2,2.191952,4.440892098500626e-16
LightGBM,2024-01-01,2024-02-01,1,2.3149995,1.574078,0.7409215,2,0.7409214999999998,-2.220446049250313e-16
LightGBM,2024-01-01,2024-02-01,2,4.29321,1.574078,2.719132,1,2.719132,0.0
LightGBM,2024-01-01,2024-02-01,3,3.616974,1.574078,2.042896,2,2.042896,0.0
LightGBM,2024-01-01,2024-02-01,4,2.999653,1.574078,1.425575,1,1.4255749999999998,-2.220446049250313e-16
LightGBM,2024-01-01,2024-02-01,5,3.488054,1.574078,1.913976,2,1.913976,0.0
LightGBM,2024-01-01,2024-02-01,6,3.9152544999999996,1.574078,2.3411765,2,2.3411764999999995,-4.440892098500626e-16
LightGBM,2024-01-01,2024-02-01,7,0.885235,1.574078,-0.688843,1,-0.6888430000000001,-1.1102230246251565e-16
LightGBM,2024-01-01,2024-02-01,8,2.9727034999999997,1.574078,1.3986255,2,1.3986254999999996,-4.440892098500626e-16
LightGBM,2024-01-01,2024-02-01,9,5.421958,1.574078,3.84788,1,3.84788,0.0
LightGBM,2024-01-01,2024-02-01,10,2.5181185000000004,1.574078,0.9440405,2,0.9440405000000003,3.3306690738754696e-16
LightGBM,2024-01-01,2024-02-01,11,2.767063,1.574078,1.192985,2,1.1929849999999997,-2.220446049250313e-16
LightGBM,2024-01-01,2024-02-01,12,3.343363,1.574078,1.769285,1,1.769285,0.0
LightGBM,2024-01-01,2024-02-01,13,4.448939,1.574078,2.874861,2,2.874861,0.0
LightGBM,2024-01-01,2024-02-01,14,1.89555,1.574078,0.321472,1,0.321472,0.0
LightGBM,2024-01-01,2024-02-01,15,4.3796095,1.574078,2.8055315,2,2.8055315,0.0
LightGBM,2024-01-01,2024-02-01,16,3.1092975000000003,1.574078,1.5352195,2,1.5352195000000002,2.220446049250313e-16
LightGBM,2024-01-01,2024-02-01,17,3.724196,1.574078,2.150118,1,2.150118,0.0
LightGBM,2024-01-01,2024-02-01,18,3.698333,1.574078,2.124255,2,2.124255,0.0
LightGBM,2024-01-01,2024-02-01,19,2.61172,1.574078,1.037642,1,1.037642,0.0
LightGBM,2024-02-01,2024-03-01,0,-0.4302455,3.2e-05,-0.4302775,2,-0.4302775,0.0
LightGBM,2024-02-01,2024-03-01,1,-1.3784645000000002,3.2e-05,-1.3784965,2,-1.3784965000000002,-2.220446049250313e-16
LightGBM,2024-02-01,2024-03-01,2,0.116542,3.2e-05,0.11651,1,0.11651,0.0
LightGBM,2024-02-01,2024-03-01,3,-1.260797,3.2e-05,-1.260829,2,-1.260829,0.0
LightGBM,2024-02-01,2024-03-01,4,-0.355827,3.2e-05,-0.355859,1,-0.355859,0.0
LightGBM,2024-02-01,2024-03-01,5,-0.301675,3.2e-05,-0.301707,2,-0.301707,0.0
LightGBM,2024-02-01,2024-03-01,6,-0.562837,3.2e-05,-0.5628690000000001,2,-0.5628690000000001,0.0
LightGBM,2024-02-01,2024-03-01,7,0.36384,3.2e-05,0.363808,1,0.363808,0.0
LightGBM,2024-02-01,2024-03-01,8,0.6040915,3.2e-05,0.6040595,2,0.6040595,0.0
LightGBM,2024-02-01,2024-03-01,9,-2.030433,3.2e-05,-2.030465,1,-2.030465,0.0
LightGBM,2024-02-01,2024-03-01,10,0.9970025,3.2e-05,0.9969705,2,0.9969705,0.0
LightGBM,2024-02-01,2024-03-01,11,0.8464404999999999,3.2e-05,0.8464084999999999,2,0.8464084999999999,0.0
LightGBM,2024-02-01,2024-03-01,12,0.275848,3.2e-05,0.275816,1,0.275816,0.0
LightGBM,2024-02-01,2024-03-01,13,-1.354479,3.2e-05,-1.354511,2,-1.354511,0.0
LightGBM,2024-02-01,2024-03-01,14,-0.540696,3.2e-05,-0.540728,1,-0.540728,0.0
LightGBM,2024-02-01,2024-03-01,15,0.5447255,3.2e-05,0.5446934999999999,2,0.5446934999999999,0.0
LightGBM,2024-02-01,2024-03-01,16,-0.922925,3.2e-05,-0.922957,2,-0.922957,0.0
LightGBM,2024-02-01,2024-03-01,17,1.792414,3.2e-05,1.792382,1,1.792382,0.0
LightGBM,2024-02-01,2024-03-01,18,0.5957095,3.2e-05,0.5956775,2,0.5956775,0.0
LightGBM,2024-02-01,2024-03-01,19,-0.620759,3.2e-05,-0.620791,1,-0.620791,0.0
LightGBM,2024-03-01,2024-04-01,0,3.001215,4.533622,-1.532407,2,-1.532407,0.0
LightGBM,2024-03-01,2024-04-01,1,4.205793,4.533622,-0.32782900000000004,2,-0.32782900000000037,-3.3306690738754696e-16
LightGBM,2024-03-01,2024-04-01,2,3.897104,4.533622,-0.636518,1,-0.6365180000000001,-1.1102230246251565e-16
LightGBM,2024-03-01,2024-04-01,3,5.1028205,4.533622,0.5691985000000002,2,0.5691984999999997,-4.440892098500626e-16
LightGBM,2024-03-01,2024-04-01,4,4.623961,4.533622,0.090339,1,0.09033900000000017,1.6653345369377348e-16
LightGBM,2024-03-01,2024-04-01,5,6.970557,4.533622,2.436935,2,2.436935,0.0
LightGBM,2024-03-01,2024-04-01,6,5.3497695,4.533622,0.8161475,2,0.8161474999999996,-4.440892098500626e-16
LightGBM,2024-03-01,2024-04-01,7,3.685504,4.533622,-0.848118,1,-0.8481180000000004,-3.3306690738754696e-16
LightGBM,2024-03-01,2024-04-01,8,2.877915,4.533622,-1.655707,2,-1.6557070000000005,-4.440892098500626e-16
LightGBM,2024-03-01,2024-04-01,9,4.441339,4.533622,-0.092283,1,-0.09228300000000011,-1.1102230246251565e-16
LightGBM,2024-03-01,2024-04-01,10,4.202840500000001,4.533622,-0.33078150000000006,2,-0.3307814999999996,4.440892098500626e-16
LightGBM,2024-03-01,2024-04-01,11,3.066119,4.533622,-1.467503,2,-1.4675030000000002,-2.220446049250313e-16
LightGBM,2024-03-01,2024-04-01,12,3.603967,4.533622,-0.929655,1,-0.9296550000000003,-3.3306690738754696e-16
LightGBM,2024-03-01,2024-04-01,13,3.0426925000000002,4.533622,-1.4909295,2,-1.4909295,0.0
LightGBM,2024-03-01,2024-04-01,14,4.05967,4.533622,-0.473952,1,-0.4739520000000006,-6.106226635438361e-16
LightGBM,2024-03-01,2024-04-01,15,3.8553195,4.533622,-0.6783025,2,-0.6783025000000005,-4.440892098500626e-16
LightGBM,2024-03-01,2024-04-01,16,4.989447999999999,4.533622,0.455826,2,0.4558259999999992,-8.326672684688674e-16
LightGBM,2024-03-01,2024-04-01,17,4.380169,4.533622,-0.153453,1,-0.15345299999999984,1.6653345369377348e-16
LightGBM,2024-03-01,2024-04-01,18,5.103775000000001,4.533622,0.570153,2,0.5701530000000004,3.3306690738754696e-16
LightGBM,2024-03-01,2024-04-01,19,3.011712,4.533622,-1.52191,1,-1.52191,0.0
LightGBM,2024-04-01,2024-05-01,0,1.365489,0.731367,0.634122,2,0.634122,0.0
LightGBM,2024-04-01,2024-05-01,1,0.9592149999999999,0.731367,0.22784800000000002,2,0.22784799999999994,-8.326672684688674e-17
LightGBM,2024-04-01,2024-05-01,2,4.345069,0.731367,3.613702,1,3.6137019999999995,-4.440892098500626e-16
LightGBM,2024-04-01,2024-05-01,3,1.6963035,0.731367,0.9649365,2,0.9649365,0.0
LightGBM,2024-04-01,2024-05-01,4,2.645571,0.731367,1.914204,1,1.9142039999999998,-2.220446049250313e-16
LightGBM,2024-04-01,2024-05-01,5,0.06603749999999999,0.731367,-0.6653295,2,-0.6653295,0.0
LightGBM,2024-04-01,2024-05-01,6,0.30191250000000003,0.731367,-0.4294545000000001,2,-0.42945449999999996,1.1102230246251565e-16
LightGBM,2024-04-01,2024-05-01,7,2.098992,0.731367,1.367625,1,1.3676249999999999,-2.220446049250313e-16
LightGBM,2024-04-01,2024-05-01,8,0.7726145,0.731367,0.0412475,2,0.04124749999999999,-6.938893903907228e-18
LightGBM,2024-04-01,2024-05-01,9,1.890275,0.731367,1.158908,1,1.1589079999999998,-2.220446049250313e-16
LightGBM,2024-04-01,2024-05-01,10,1.9347355,0.731367,1.2033685,2,1.2033684999999998,-2.220446049250313e-16
LightGBM,2024-04-01,2024-05-01,11,1.766648,0.731367,1.035281,2,1.035281,0.0
LightGBM,2024-04-01,2024-05-01,12,0.333982,0.731367,-0.397385,1,-0.397385,0.0
LightGBM,2024-04-01,2024-05-01,13,1.0908035,0.731367,0.35943650000000005,2,0.35943650000000005,0.0
LightGBM,2024-04-01,2024-05-01,14,-1.73968,0.731367,-2.471047,1,-2.471047,0.0
LightGBM,2024-04-01,2024-05-01,15,1.6108455,0.731367,0.8794784999999999,2,0.8794784999999999,0.0
LightGBM,2024-04-01,2024-05-01,16,2.0174374999999998,0.731367,1.2860705000000001,2,1.2860704999999997,-4.440892098500626e-16
LightGBM,2024-04-01,2024-05-01,17,2.317903,0.731367,1.586536,1,1.5865359999999997,-2.220446049250313e-16
LightGBM,2024-04-01,2024-05-01,18,2.600793,0.731367,1.869426,2,1.8694259999999998,-2.220446049250313e-16
LightGBM,2024-04-01,2024-05-01,19,0.885017,0.731367,0.15365,1,0.15365000000000006,5.551115123125783e-17
LightGBM,2024-05-01,2024-06-01,0,7.261967,7.051242,0.21072500000000002,2,0.21072500000000005,2.7755575615628914e-17
LightGBM,2024-05-01,2024-06-01,1,5.583335,7.051242,-1.4679069999999999,2,-1.4679070000000003,-4.440892098500626e-16
LightGBM,2024-05-01,2024-06-01,2,7.216369,7.051242,0.165127,1,0.16512700000000002,2.7755575615628914e-17
LightGBM,2024-05-01,2024-06-01,3,6.7912765,7.051242,-0.25996549999999996,2,-0.25996549999999985,1.1102230246251565e-16
LightGBM,2024-05-01,2024-06-01,4,7.99343,7.051242,0.942188,1,0.9421879999999998,-2.220446049250313e-16
LightGBM,2024-05-01,2024-06-01,5,5.701655499999999,7.051242,-1.3495865,2,-1.349586500000001,-8.881784197001252e-16
LightGBM,2024-05-01,2024-06-01,6,7.0086189999999995,7.051242,-0.04262300000000002,2,-0.042623000000000744,-7.216449660063518e-16
LightGBM,2024-05-01,2024-06-01,7,6.208431,7.051242,-0.842811,1,-0.8428110000000002,-2.220446049250313e-16
LightGBM,2024-05-01,2024-06-01,8,7.760734,7.051242,0.709492,2,0.709492,0.0
LightGBM,2024-05-01,2024-06-01,9,8.539354,7.051242,1.488112,1,1.4881119999999992,-8.881784197001252e-16
LightGBM,2024-05-01,2024-06-01,10,7.450919,7.051242,0.39967700000000006,2,0.3996769999999996,-4.440892098500626e-16
LightGBM,2024-05-01,2024-06-01,11,7.743783,7.051242,0.692541,2,0.6925409999999994,-5.551115123125783e-16
LightGBM,2024-05-01,2024-06-01,12,7.475505,7.051242,0.424263,1,0.42426299999999983,-1.6653345369377348e-16
LightGBM,2024-05-01,2024-06-01,13,4.8207895,7.051242,-2.2304525,2,-2.2304525,0.0
LightGBM,2024-05-01,2024-06-01,14,6.083416,7.051242,-0.967826,1,-0.9678260000000005,-5.551115123125783e-16
LightGBM,2024-05-01,2024-06-01,15,6.8173715,7.051242,-0.23387049999999998,2,-0.2338705000000001,-1.1102230246251565e-16
LightGBM,2024-05-01,2024-06-01,16,7.579040000000001,7.051242,0.527798,2,0.5277980000000007,6.661338147750939e-16
LightGBM,2024-05-01,2024-06-01,17,8.578565,7.051242,1.527323,1,1.527322999999999,-8.881784197001252e-16
LightGBM,2024-05-01,2024-06-01,18,6.592534,7.051242,-0.45870799999999995,2,-0.45870800000000056,-6.106226635438361e-16
LightGBM,2024-05-01,2024-06-01,19,8.725316,7.051242,1.674074,1,1.6740739999999992,-8.881784197001252e-16
LightGBM,2024-06-01,2024-07-01,0,4.716236,4.390997,0.32523900000000006,2,0.3252390000000007,6.661338147750939e-16
LightGBM,2024-06-01,2024-07-01,1,3.485473,4.390997,-0.905524,2,-0.9055239999999998,2.220446049250313e-16
LightGBM,2024-06-01,2024-07-01,2,2.65292,4.390997,-1.738077,1,-1.7380769999999997,4.440892098500626e-16
LightGBM,2024-06-01,2024-07-01,3,3.627701,4.390997,-0.763296,2,-0.7632959999999995,4.440892098500626e-16
LightGBM,2024-06-01,2024-07-01,4,2.7335715,4.390997,-1.6574255,2,-1.6574254999999996,4.440892098500626e-16
LightGBM,2024-06-01,2024-07-01,5,2.890179,4.390997,-1.500818,1,-1.5008179999999998,2.220446049250313e-16
LightGBM,2024-06-01,2024-07-01,6,3.53349,4.390997,-0.857507,2,-0.8575069999999996,4.440892098500626e-16
LightGBM,2024-06-01,2024-07-01,7,4.115265,4.390997,-0.27573200000000003,2,-0.27573199999999964,3.885780586188048e-16
LightGBM,2024-06-01,2024-07-01,8,4.793368,4.390997,0.402371,1,0.4023710000000005,4.996003610813204e-16
LightGBM,2024-06-01,2024-07-01,9,2.6015955,4.390997,-1.7894014999999999,2,-1.7894014999999994,4.440892098500626e-16
LightGBM,2024-06-01,2024-07-01,10,2.7462074999999997,4.390997,-1.6447895,2,-1.6447895,0.0
LightGBM,2024-06-01,2024-07-01,11,2.903931,4.390997,-1.487066,1,-1.4870659999999996,4.440892098500626e-16
LightGBM,2024-06-01,2024-07-01,12,2.628835,4.390997,-1.762162,2,-1.7621619999999996,4.440892098500626e-16
LightGBM,2024-06-01,2024-07-01,13,3.043444,4.390997,-1.347553,2,-1.3475529999999996,4.440892098500626e-16
LightGBM,2024-06-01,2024-07-01,14,3.403802,4.390997,-0.987195,1,-0.9871949999999994,6.661338147750939e-16
LightGBM,2024-06-01,2024-07-01,15,3.1875850000000003,4.390997,-1.2034120000000001,2,-1.2034119999999993,8.881784197001252e-16
LightGBM,2024-06-01,2024-07-01,16,3.0956755,4.390997,-1.2953215,2,-1.2953214999999996,4.440892098500626e-16
LightGBM,2024-06-01,2024-07-01,17,2.597585,4.390997,-1.793412,1,-1.7934119999999996,4.440892098500626e-16
LightGBM,2024-06-01,2024-07-01,18,3.8451174999999997,4.390997,-0.5458795000000001,2,-0.5458794999999999,2.220446049250313e-16
LightGBM,2024-06-01,2024-07-01,19,3.074992,4.390997,-1.316005,1,-1.3160049999999996,4.440892098500626e-16
LightGBM,2024-07-01,2024-08-01,0,1.244334,1.035556,0.20877800000000002,2,0.20877800000000013,1.1102230246251565e-16
LightGBM,2024-07-01,2024-08-01,1,2.6858495,1.035556,1.6502935,2,1.6502934999999999,-2.220446049250313e-16
LightGBM,2024-07-01,2024-08-01,2,1.956739,1.035556,0.921183,1,0.9211830000000001,1.1102230246251565e-16
LightGBM,2024-07-01,2024-08-01,3,1.9484675,1.035556,0.9129115,2,0.9129115000000001,1.1102230246251565e-16
LightGBM,2024-07-01,2024-08-01,4,2.5025015,1.035556,1.4669455,2,1.4669455000000002,2.220446049250313e-16
LightGBM,2024-07-01,2024-08-01,5,2.508834,1.035556,1.473278,1,1.4732779999999999,-2.220446049250313e-16
LightGBM,2024-07-01,2024-08-01,6,2.2604155,1.035556,1.2248595,2,1.2248595000000002,2.220446049250313e-16
LightGBM,2024-07-01,2024-08-01,7,1.10548,1.035556,0.06992399999999999,2,0.0699240000000001,1.1102230246251565e-16
LightGBM,2024-07-01,2024-08-01,8,4.061059,1.035556,3.025503,1,3.0255030000000005,4.440892098500626e-16
LightGBM,2024-07-01,2024-08-01,9,2.4018015,1.035556,1.3662455,2,1.3662455,0.0
LightGBM,2024-07-01,2024-08-01,10,1.9241074999999999,1.035556,0.8885514999999999,2,0.8885514999999999,0.0
LightGBM,2024-07-01,2024-08-01,11,1.724601,1.035556,0.689045,1,0.6890450000000001,1.1102230246251565e-16
LightGBM,2024-07-01,2024-08-01,12,1.7030465000000001,1.035556,0.6674905,2,0.6674905000000002,2.220446049250313e-16
LightGBM,2024-07-01,2024-08-01,13,2.231908,1.035556,1.196352,2,1.1963519999999999,-2.220446049250313e-16
LightGBM,2024-07-01,2024-08-01,14,-0.83931,1.035556,-1.874866,1,-1.874866,0.0
LightGBM,2024-07-01,2024-08-01,15,1.7705655,1.035556,0.7350095000000001,2,0.7350095000000001,0.0
LightGBM,2024-07-01,2024-08-01,16,1.880051,1.035556,0.844495,2,0.844495,0.0
LightGBM,2024-07-01,2024-08-01,17,-0.379166,1.035556,-1.414722,1,-1.4147219999999998,2.220446049250313e-16
LightGBM,2024-07-01,2024-08-01,18,2.1466675,1.035556,1.1111115,2,1.1111115,0.0
LightGBM,2024-07-01,2024-08-01,19,-0.881247,1.035556,-1.916803,1,-1.9168029999999998,2.220446049250313e-16
LightGBM,2024-08-01,2024-09-01,0,2.725385,2.166814,0.558571,2,0.5585710000000002,1.1102230246251565e-16
LightGBM,2024-08-01,2024-09-01,1,2.6120555000000003,2.166814,0.4452415,2,0.4452415000000003,2.7755575615628914e-16
LightGBM,2024-08-01,2024-09-01,2,2.708076,2.166814,0.541262,1,0.5412620000000001,1.1102230246251565e-16
LightGBM,2024-08-01,2024-09-01,3,2.601325,2.166814,0.434511,2,0.4345110000000001,1.1102230246251565e-16
LightGBM,2024-08-01,2024-09-01,4,2.3190299999999997,2.166814,0.15221600000000002,2,0.15221599999999968,-3.3306690738754696e-16
LightGBM,2024-08-01,2024-09-01,5,3.087091,2.166814,0.920277,1,0.920277,0.0
LightGBM,2024-08-01,2024-09-01,6,2.2734385,2.166814,0.10662450000000001,2,0.10662450000000012,1.1102230246251565e-16
LightGBM,2024-08-01,2024-09-01,7,2.822235,2.166814,0.655421,2,0.655421,0.0
LightGBM,2024-08-01,2024-09-01,8,3.26813,2.166814,1.101316,1,1.1013160000000002,2.220446049250313e-16
LightGBM,2024-08-01,2024-09-01,9,4.6311685,2.166814,2.4643545,2,2.4643545000000002,4.440892098500626e-16
LightGBM,2024-08-01,2024-09-01,10,1.82715,2.166814,-0.33966399999999997,2,-0.33966399999999997,0.0
LightGBM,2024-08-01,2024-09-01,11,0.056761,2.166814,-2.110053,1,-2.110053,0.0
LightGBM,2024-08-01,2024-09-01,12,3.6696695000000004,2.166814,1.5028555,2,1.5028555000000003,4.440892098500626e-16
LightGBM,2024-08-01,2024-09-01,13,2.386534,2.166814,0.21972,2,0.21972000000000014,1.3877787807814457e-16
LightGBM,2024-08-01,2024-09-01,14,2.621639,2.166814,0.454825,1,0.45482500000000003,5.551115123125783e-17
LightGBM,2024-08-01,2024-09-01,15,1.678375,2.166814,-0.48843900000000007,2,-0.48843900000000007,0.0
LightGBM,2024-08-01,2024-09-01,16,2.992082,2.166814,0.825268,2,0.8252679999999999,-1.1102230246251565e-16
LightGBM,2024-08-01,2024-09-01,17,2.300985,2.166814,0.134171,1,0.13417099999999982,-1.942890293094024e-16
LightGBM,2024-08-01,2024-09-01,18,1.92184,2.166814,-0.24497399999999997,2,-0.24497400000000003,-5.551115123125783e-17
LightGBM,2024-08-01,2024-09-01,19,2.992151,2.166814,0.825337,1,0.8253369999999998,-2.220446049250313e-16
LightGBM,2024-09-01,2024-10-01,0,-6.4411615,-6.352122,-0.0890395,2,-0.08903950000000016,-1.6653345369377348e-16
LightGBM,2024-09-01,2024-10-01,1,-5.187504499999999,-6.352122,1.1646174999999999,2,1.1646175000000003,4.440892098500626e-16
LightGBM,2024-09-01,2024-10-01,2,-3.006436,-6.352122,3.345686,1,3.3456859999999997,-4.440892098500626e-16
LightGBM,2024-09-01,2024-10-01,3,-7.1412665,-6.352122,-0.7891444999999999,2,-0.7891445000000008,-8.881784197001252e-16
LightGBM,2024-09-01,2024-10-01,4,-5.8718354999999995,-6.352122,0.48028649999999995,2,0.48028650000000006,1.1102230246251565e-16
LightGBM,2024-09-01,2024-10-01,5,-4.403874,-6.352122,1.948248,1,1.9482479999999995,-4.440892098500626e-16
LightGBM,2024-09-01,2024-10-01,6,-5.8461945,-6.352122,0.5059275,2,0.5059274999999994,-5.551115123125783e-16
LightGBM,2024-09-01,2024-10-01,7,-5.4672635,-6.352122,0.8848585,2,0.8848585,0.0
LightGBM,2024-09-01,2024-10-01,8,-5.138116,-6.352122,1.214006,1,1.2140059999999995,-4.440892098500626e-16
LightGBM,2024-09-01,2024-10-01,9,-4.8038834999999995,-6.352122,1.5482385,2,1.5482385,0.0
LightGBM,2024-09-01,2024-10-01,10,-5.735753,-6.352122,0.616369,2,0.6163689999999997,-2.220446049250313e-16
LightGBM,2024-09-01,2024-10-01,11,-6.715607,-6.352122,-0.363485,1,-0.3634850000000007,-7.216449660063518e-16
LightGBM,2024-09-01,2024-10-01,12,-5.7023435,-6.352122,0.6497785,2,0.6497785,0.0
LightGBM,2024-09-01,2024-10-01,13,-5.5374885,-6.352122,0.8146335,2,0.8146334999999993,-6.661338147750939e-16
LightGBM,2024-09-01,2024-10-01,14,-3.805693,-6.352122,2.546429,1,2.5464289999999994,-4.440892098500626e-16
LightGBM,2024-09-01,2024-10-01,15,-4.380961,-6.352122,1.971161,2,1.9711609999999995,-4.440892098500626e-16
LightGBM,2024-09-01,2024-10-01,16,-5.5231745,-6.352122,0.8289475,2,0.8289475,0.0
LightGBM,2024-09-01,2024-10-01,17,-3.544983,-6.352122,2.807139,1,2.8071389999999994,-4.440892098500626e-16
LightGBM,2024-09-01,2024-10-01,18,-5.6962665,-6.352122,0.6558555,2,0.6558554999999995,-5.551115123125783e-16
LightGBM,2024-09-01,2024-10-01,19,-6.56817,-6.352122,-0.216048,1,-0.21604800000000068,-6.938893903907228e-16
LightGBM,2024-10-01,2024-11-01,0,-0.03271399999999999,0.045826,-0.07854,2,-0.07854,0.0
LightGBM,2024-10-01,2024-11-01,1,0.4734165,0.045826,0.4275905,2,0.42759050000000004,5.551115123125783e-17
LightGBM,2024-10-01,2024-11-01,2,0.274599,0.045826,0.228773,1,0.22877299999999998,-2.7755575615628914e-17
LightGBM,2024-10-01,2024-11-01,3,0.9971565,0.045826,0.9513305000000001,2,0.9513305,-1.1102230246251565e-16
LightGBM,2024-10-01,2024-11-01,4,0.12977550000000002,0.045826,0.08394950000000001,2,0.08394950000000001,0.0
LightGBM,2024-10-01,2024-11-01,5,2.297428,0.045826,2.251602,1,2.251602,0.0
LightGBM,2024-10-01,2024-11-01,6,1.3106935,0.045826,1.2648675,2,1.2648675,0.0
LightGBM,2024-10-01,2024-11-01,7,1.2237535,0.045826,1.1779275,2,1.1779275,0.0
LightGBM,2024-10-01,2024-11-01,8,0.125883,0.045826,0.080057,1,0.08005699999999999,-1.3877787807814457e-17
LightGBM,2024-10-01,2024-11-01,9,-0.1820705,0.045826,-0.2278965,2,-0.2278965,0.0
LightGBM,2024-10-01,2024-11-01,10,1.954086,0.045826,1.90826,2,1.90826,0.0
LightGBM,2024-10-01,2024-11-01,11,0.017741,0.045826,-0.028085,1,-0.028085,0.0
LightGBM,2024-10-01,2024-11-01,12,0.30057300000000003,0.045826,0.25474699999999995,2,0.25474700000000006,1.1102230246251565e-16
LightGBM,2024-10-01,2024-11-01,13,0.10363100000000003,0.045826,0.057804999999999995,2,0.05780500000000003,3.469446951953614e-17
LightGBM,2024-10-01,2024-11-01,14,0.352726,0.045826,0.3069,1,0.3069,0.0
LightGBM,2024-10-01,2024-11-01,15,0.11447399999999996,0.045826,0.06864799999999999,2,0.06864799999999996,-2.7755575615628914e-17
LightGBM,2024-10-01,2024-11-01,16,1.0063945,0.045826,0.9605684999999999,2,0.9605685,1.1102230246251565e-16
LightGBM,2024-10-01,2024-11-01,17,1.272534,0.045826,1.226708,1,1.2267080000000001,2.220446049250313e-16
LightGBM,2024-10-01,2024-11-01,18,0.22255799999999998,0.045826,0.176732,2,0.17673199999999997,-2.7755575615628914e-17
LightGBM,2024-10-01,2024-11-01,19,0.16613,0.045826,0.120304,1,0.120304,0.0
LightGBM,2024-11-01,2024-12-01,0,0.5167835000000001,-1.36551,1.8822934999999998,2,1.8822935,2.220446049250313e-16
LightGBM,2024-11-01,2024-12-01,1,-0.14394099999999999,-1.36551,1.2215690000000001,2,1.2215690000000001,0.0
LightGBM,2024-11-01,2024-12-01,2,-0.69535,-1.36551,0.67016,1,0.67016,0.0
LightGBM,2024-11-01,2024-12-01,3,-0.3556255,-1.36551,1.0098845,2,1.0098845,0.0
LightGBM,2024-11-01,2024-12-01,4,-0.9511915,-1.36551,0.41431850000000003,2,0.41431850000000003,0.0
LightGBM,2024-11-01,2024-12-01,5,-1.386799,-1.36551,-0.021289,1,-0.02128899999999989,1.0755285551056204e-16
LightGBM,2024-11-01,2024-12-01,6,-1.504864,-1.36551,-0.139354,2,-0.13935399999999998,2.7755575615628914e-17
LightGBM,2024-11-01,2024-12-01,7,-0.6704665000000001,-1.36551,0.6950435,2,0.6950434999999999,-1.1102230246251565e-16
LightGBM,2024-11-01,2024-12-01,8,-2.136573,-1.36551,-0.771063,1,-0.7710629999999998,2.220446049250313e-16
LightGBM,2024-11-01,2024-12-01,9,1.6421700000000001,-1.36551,3.00768,2,3.00768,0.0
LightGBM,2024-11-01,2024-12-01,10,0.3506875,-1.36551,1.7161975,2,1.7161975,0.0
LightGBM,2024-11-01,2024-12-01,11,-1.596052,-1.36551,-0.230542,1,-0.23054200000000002,-2.7755575615628914e-17
LightGBM,2024-11-01,2024-12-01,12,0.314668,-1.36551,1.6801780000000002,2,1.680178,-2.220446049250313e-16
LightGBM,2024-11-01,2024-12-01,13,0.6820615,-1.36551,2.0475715,2,2.0475715,0.0
LightGBM,2024-11-01,2024-12-01,14,-1.209364,-1.36551,0.156146,1,0.1561459999999999,-1.1102230246251565e-16
LightGBM,2024-11-01,2024-12-01,15,-1.685889,-1.36551,-0.320379,2,-0.32037899999999997,5.551115123125783e-17
LightGBM,2024-11-01,2024-12-01,16,0.03533300000000006,-1.36551,1.400843,2,1.400843,0.0
LightGBM,2024-11-01,2024-12-01,17,-1.356294,-1.36551,0.009216,1,0.009215999999999891,-1.0928757898653885e-16
LightGBM,2024-11-01,2024-12-01,18,0.05736350000000001,-1.36551,1.4228735,2,1.4228735000000001,2.220446049250313e-16
LightGBM,2024-11-01,2024-12-01,19,0.221185,-1.36551,1.586695,1,1.586695,0.0
LightGBM,2024-12-01,2025-01-01,0,-2.018008,-3.470144,1.452136,3,1.4521359999999999,-2.220446049250313e-16
LightGBM,2024-12-01,2025-01-01,1,-4.701519,-3.470144,-1.231375,3,-1.2313750000000003,-2.220446049250313e-16
LightGBM,2024-12-01,2025-01-01,2,-4.009368333333334,-3.470144,-0.5392243333333334,3,-0.5392243333333337,-3.3306690738754696e-16
LightGBM,2024-12-01,2025-01-01,3,-5.360010666666667,-3.470144,-1.8898666666666666,3,-1.8898666666666668,-2.220446049250313e-16
LightGBM,2024-12-01,2025-01-01,4,-5.103407,-3.470144,-1.6332630000000001,3,-1.633263,2.220446049250313e-16
LightGBM,2024-12-01,2025-01-01,5,-5.628810333333334,-3.470144,-2.158666333333333,3,-2.158666333333334,-8.881784197001252e-16
LightGBM,2024-12-01,2025-01-01,6,-6.975900666666667,-3.470144,-3.5057566666666666,3,-3.505756666666667,-4.440892098500626e-16
LightGBM,2024-12-01,2025-01-01,7,-5.223664666666667,-3.470144,-1.7535206666666667,3,-1.7535206666666672,-4.440892098500626e-16
LightGBM,2024-12-01,2025-01-01,8,-5.719747333333333,-3.470144,-2.2496033333333334,3,-2.2496033333333334,0.0
LightGBM,2024-12-01,2025-01-01,9,-3.3873009999999995,-3.470144,0.08284300000000001,3,0.08284300000000044,4.3021142204224816e-16
LightGBM,2024-12-01,2025-01-01,10,-8.154559,-3.470144,-4.684415,3,-4.684415000000001,-8.881784197001252e-16
LightGBM,2024-12-01,2025-01-01,11,-4.943288333333333,-3.470144,-1.4731443333333332,3,-1.4731443333333334,-2.220446049250313e-16
LightGBM,2024-12-01,2025-01-01,12,-4.188645,-3.470144,-0.718501,3,-0.7185010000000003,-3.3306690738754696e-16
LightGBM,2024-12-01,2025-01-01,13,-8.257786333333334,-3.470144,-4.787642333333333,3,-4.787642333333334,-8.881784197001252e-16
LightGBM,2024-12-01,2025-01-01,14,-4.568741666666667,-3.470144,-1.0985976666666666,3,-1.098597666666667,-4.440892098500626e-16
LightGBM,2024-12-01,2025-01-01,15,-4.534237666666667,-3.470144,-1.0640936666666667,3,-1.064093666666667,-2.220446049250313e-16
LightGBM,2024-12-01,2025-01-01,16,-5.875563666666667,-3.470144,-2.4054196666666665,3,-2.4054196666666674,-8.881784197001252e-16
LightGBM,2024-12-01,2025-01-01,17,-7.003371666666666,-3.470144,-3.533227666666667,3,-3.5332276666666664,4.440892098500626e-16
LightGBM,2024-12-01,2025-01-01,18,-3.7013276666666663,-3.470144,-0.2311836666666666,3,-0.23118366666666645,1.3877787807814457e-16
LightGBM,2024-12-01,2025-01-01,19,-5.390503666666667,-3.470144,-1.920359666666667,3,-1.9203596666666667,2.220446049250313e-16
LightGBM,2025-01-01,2025-02-01,0,-4.28451925,-7.786369,3.50184975,4,3.50184975,0.0
LightGBM,2025-01-01,2025-02-01,1,-6.25771075,-7.786369,1.5286582499999999,4,1.5286582499999994,-4.440892098500626e-16
LightGBM,2025-01-01,2025-02-01,2,-7.821419333333334,-7.786369,-0.035050333333333406,3,-0.035050333333334294,-8.881784197001252e-16
LightGBM,2025-01-01,2025-02-01,3,-8.23184825,-7.786369,-0.44547925,4,-0.4454792500000009,-8.881784197001252e-16
LightGBM,2025-01-01,2025-02-01,4,-5.037066666666667,-7.786369,2.749302333333333,3,2.7493023333333326,-4.440892098500626e-16
LightGBM,2025-01-01,2025-02-01,5,-6.0752904999999995,-7.786369,1.7110785,4,1.7110785000000002,2.220446049250313e-16
LightGBM,2025-01-01,2025-02-01,6,-6.2211126666666665,-7.786369,1.5652563333333334,3,1.5652563333333331,-2.220446049250313e-16
LightGBM,2025-01-01,2025-02-01,7,-5.793569,-7.786369,1.9928,4,1.9928,0.0
LightGBM,2025-01-01,2025-02-01,8,-6.851745,-7.786369,0.934624,3,0.9346239999999995,-5.551115123125783e-16
LightGBM,2025-01-01,2025-02-01,9,-6.06163625,-7.786369,1.72473275,4,1.7247327499999994,-6.661338147750939e-16
LightGBM,2025-01-01,2025-02-01,10,-7.90931475,-7.786369,-0.12294574999999999,4,-0.12294575000000041,-4.163336342344337e-16
LightGBM,2025-01-01,2025-02-01,11,-5.4328520000000005,-7.786369,2.353517,3,2.353516999999999,-8.881784197001252e-16
LightGBM,2025-01-01,2025-02-01,12,-6.45505825,-7.786369,1.33131075,4,1.3313107499999992,-8.881784197001252e-16
LightGBM,2025-01-01,2025-02-01,13,-6.675524333333333,-7.786369,1.1108446666666667,3,1.110844666666667,2.220446049250313e-16
LightGBM,2025-01-01,2025-02-01,14,-6.67714375,-7.786369,1.1092252500000002,4,1.1092252499999997,-4.440892098500626e-16
LightGBM,2025-01-01,2025-02-01,15,-6.402615,-7.786369,1.383754,3,1.3837539999999997,-2.220446049250313e-16
LightGBM,2025-01-01,2025-02-01,16,-5.27989725,-7.786369,2.50647175,4,2.5064717499999993,-8.881784197001252e-16
LightGBM,2025-01-01,2025-02-01,17,-6.931950333333333,-7.786369,0.8544186666666667,3,0.8544186666666667,0.0
LightGBM,2025-01-01,2025-02-01,18,-6.081912,-7.786369,1.704457,4,1.7044569999999997,-4.440892098500626e-16
LightGBM,2025-01-01,2025-02-01,19,-6.314742333333332,-7.786369,1.4716266666666666,3,1.4716266666666673,6.661338147750939e-16
LightGBM,2025-02-01,2025-03-01,0,6.64975825,7.352851,-0.7030927499999999,4,-0.7030927500000006,-6.661338147750939e-16
LightGBM,2025-02-01,2025-03-01,1,6.63326,7.352851,-0.7195909999999999,4,-0.7195910000000003,-4.440892098500626e-16
LightGBM,2025-02-01,2025-03-01,2,7.07192775,7.352851,-0.28092325,4,-0.28092324999999985,1.6653345369377348e-16
LightGBM,2025-02-01,2025-03-01,3,8.149710333333333,7.352851,0.7968593333333334,3,0.7968593333333329,-4.440892098500626e-16
LightGBM,2025-02-01,2025-03-01,4,9.26158125,7.352851,1.90873025,4,1.9087302500000005,4.440892098500626e-16
LightGBM,2025-02-01,2025-03-01,5,7.1215055,7.352851,-0.23134549999999998,4,-0.23134550000000065,-6.661338147750939e-16
LightGBM,2025-02-01,2025-03-01,6,5.8953473333333335,7.352851,-1.4575036666666665,3,-1.4575036666666668,-2.220446049250313e-16
LightGBM,2025-02-01,2025-03-01,7,6.983506,7.352851,-0.369345,4,-0.36934500000000003,-5.551115123125783e-17
LightGBM,2025-02-01,2025-03-01,8,7.01348975,7.352851,-0.33936125,4,-0.3393612500000005,-4.996003610813204e-16
LightGBM,2025-02-01,2025-03-01,9,5.990706,7.352851,-1.362145,3,-1.362145,0.0
LightGBM,2025-02-01,2025-03-01,10,7.419027,7.352851,0.06617599999999998,4,0.06617599999999957,-4.163336342344337e-16
LightGBM,2025-02-01,2025-03-01,11,7.219588,7.352851,-0.133263,4,-0.13326300000000035,-3.608224830031759e-16
LightGBM,2025-02-01,2025-03-01,12,6.3216475,7.352851,-1.0312035,4,-1.0312035000000002,-2.220446049250313e-16
LightGBM,2025-02-01,2025-03-01,13,6.037138333333332,7.352851,-1.3157126666666665,3,-1.315712666666668,-1.5543122344752192e-15
LightGBM,2025-02-01,2025-03-01,14,5.10446475,7.352851,-2.24838625,4,-2.2483862500000003,-4.440892098500626e-16
LightGBM,2025-02-01,2025-03-01,15,7.1698017499999995,7.352851,-0.18304924999999994,4,-0.18304925000000072,-7.771561172376096e-16
LightGBM,2025-02-01,2025-03-01,16,5.609752333333334,7.352851,-1.7430986666666666,3,-1.7430986666666666,0.0
LightGBM,2025-02-01,2025-03-01,17,6.042725750000001,7.352851,-1.31012525,4,-1.3101252499999996,4.440892098500626e-16
LightGBM,2025-02-01,2025-03-01,18,7.51689925,7.352851,0.16404825,4,0.16404824999999956,-4.440892098500626e-16
LightGBM,2025-02-01,2025-03-01,19,7.145067666666666,7.352851,-0.20778333333333335,3,-0.20778333333333432,-9.71445146547012e-16
LightGBM,2025-03-01,2025-04-01,0,2.47239425,3.251256,-0.77886175,4,-0.7788617500000004,-3.3306690738754696e-16
LightGBM,2025-03-01,2025-04-01,1,3.09000675,3.251256,-0.16124925,4,-0.16124925,0.0
LightGBM,2025-03-01,2025-04-01,2,2.18684425,3.251256,-1.06441175,4,-1.06441175,0.0
LightGBM,2025-03-01,2025-04-01,3,3.628380333333333,3.251256,0.37712433333333334,3,0.37712433333333273,-6.106226635438361e-16
LightGBM,2025-03-01,2025-04-01,4,-18.18734175,3.251256,-21.43859775,4,-21.438597750000003,-3.552713678800501e-15
LightGBM,2025-03-01,2025-04-01,5,2.7147155,3.251256,-0.5365405,4,-0.5365405000000001,-1.1102230246251565e-16
LightGBM,2025-03-01,2025-04-01,6,2.88854025,3.251256,-0.36271575000000006,4,-0.36271575,5.551115123125783e-17
LightGBM,2025-03-01,2025-04-01,7,2.4421763333333333,3.251256,-0.8090796666666668,3,-0.8090796666666669,-1.1102230246251565e-16
LightGBM,2025-03-01,2025-04-01,8,2.85600875,3.251256,-0.39524725,4,-0.39524725000000016,-1.6653345369377348e-16
LightGBM,2025-03-01,2025-04-01,9,2.71155375,3.251256,-0.5397022499999999,4,-0.5397022499999999,0.0
LightGBM,2025-03-01,2025-04-01,10,3.0499495,3.251256,-0.2013065,4,-0.20130650000000028,-2.7755575615628914e-16
LightGBM,2025-03-01,2025-04-01,11,3.7989033333333335,3.251256,0.5476473333333334,3,0.5476473333333334,0.0
LightGBM,2025-03-01,2025-04-01,12,3.262863,3.251256,0.011607000000000034,4,0.011606999999999701,-3.3306690738754696e-16
LightGBM,2025-03-01,2025-04-01,13,2.418535,3.251256,-0.832721,4,-0.8327210000000003,-2.220446049250313e-16
LightGBM,2025-03-01,2025-04-01,14,3.9960335,3.251256,0.7447775,4,0.7447774999999996,-3.3306690738754696e-16
LightGBM,2025-03-01,2025-04-01,15,3.260223,3.251256,0.008966999999999984,3,0.008966999999999725,-2.5847379792054426e-16
LightGBM,2025-03-01,2025-04-01,16,1.02578025,3.251256,-2.22547575,4,-2.22547575,0.0
LightGBM,2025-03-01,2025-04-01,17,3.2404345,3.251256,-0.010821500000000005,4,-0.01082150000000004,-3.469446951953614e-17
LightGBM,2025-03-01,2025-04-01,18,3.36020425,3.251256,0.10894825,4,0.10894824999999964,-3.608224830031759e-16
LightGBM,2025-03-01,2025-04-01,19,3.370779,3.251256,0.119523,3,0.11952300000000005,4.163336342344337e-17
LightGBM,2025-04-01,2025-05-01,0,4.42769175,3.652402,0.77528975,4,0.7752897500000002,2.220446049250313e-16
LightGBM,2025-04-01,2025-05-01,1,2.9273314999999998,3.652402,-0.7250705,4,-0.7250705000000002,-2.220446049250313e-16
LightGBM,2025-04-01,2025-05-01,2,4.583271,3.652402,0.9308690000000001,4,0.930869,-1.1102230246251565e-16
LightGBM,2025-04-01,2025-05-01,3,2.418611,3.652402,-1.233791,3,-1.233791,0.0
LightGBM,2025-04-01,2025-05-01,4,2.8964394999999996,3.652402,-0.7559625000000001,4,-0.7559625000000003,-2.220446049250313e-16
LightGBM,2025-04-01,2025-05-01,5,2.45480075,3.652402,-1.19760125,4,-1.19760125,0.0
LightGBM,2025-04-01,2025-05-01,6,5.12399925,3.652402,1.4715972499999999,4,1.4715972499999999,0.0
LightGBM,2025-04-01,2025-05-01,7,3.2906146666666665,3.652402,-0.3617873333333333,3,-0.36178733333333346,-1.6653345369377348e-16
LightGBM,2025-04-01,2025-05-01,8,3.975259,3.652402,0.32285700000000006,4,0.32285699999999995,-1.1102230246251565e-16
LightGBM,2025-04-01,2025-05-01,9,3.7379565,3.652402,0.08555449999999998,4,0.0855545000000002,2.220446049250313e-16
LightGBM,2025-04-01,2025-05-01,10,2.90194675,3.652402,-0.75045525,4,-0.7504552499999999,1.1102230246251565e-16
LightGBM,2025-04-01,2025-05-01,11,3.420297,3.652402,-0.23210499999999998,3,-0.23210499999999978,1.942890293094024e-16
LightGBM,2025-04-01,2025-05-01,12,4.0885275,3.652402,0.43612550000000005,4,0.4361254999999997,-3.3306690738754696e-16
LightGBM,2025-04-01,2025-05-01,13,4.65810625,3.652402,1.00570425,4,1.0057042500000004,4.440892098500626e-16
LightGBM,2025-04-01,2025-05-01,14,2.43060575,3.652402,-1.22179625,4,-1.2217962500000001,-2.220446049250313e-16
LightGBM,2025-04-01,2025-05-01,15,3.9066736666666664,3.652402,0.2542716666666667,3,0.25427166666666645,-2.220446049250313e-16
LightGBM,2025-04-01,2025-05-01,16,4.34577425,3.652402,0.69337225,4,0.6933722499999999,-1.1102230246251565e-16
LightGBM,2025-04-01,2025-05-01,17,4.0391492499999995,3.652402,0.38674725,4,0.38674724999999954,-4.440892098500626e-16
LightGBM,2025-04-01,2025-05-01,18,4.8564425,3.652402,1.2040404999999998,4,1.2040405,2.220446049250313e-16
LightGBM,2025-04-01,2025-05-01,19,2.50056,3.652402,-1.151842,3,-1.1518419999999998,2.220446049250313e-16
LightGBM,2025-05-01,2025-06-01,0,3.33030925,3.766898,-0.43658874999999997,4,-0.43658874999999986,1.1102230246251565e-16
LightGBM,2025-05-01,2025-06-01,1,3.37508075,3.766898,-0.39181724999999995,4,-0.3918172499999999,5.551115123125783e-17
LightGBM,2025-05-01,2025-06-01,2,2.46147425,3.766898,-1.30542375,4,-1.3054237499999997,4.440892098500626e-16
LightGBM,2025-05-01,2025-06-01,3,3.465142333333333,3.766898,-0.3017556666666667,3,-0.30175566666666676,-5.551115123125783e-17
LightGBM,2025-05-01,2025-06-01,4,3.6920915,3.766898,-0.07480649999999996,4,-0.07480649999999978,1.8041124150158794e-16
LightGBM,2025-05-01,2025-06-01,5,4.1564395,3.766898,0.38954150000000004,4,0.38954150000000043,3.885780586188048e-16
LightGBM,2025-05-01,2025-06-01,6,3.824547,3.766898,0.05764899999999998,4,0.05764900000000006,8.326672684688674e-17
LightGBM,2025-05-01,2025-06-01,7,3.3686023333333335,3.766898,-0.39829566666666666,3,-0.3982956666666664,2.7755575615628914e-16
LightGBM,2025-05-01,2025-06-01,8,3.347443,3.766898,-0.41945499999999997,4,-0.4194549999999997,2.7755575615628914e-16
LightGBM,2025-05-01,2025-06-01,9,3.424129,3.766898,-0.342769,4,-0.34276899999999966,3.3306690738754696e-16
LightGBM,2025-05-01,2025-06-01,10,3.49125,3.766898,-0.275648,4,-0.2756479999999999,1.1102230246251565e-16
LightGBM,2025-05-01,2025-06-01,11,3.4223533333333336,3.766898,-0.34454466666666667,3,-0.3445446666666663,3.885780586188048e-16
LightGBM,2025-05-01,2025-06-01,12,3.7676235,3.766898,0.0007255000000000178,4,0.0007255000000001566,1.3877787807814457e-16
LightGBM,2025-05-01,2025-06-01,13,3.99547425,3.766898,0.22857625,4,0.22857625000000015,1.3877787807814457e-16
LightGBM,2025-05-01,2025-06-01,14,4.0676492500000005,3.766898,0.30075125,4,0.3007512500000007,6.661338147750939e-16
LightGBM,2025-05-01,2025-06-01,15,4.366325333333333,3.766898,0.5994273333333333,3,0.5994273333333333,0.0
LightGBM,2025-05-01,2025-06-01,16,3.56445775,3.766898,-0.20244025000000002,4,-0.20244025,2.7755575615628914e-17
LightGBM,2025-05-01,2025-06-01,17,3.255622,3.766898,-0.5112760000000001,4,-0.5112760000000001,0.0
LightGBM,2025-05-01,2025-06-01,18,2.90619575,3.766898,-0.8607022499999999,4,-0.8607022499999997,2.220446049250313e-16
LightGBM,2025-05-01,2025-06-01,19,4.067859333333334,3.766898,0.30096133333333336,3,0.30096133333333386,4.996003610813204e-16
LightGBM,2025-06-01,2025-07-01,0,-2.35952575,-2.826766,0.46724025,4,0.46724025000000013,1.1102230246251565e-16
LightGBM,2025-06-01,2025-07-01,1,-2.13791075,-2.826766,0.6888552499999999,4,0.68885525,1.1102230246251565e-16
LightGBM,2025-06-01,2025-07-01,2,-1.8657845,-2.826766,0.9609814999999999,4,0.9609815000000002,2.220446049250313e-16
LightGBM,2025-06-01,2025-07-01,3,-1.873081,-2.826766,0.9536849999999999,4,0.9536850000000001,2.220446049250313e-16
LightGBM,2025-06-01,2025-07-01,4,-1.8075336666666668,-2.8267660000000006,1.0192323333333333,3,1.0192323333333337,4.440892098500626e-16
LightGBM,2025-06-01,2025-07-01,5,-1.316263,-2.826766,1.510503,4,1.5105030000000002,2.220446049250313e-16
LightGBM,2025-06-01,2025-07-01,6,-1.4918445,-2.826766,1.3349215,4,1.3349215,0.0
LightGBM,2025-06-01,2025-07-01,7,-2.21160225,-2.826766,0.61516375,4,0.6151637500000002,2.220446049250313e-16
LightGBM,2025-06-01,2025-07-01,8,-1.3848102500000001,-2.826766,1.44195575,4,1.44195575,0.0
LightGBM,2025-06-01,2025-07-01,9,-1.4523650000000001,-2.8267660000000006,1.374401,3,1.3744010000000004,4.440892098500626e-16
LightGBM,2025-06-01,2025-07-01,10,-1.93391075,-2.826766,0.8928552500000001,4,0.8928552500000002,1.1102230246251565e-16
LightGBM,2025-06-01,2025-07-01,11,-2.33363025,-2.826766,0.49313575,4,0.49313575,0.0
LightGBM,2025-06-01,2025-07-01,12,-1.0936504999999999,-2.826766,1.7331155,4,1.7331155000000003,2.220446049250313e-16
LightGBM,2025-06-01,2025-07-01,13,-1.6276289999999998,-2.826766,1.199137,4,1.1991370000000003,4.440892098500626e-16
LightGBM,2025-06-01,2025-07-01,14,-2.676785,-2.8267660000000006,0.149981,3,0.14998100000000036,3.608224830031759e-16
LightGBM,2025-06-01,2025-07-01,15,-1.8350445,-2.826766,0.9917215,4,0.9917215000000001,1.1102230246251565e-16
LightGBM,2025-06-01,2025-07-01,16,-2.3136695,-2.826766,0.5130965000000001,4,0.5130965000000001,0.0
LightGBM,2025-06-01,2025-07-01,17,-2.18533425,-2.826766,0.64143175,4,0.6414317500000002,2.220446049250313e-16
LightGBM,2025-06-01,2025-07-01,18,-1.15039425,-2.826766,1.67637175,4,1.6763717500000002,2.220446049250313e-16
LightGBM,2025-06-01,2025-07-01,19,-1.325614,-2.8267660000000006,1.501152,3,1.5011520000000005,4.440892098500626e-16
LightGBM,2025-07-01,2025-08-01,0,-1.70554275,-1.816508,0.11096524999999999,4,0.11096525000000002,2.7755575615628914e-17
LightGBM,2025-07-01,2025-08-01,1,-2.0335595,-1.816508,-0.2170515,4,-0.21705149999999995,5.551115123125783e-17
LightGBM,2025-07-01,2025-08-01,2,-3.31468825,-1.816508,-1.4981802499999999,4,-1.49818025,-2.220446049250313e-16
LightGBM,2025-07-01,2025-08-01,3,-1.7518875,-1.816508,0.0646205,4,0.06462049999999997,-2.7755575615628914e-17
LightGBM,2025-07-01,2025-08-01,4,-2.37764075,-1.816508,-0.56113275,4,-0.5611327499999998,1.1102230246251565e-16
LightGBM,2025-07-01,2025-08-01,5,-2.682841,-1.816508,-0.866333,4,-0.8663329999999998,2.220446049250313e-16
LightGBM,2025-07-01,2025-08-01,6,-1.157282,-1.816508,0.659226,3,0.6592260000000001,1.1102230246251565e-16
LightGBM,2025-07-01,2025-08-01,7,-3.53397725,-1.816508,-1.71746925,4,-1.71746925,0.0
LightGBM,2025-07-01,2025-08-01,8,-2.95501725,-1.816508,-1.13850925,4,-1.13850925,0.0
LightGBM,2025-07-01,2025-08-01,9,-1.2636387500000001,-1.816508,0.5528692500000001,4,0.5528692499999999,-2.220446049250313e-16
LightGBM,2025-07-01,2025-08-01,10,-1.10127175,-1.816508,0.71523625,4,0.71523625,0.0
LightGBM,2025-07-01,2025-08-01,11,-2.08470625,-1.816508,-0.26819824999999997,4,-0.26819824999999997,0.0
LightGBM,2025-07-01,2025-08-01,12,-1.8122707500000002,-1.816508,0.00423724999999997,4,0.004237249999999859,-1.1102230246251565e-16
LightGBM,2025-07-01,2025-08-01,13,-1.8898133333333333,-1.816508,-0.07330533333333333,3,-0.07330533333333333,0.0
LightGBM,2025-07-01,2025-08-01,14,-3.0349515,-1.816508,-1.2184435,4,-1.2184435,0.0
LightGBM,2025-07-01,2025-08-01,15,-1.491328,-1.816508,0.32518,4,0.32518,0.0
LightGBM,2025-07-01,2025-08-01,16,-1.4598605,-1.816508,0.3566475,4,0.3566475,0.0
LightGBM,2025-07-01,2025-08-01,17,-1.1772595,-1.816508,0.6392484999999999,4,0.6392485000000001,2.220446049250313e-16
LightGBM,2025-07-01,2025-08-01,18,-2.5206470000000003,-1.816508,-0.7041390000000001,4,-0.7041390000000003,-2.220446049250313e-16
LightGBM,2025-07-01,2025-08-01,19,-1.6452313333333333,-1.816508,0.17127666666666666,3,0.17127666666666674,8.326672684688674e-17
LightGBM,2025-08-01,2025-09-01,0,1.6861095000000001,1.253765,0.4323445,4,0.43234450000000013,1.1102230246251565e-16
LightGBM,2025-08-01,2025-09-01,1,1.00220075,1.253765,-0.25156425000000004,4,-0.25156424999999993,1.1102230246251565e-16
LightGBM,2025-08-01,2025-09-01,2,1.6014145000000002,1.253765,0.3476495,4,0.34764950000000017,1.6653345369377348e-16
LightGBM,2025-08-01,2025-09-01,3,1.03634525,1.253765,-0.21741975,4,-0.2174197499999999,8.326672684688674e-17
LightGBM,2025-08-01,2025-09-01,4,1.9217795,1.253765,0.6680145,4,0.6680145,0.0
LightGBM,2025-08-01,2025-09-01,5,1.224738,1.253765,-0.029026999999999994,4,-0.029026999999999914,7.979727989493313e-17
LightGBM,2025-08-01,2025-09-01,6,1.3774526666666667,1.253765,0.12368766666666664,3,0.12368766666666664,0.0
LightGBM,2025-08-01,2025-09-01,7,1.01627825,1.253765,-0.23748674999999994,4,-0.23748674999999997,-2.7755575615628914e-17
LightGBM,2025-08-01,2025-09-01,8,1.52003925,1.253765,0.26627425000000005,4,0.26627424999999993,-1.1102230246251565e-16
LightGBM,2025-08-01,2025-09-01,9,1.50394725,1.253765,0.25018225,4,0.25018224999999994,-5.551115123125783e-17
LightGBM,2025-08-01,2025-09-01,10,1.515668,1.253765,0.261903,4,0.261903,0.0
LightGBM,2025-08-01,2025-09-01,11,0.42106875000000005,1.253765,-0.8326962499999999,4,-0.8326962499999999,0.0
LightGBM,2025-08-01,2025-09-01,12,1.7471285,1.253765,0.4933635,4,0.49336350000000007,5.551115123125783e-17
LightGBM,2025-08-01,2025-09-01,13,2.651099,1.253765,1.3973339999999999,3,1.3973339999999999,0.0
LightGBM,2025-08-01,2025-09-01,14,0.41958900000000005,1.253765,-0.834176,4,-0.834176,0.0
LightGBM,2025-08-01,2025-09-01,15,0.52087525,1.253765,-0.73288975,4,-0.73288975,0.0
LightGBM,2025-08-01,2025-09-01,16,1.7430292499999998,1.253765,0.48926425000000007,4,0.48926424999999973,-3.3306690738754696e-16
LightGBM,2025-08-01,2025-09-01,17,0.5219134999999999,1.253765,-0.7318515,4,-0.7318515000000001,-1.1102230246251565e-16
LightGBM,2025-08-01,2025-09-01,18,0.7745675,1.253765,-0.47919750000000005,4,-0.47919750000000005,0.0
LightGBM,2025-08-01,2025-09-01,19,0.007301000000000002,1.253765,-1.246464,3,-1.246464,0.0
LightGBM,2025-09-01,2025-10-01,0,3.129833,4.342917,-1.2130839999999998,5,-1.2130839999999998,0.0
LightGBM,2025-09-01,2025-10-01,1,2.95062275,4.342917,-1.39229425,4,-1.39229425,0.0
LightGBM,2025-09-01,2025-10-01,2,3.06235,4.342917,-1.280567,4,-1.280567,0.0
LightGBM,2025-09-01,2025-10-01,3,3.4118752499999996,4.342917,-0.9310417499999999,4,-0.9310417500000003,-4.440892098500626e-16
LightGBM,2025-09-01,2025-10-01,4,3.05685625,4.342917,-1.2860607499999999,4,-1.2860607499999999,0.0
LightGBM,2025-09-01,2025-10-01,5,3.10778875,4.342917,-1.23512825,4,-1.2351282499999998,2.220446049250313e-16
LightGBM,2025-09-01,2025-10-01,6,2.62153075,4.342917,-1.7213862500000001,4,-1.7213862500000001,0.0
LightGBM,2025-09-01,2025-10-01,7,2.95697725,4.342917,-1.38593975,4,-1.38593975,0.0
LightGBM,2025-09-01,2025-10-01,8,3.439418,4.342917,-0.903499,4,-0.903499,0.0
LightGBM,2025-09-01,2025-10-01,9,2.55990725,4.342917,-1.78300975,4,-1.7830097499999997,2.220446049250313e-16
LightGBM,2025-09-01,2025-10-01,10,3.7266060000000003,4.342917,-0.6163109999999999,4,-0.6163109999999996,3.3306690738754696e-16
LightGBM,2025-09-01,2025-10-01,11,3.04391825,4.342917,-1.29899875,4,-1.29899875,0.0
LightGBM,2025-09-01,2025-10-01,12,3.050871,4.342917,-1.292046,4,-1.292046,0.0
LightGBM,2025-09-01,2025-10-01,13,3.036956,4.342917,-1.305961,4,-1.305961,0.0
LightGBM,2025-09-01,2025-10-01,14,2.9108252500000003,4.342917,-1.43209175,4,-1.4320917499999997,4.440892098500626e-16
LightGBM,2025-09-01,2025-10-01,15,3.466247,4.342917,-0.8766700000000001,4,-0.8766699999999998,2.220446049250313e-16
LightGBM,2025-09-01,2025-10-01,16,2.91191525,4.342917,-1.43100175,4,-1.43100175,0.0
LightGBM,2025-09-01,2025-10-01,17,2.98750125,4.342917,-1.35541575,4,-1.3554157499999997,2.220446049250313e-16
LightGBM,2025-09-01,2025-10-01,18,2.4696645,4.342917,-1.8732525,4,-1.8732525,0.0
LightGBM,2025-09-01,2025-10-01,19,3.184377,4.342917,-1.15854,4,-1.15854,0.0
LightGBM,2025-10-01,2025-11-01,0,-0.239694,0.9964980000000001,-1.2361920000000002,5,-1.2361920000000002,0.0
LightGBM,2025-10-01,2025-11-01,1,0.12784925000000003,0.996498,-0.86864875,4,-0.86864875,0.0
LightGBM,2025-10-01,2025-11-01,2,0.3181615,0.996498,-0.6783365,4,-0.6783365,0.0
LightGBM,2025-10-01,2025-11-01,3,-0.28159674999999995,0.996498,-1.27809475,4,-1.27809475,0.0
LightGBM,2025-10-01,2025-11-01,4,0.10679450000000004,0.996498,-0.8897035,4,-0.8897035,0.0
LightGBM,2025-10-01,2025-11-01,5,0.78074975,0.996498,-0.21574824999999997,4,-0.21574824999999997,0.0
LightGBM,2025-10-01,2025-11-01,6,-0.4963555,0.996498,-1.4928535,4,-1.4928535,0.0
LightGBM,2025-10-01,2025-11-01,7,-0.19665725,0.996498,-1.19315525,4,-1.19315525,0.0
LightGBM,2025-10-01,2025-11-01,8,-0.38855625000000005,0.996498,-1.38505425,4,-1.38505425,0.0
LightGBM,2025-10-01,2025-11-01,9,0.03014699999999999,0.996498,-0.966351,4,-0.966351,0.0
LightGBM,2025-10-01,2025-11-01,10,-0.204924,0.996498,-1.201422,4,-1.201422,0.0
LightGBM,2025-10-01,2025-11-01,11,-0.473834,0.996498,-1.470332,4,-1.470332,0.0
LightGBM,2025-10-01,2025-11-01,12,-0.95323525,0.996498,-1.94973325,4,-1.94973325,0.0
LightGBM,2025-10-01,2025-11-01,13,0.30041125,0.996498,-0.69608675,4,-0.69608675,0.0
LightGBM,2025-10-01,2025-11-01,14,0.18865175,0.996498,-0.8078462500000001,4,-0.80784625,1.1102230246251565e-16
LightGBM,2025-10-01,2025-11-01,15,-0.84996025,0.996498,-1.84645825,4,-1.84645825,0.0
LightGBM,2025-10-01,2025-11-01,16,0.04745875000000002,0.996498,-0.94903925,4,-0.94903925,0.0
LightGBM,2025-10-01,2025-11-01,17,-0.32899175,0.996498,-1.32548975,4,-1.32548975,0.0
LightGBM,2025-10-01,2025-11-01,18,0.5715,0.996498,-0.424998,4,-0.424998,0.0
LightGBM,2025-10-01,2025-11-01,19,0.24116700000000002,0.996498,-0.7553310000000001,4,-0.755331,1.1102230246251565e-16
LightGBM,2025-11-01,2025-12-01,0,-0.6949284,-0.257308,-0.43762039999999996,5,-0.4376204,-5.551115123125783e-17
LightGBM,2025-11-01,2025-12-01,1,-0.37861100000000003,-0.257308,-0.121303,4,-0.12130300000000005,-5.551115123125783e-17
LightGBM,2025-11-01,2025-12-01,2,0.1295635,-0.257308,0.38687150000000003,4,0.3868715,-5.551115123125783e-17
LightGBM,2025-11-01,2025-12-01,3,0.7207435,-0.257308,0.9780515000000001,4,0.9780515,-1.1102230246251565e-16
LightGBM,2025-11-01,2025-12-01,4,-0.7408915,-0.257308,-0.48358349999999994,4,-0.48358350000000005,-1.1102230246251565e-16
LightGBM,2025-11-01,2025-12-01,5,-0.357305,-0.257308,-0.099997,4,-0.099997,0.0
LightGBM,2025-11-01,2025-12-01,6,-0.56108425,-0.257308,-0.30377625,4,-0.30377624999999997,5.551115123125783e-17
LightGBM,2025-11-01,2025-12-01,7,-0.8103155000000001,-0.257308,-0.5530075000000001,4,-0.5530075000000001,0.0
LightGBM,2025-11-01,2025-12-01,8,-0.5738655,-0.257308,-0.3165575,4,-0.31655750000000005,-5.551115123125783e-17
LightGBM,2025-11-01,2025-12-01,9,-1.2164490000000001,-0.257308,-0.959141,4,-0.9591410000000001,-1.1102230246251565e-16
LightGBM,2025-11-01,2025-12-01,10,0.03111924999999999,-0.257308,0.28842725,4,0.28842724999999997,-5.551115123125783e-17
LightGBM,2025-11-01,2025-12-01,11,0.20812375,-0.257308,0.46543175,4,0.46543175,0.0
LightGBM,2025-11-01,2025-12-01,12,-0.32692575,-0.257308,-0.06961775000000002,4,-0.06961775000000003,-1.3877787807814457e-17
LightGBM,2025-11-01,2025-12-01,13,-0.30679975000000004,-0.257308,-0.04949174999999999,4,-0.04949175000000006,-6.938893903907228e-17
LightGBM,2025-11-01,2025-12-01,14,0.13514125,-0.257308,0.39244924999999997,4,0.39244924999999997,0.0
LightGBM,2025-11-01,2025-12-01,15,-0.2753205,-0.257308,-0.0180125,4,-0.018012500000000042,-4.163336342344337e-17
LightGBM,2025-11-01,2025-12-01,16,-1.069156,-0.257308,-0.8118480000000001,4,-0.811848,1.1102230246251565e-16
LightGBM,2025-11-01,2025-12-01,17,-0.5699955,-0.257308,-0.31268749999999995,4,-0.3126875,-5.551115123125783e-17
LightGBM,2025-11-01,2025-12-01,18,-0.058044,-0.257308,0.199264,4,0.199264,0.0
LightGBM,2025-11-01,2025-12-01,19,-0.7673132500000001,-0.257308,-0.5100052500000001,4,-0.5100052500000001,0.0
LightGBM,2025-12-01,2026-01-01,0,-3.3660308,-3.2732420000000007,-0.09278880000000003,5,-0.09278879999999923,8.049116928532385e-16
LightGBM,2025-12-01,2026-01-01,1,-2.7394707499999997,-3.273242,0.5337712499999999,4,0.5337712500000005,5.551115123125783e-16
LightGBM,2025-12-01,2026-01-01,2,-3.23901375,-3.273242,0.03422824999999999,4,0.034228250000000404,4.163336342344337e-16
LightGBM,2025-12-01,2026-01-01,3,-2.5258115,-3.273242,0.7474305,4,0.7474305000000001,1.1102230246251565e-16
LightGBM,2025-12-01,2026-01-01,4,-3.3050027999999996,-3.2732420000000007,-0.03176079999999999,5,-0.03176079999999892,1.0685896612017132e-15
LightGBM,2025-12-01,2026-01-01,5,-2.310366,-3.273242,0.9628760000000001,4,0.9628760000000001,0.0
LightGBM,2025-12-01,2026-01-01,6,-3.2613915,-3.273242,0.011850500000000031,4,0.011850499999999986,-4.5102810375396984e-17
LightGBM,2025-12-01,2026-01-01,7,-3.2282182500000003,-3.273242,0.04502375,4,0.04502374999999992,-8.326672684688674e-17
LightGBM,2025-12-01,2026-01-01,8,-2.6564558,-3.2732420000000007,0.6167862,5,0.6167862000000008,8.881784197001252e-16
LightGBM,2025-12-01,2026-01-01,9,-3.42385875,-3.273242,-0.15061675,4,-0.15061674999999974,2.498001805406602e-16
LightGBM,2025-12-01,2026-01-01,10,-1.47250825,-3.273242,1.80073375,4,1.8007337500000002,2.220446049250313e-16
LightGBM,2025-12-01,2026-01-01,11,-3.525049,-3.273242,-0.251807,4,-0.2518069999999999,1.1102230246251565e-16
LightGBM,2025-12-01,2026-01-01,12,-3.4344343999999998,-3.2732420000000007,-0.16119239999999993,5,-0.16119239999999913,8.049116928532385e-16
LightGBM,2025-12-01,2026-01-01,13,-2.78692525,-3.273242,0.48631674999999996,4,0.4863167500000003,3.3306690738754696e-16
LightGBM,2025-12-01,2026-01-01,14,-3.4190735,-3.273242,-0.14583149999999995,4,-0.1458314999999999,5.551115123125783e-17
LightGBM,2025-12-01,2026-01-01,15,-2.5036575,-3.273242,0.7695845,4,0.7695845000000001,1.1102230246251565e-16
LightGBM,2025-12-01,2026-01-01,16,-3.1622236,-3.2732420000000007,0.11101839999999999,5,0.11101840000000074,7.494005416219807e-16
LightGBM,2025-12-01,2026-01-01,17,-2.52961525,-3.273242,0.7436267499999999,4,0.7436267500000002,3.3306690738754696e-16
LightGBM,2025-12-01,2026-01-01,18,-2.72723225,-3.273242,0.54600975,4,0.5460097500000001,1.1102230246251565e-16
LightGBM,2025-12-01,2026-01-01,19,-2.773068,-3.273242,0.500174,4,0.5001740000000003,3.3306690738754696e-16
RF,2024-01-01,2024-02-01,0,4.603843,1.574078,3.029765,2,3.0297650000000003,4.440892098500626e-16
RF,2024-01-01,2024-02-01,1,3.488054,1.574078,1.913976,2,1.913976,0.0
RF,2024-01-01,2024-02-01,2,3.532847,1.574078,1.958769,1,1.9587689999999998,-2.220446049250313e-16
RF,2024-01-01,2024-02-01,3,3.4490179999999997,1.574078,1.87494,2,1.8749399999999996,-4.440892098500626e-16
RF,2024-01-01,2024-02-01,4,4.29321,1.574078,2.719132,1,2.719132,0.0
RF,2024-01-01,2024-02-01,5,3.690109,1.574078,2.116031,2,2.116031,0.0
RF,2024-01-01,2024-02-01,6,3.821902,1.574078,2.247824,2,2.247824,0.0
RF,2024-01-01,2024-02-01,7,3.185397,1.574078,1.611319,1,1.611319,0.0
RF,2024-01-01,2024-02-01,8,3.332476,1.574078,1.758398,2,1.7583980000000001,2.220446049250313e-16
RF,2024-01-01,2024-02-01,9,4.294344,1.574078,2.720266,1,2.7202659999999996,-4.440892098500626e-16
RF,2024-01-01,2024-02-01,10,1.0625084999999999,1.574078,-0.5115695,2,-0.5115695000000002,-2.220446049250313e-16
RF,2024-01-01,2024-02-01,11,3.1701395,1.574078,1.5960615,2,1.5960614999999998,-2.220446049250313e-16
RF,2024-01-01,2024-02-01,12,3.849571,1.574078,2.275493,1,2.275493,0.0
RF,2024-01-01,2024-02-01,13,3.19617,1.574078,1.622092,2,1.6220919999999999,-2.220446049250313e-16
RF,2024-01-01,2024-02-01,14,3.724196,1.574078,2.150118,1,2.150118,0.0
RF,2024-01-01,2024-02-01,15,2.084111,1.574078,0.5100330000000001,2,0.510033,-1.1102230246251565e-16
RF,2024-01-01,2024-02-01,16,3.295143,1.574078,1.7210649999999998,2,1.7210649999999998,0.0
RF,2024-01-01,2024-02-01,17,3.105058,1.574078,1.53098,1,1.53098,0.0
RF,2024-01-01,2024-02-01,18,4.0911729999999995,1.574078,2.517095,2,2.5170949999999994,-4.440892098500626e-16
RF,2024-01-01,2024-02-01,19,2.61172,1.574078,1.037642,1,1.037642,0.0
RF,2024-02-01,2024-03-01,0,-0.541112,3.2e-05,-0.5411440000000001,2,-0.5411440000000001,0.0
RF,2024-02-01,2024-03-01,1,-0.217829,3.2e-05,-0.217861,2,-0.217861,0.0
RF,2024-02-01,2024-03-01,2,0.338275,3.2e-05,0.338243,1,0.338243,0.0
RF,2024-02-01,2024-03-01,3,-1.3784645000000002,3.2e-05,-1.3784965,2,-1.3784965000000002,-2.220446049250313e-16
RF,2024-02-01,2024-03-01,4,0.411954,3.2e-05,0.411922,1,0.411922,0.0
RF,2024-02-01,2024-03-01,5,0.5560339999999999,3.2e-05,0.5560019999999999,2,0.5560019999999999,0.0
RF,2024-02-01,2024-03-01,6,0.05503999999999998,3.2e-05,0.055007999999999946,2,0.05500799999999998,3.469446951953614e-17
RF,2024-02-01,2024-03-01,7,0.136222,3.2e-05,0.13619,1,0.13619,0.0
RF,2024-02-01,2024-03-01,8,-0.753347,3.2e-05,-0.753379,2,-0.753379,0.0
RF,2024-02-01,2024-03-01,9,0.275848,3.2e-05,0.275816,1,0.275816,0.0
RF,2024-02-01,2024-03-01,10,-0.8332965,3.2e-05,-0.8333284999999999,2,-0.8333285,-1.1102230246251565e-16
RF,2024-02-01,2024-03-01,11,-0.7932695000000001,3.2e-05,-0.7933015000000001,2,-0.7933015000000001,0.0
RF,2024-02-01,2024-03-01,12,1.280927,3.2e-05,1.280895,1,1.280895,0.0
RF,2024-02-01,2024-03-01,13,-1.241695,3.2e-05,-1.241727,2,-1.241727,0.0
RF,2024-02-01,2024-03-01,14,-2.308027,3.2e-05,-2.308059,1,-2.308059,0.0
RF,2024-02-01,2024-03-01,15,0.633052,3.2e-05,0.6330199999999999,2,0.6330199999999999,0.0
RF,2024-02-01,2024-03-01,16,0.3373715,3.2e-05,0.33733949999999996,2,0.3373395,5.551115123125783e-17
RF,2024-02-01,2024-03-01,17,1.792414,3.2e-05,1.792382,1,1.792382,0.0
RF,2024-02-01,2024-03-01,18,0.4011,3.2e-05,0.401068,2,0.40106800000000004,5.551115123125783e-17
RF,2024-02-01,2024-03-01,19,-0.620759,3.2e-05,-0.620791,1,-0.620791,0.0
RF,2024-03-01,2024-04-01,0,6.448069,4.533622,1.914447,2,1.914447,0.0
RF,2024-03-01,2024-04-01,1,3.7493155,4.533622,-0.7843065,2,-0.7843065000000005,-4.440892098500626e-16
RF,2024-03-01,2024-04-01,2,3.392367,4.533622,-1.141255,1,-1.1412550000000001,-2.220446049250313e-16
RF,2024-03-01,2024-04-01,3,3.6715364999999998,4.533622,-0.8620855000000001,2,-0.8620855000000005,-4.440892098500626e-16
RF,2024-03-01,2024-04-01,4,6.604114,4.533622,2.070492,1,2.0704919999999998,-4.440892098500626e-16
RF,2024-03-01,2024-04-01,5,4.113964,4.533622,-0.419658,2,-0.4196580000000001,-1.1102230246251565e-16
RF,2024-03-01,2024-04-01,6,4.6069225,4.533622,0.07330049999999999,2,0.07330049999999932,-6.661338147750939e-16
RF,2024-03-01,2024-04-01,7,1.91143,4.533622,-2.622192,1,-2.622192,0.0
RF,2024-03-01,2024-04-01,8,3.279091,4.533622,-1.254531,2,-1.254531,0.0
RF,2024-03-01,2024-04-01,9,4.441339,4.533622,-0.092283,1,-0.09228300000000011,-1.1102230246251565e-16
RF,2024-03-01,2024-04-01,10,4.5711580000000005,4.533622,0.037535999999999986,2,0.037536000000000236,2.498001805406602e-16
RF,2024-03-01,2024-04-01,11,4.332519,4.533622,-0.201103,2,-0.2011030000000007,-6.938893903907228e-16
RF,2024-03-01,2024-04-01,12,3.655039,4.533622,-0.878583,1,-0.8785830000000003,-3.3306690738754696e-16
RF,2024-03-01,2024-04-01,13,5.0552965,4.533622,0.5216745,2,0.5216744999999996,-4.440892098500626e-16
RF,2024-03-01,2024-04-01,14,3.011712,4.533622,-1.52191,1,-1.52191,0.0
RF,2024-03-01,2024-04-01,15,3.5740800000000004,4.533622,-0.959542,2,-0.9595419999999999,1.1102230246251565e-16
RF,2024-03-01,2024-04-01,16,3.5071385,4.533622,-1.0264835,2,-1.0264835000000003,-2.220446049250313e-16
RF,2024-03-01,2024-04-01,17,4.089111,4.533622,-0.444511,1,-0.4445110000000003,-3.3306690738754696e-16
RF,2024-03-01,2024-04-01,18,5.103775000000001,4.533622,0.570153,2,0.5701530000000004,3.3306690738754696e-16
RF,2024-03-01,2024-04-01,19,4.109112,4.533622,-0.42451,1,-0.4245100000000006,-6.106226635438361e-16
RF,2024-04-01,2024-05-01,0,2.3717374999999996,0.731367,1.6403705,2,1.6403704999999995,-4.440892098500626e-16
RF,2024-04-01,2024-05-01,1,1.382533,0.731367,0.651166,2,0.651166,0.0
RF,2024-04-01,2024-05-01,2,2.480496,0.731367,1.749129,1,1.749129,0.0
RF,2024-04-01,2024-05-01,3,0.8932929999999999,0.731367,0.16192600000000001,2,0.1619259999999999,-1.1102230246251565e-16
RF,2024-04-01,2024-05-01,4,2.526659,0.731367,1.795292,1,1.7952919999999999,-2.220446049250313e-16
RF,2024-04-01,2024-05-01,5,1.285531,0.731367,0.554164,2,0.554164,0.0
RF,2024-04-01,2024-05-01,6,1.846016,0.731367,1.114649,2,1.114649,0.0
RF,2024-04-01,2024-05-01,7,0.864446,0.731367,0.133079,1,0.13307900000000006,5.551115123125783e-17
RF,2024-04-01,2024-05-01,8,1.31054,0.731367,0.579173,2,0.579173,0.0
RF,2024-04-01,2024-05-01,9,2.336364,0.731367,1.604997,1,1.604997,0.0
RF,2024-04-01,2024-05-01,10,0.371768,0.731367,-0.359599,2,-0.359599,0.0
RF,2024-04-01,2024-05-01,11,0.22134549999999997,0.731367,-0.5100215000000001,2,-0.5100215,1.1102230246251565e-16
RF,2024-04-01,2024-05-01,12,1.897617,0.731367,1.16625,1,1.1662500000000002,2.220446049250313e-16
RF,2024-04-01,2024-05-01,13,1.101089,0.731367,0.369722,2,0.369722,0.0
RF,2024-04-01,2024-05-01,14,2.507192,0.731367,1.775825,1,1.7758249999999998,-2.220446049250313e-16
RF,2024-04-01,2024-05-01,15,1.8303574999999999,0.731367,1.0989905,2,1.0989904999999998,-2.220446049250313e-16
RF,2024-04-01,2024-05-01,16,-0.702849,0.731367,-1.434216,2,-1.434216,0.0
RF,2024-04-01,2024-05-01,17,1.635679,0.731367,0.904312,1,0.9043120000000001,1.1102230246251565e-16
RF,2024-04-01,2024-05-01,18,2.396693,0.731367,1.665326,2,1.6653259999999999,-2.220446049250313e-16
RF,2024-04-01,2024-05-01,19,2.278237,0.731367,1.54687,1,1.5468699999999997,-2.220446049250313e-16
RF,2024-05-01,2024-06-01,0,7.261967,7.051242,0.21072500000000002,2,0.21072500000000005,2.7755575615628914e-17
RF,2024-05-01,2024-06-01,1,5.583335,7.051242,-1.4679069999999999,2,-1.4679070000000003,-4.440892098500626e-16
RF,2024-05-01,2024-06-01,2,9.013836,7.051242,1.962594,1,1.9625939999999993,-6.661338147750939e-16
RF,2024-05-01,2024-06-01,3,7.3573735,7.051242,0.3061315,2,0.30613149999999933,-6.661338147750939e-16
RF,2024-05-01,2024-06-01,4,4.537794,7.051242,-2.513448,1,-2.5134480000000003,-4.440892098500626e-16
RF,2024-05-01,2024-06-01,5,5.701655499999999,7.051242,-1.3495865,2,-1.349586500000001,-8.881784197001252e-16
RF,2024-05-01,2024-06-01,6,7.1009305000000005,7.051242,0.049688500000000024,2,0.049688500000000246,2.220446049250313e-16
RF,2024-05-01,2024-06-01,7,4.568717,7.051242,-2.482525,1,-2.482525,0.0
RF,2024-05-01,2024-06-01,8,6.9200064999999995,7.051242,-0.13123549999999998,2,-0.13123550000000073,-7.494005416219807e-16
RF,2024-05-01,2024-06-01,9,9.078674,7.051242,2.027432,1,2.0274319999999992,-8.881784197001252e-16
RF,2024-05-01,2024-06-01,10,7.3175655,7.051242,0.2663235,2,0.2663234999999995,-4.996003610813204e-16
RF,2024-05-01,2024-06-01,11,7.9553245,7.051242,0.9040825,2,0.9040824999999995,-5.551115123125783e-16
RF,2024-05-01,2024-06-01,12,5.823164,7.051242,-1.228078,1,-1.228078,0.0
RF,2024-05-01,2024-06-01,13,7.3447695,7.051242,0.2935275,2,0.2935274999999997,-2.7755575615628914e-16
RF,2024-05-01,2024-06-01,14,8.578565,7.051242,1.527323,1,1.527322999999999,-8.881784197001252e-16
RF,2024-05-01,2024-06-01,15,7.8203305,7.051242,0.7690885000000001,2,0.7690884999999996,-4.440892098500626e-16
RF,2024-05-01,2024-06-01,16,6.592534,7.051242,-0.45870799999999995,2,-0.45870800000000056,-6.106226635438361e-16
RF,2024-05-01,2024-06-01,17,5.103785,7.051242,-1.947457,1,-1.947457,0.0
RF,2024-05-01,2024-06-01,18,7.030528,7.051242,-0.02071400000000001,2,-0.0207139999999999,1.1102230246251565e-16
RF,2024-05-01,2024-06-01,19,8.367259,7.051242,1.316017,1,1.3160170000000004,4.440892098500626e-16
RF,2024-06-01,2024-07-01,0,4.0454725,4.390997,-0.3455245,2,-0.3455244999999998,2.220446049250313e-16
RF,2024-06-01,2024-07-01,1,3.485473,4.390997,-0.905524,2,-0.9055239999999998,2.220446049250313e-16
RF,2024-06-01,2024-07-01,2,3.335344,4.390997,-1.055653,1,-1.0556529999999995,4.440892098500626e-16
RF,2024-06-01,2024-07-01,3,4.5705855,4.390997,0.17958849999999998,2,0.17958850000000037,3.885780586188048e-16
RF,2024-06-01,2024-07-01,4,3.449189,4.390997,-0.941808,2,-0.9418079999999995,4.440892098500626e-16
RF,2024-06-01,2024-07-01,5,3.133506,4.390997,-1.257491,1,-1.2574909999999995,4.440892098500626e-16
RF,2024-06-01,2024-07-01,6,3.4985155,4.390997,-0.8924815,2,-0.8924814999999997,3.3306690738754696e-16
RF,2024-06-01,2024-07-01,7,2.9318695,4.390997,-1.4591275000000001,2,-1.4591274999999997,4.440892098500626e-16
RF,2024-06-01,2024-07-01,8,2.333637,4.390997,-2.05736,1,-2.0573599999999996,4.440892098500626e-16
RF,2024-06-01,2024-07-01,9,3.576778,4.390997,-0.814219,2,-0.8142189999999996,4.440892098500626e-16
RF,2024-06-01,2024-07-01,10,2.991216,4.390997,-1.399781,2,-1.3997809999999995,4.440892098500626e-16
RF,2024-06-01,2024-07-01,11,2.775656,4.390997,-1.615341,1,-1.6153409999999995,4.440892098500626e-16
RF,2024-06-01,2024-07-01,12,3.493741,4.390997,-0.897256,2,-0.8972559999999996,4.440892098500626e-16
RF,2024-06-01,2024-07-01,13,3.0176885,4.390997,-1.3733085,2,-1.3733084999999994,6.661338147750939e-16
RF,2024-06-01,2024-07-01,14,3.305034,4.390997,-1.085963,1,-1.0859629999999996,4.440892098500626e-16
RF,2024-06-01,2024-07-01,15,2.942908,4.390997,-1.448089,2,-1.4480889999999995,4.440892098500626e-16
RF,2024-06-01,2024-07-01,16,2.4668405,4.390997,-1.9241565,2,-1.9241564999999996,4.440892098500626e-16
RF,2024-06-01,2024-07-01,17,3.074992,4.390997,-1.316005,1,-1.3160049999999996,4.440892098500626e-16
RF,2024-06-01,2024-07-01,18,2.737086,4.390997,-1.653911,2,-1.6539109999999995,4.440892098500626e-16
RF,2024-06-01,2024-07-01,19,4.664275,4.390997,0.273278,1,0.27327800000000035,3.3306690738754696e-16
RF,2024-07-01,2024-08-01,0,1.9591905,1.035556,0.9236345,2,0.9236345000000001,1.1102230246251565e-16
RF,2024-07-01,2024-08-01,1,2.895761,1.035556,1.860205,2,1.8602049999999999,-2.220446049250313e-16
RF,2024-07-01,2024-08-01,2,1.636609,1.035556,0.601053,1,0.6010530000000001,1.1102230246251565e-16
RF,2024-07-01,2024-08-01,3,2.5920129999999997,1.035556,1.556457,2,1.5564569999999998,-2.220446049250313e-16
RF,2024-07-01,2024-08-01,4,1.4586545000000002,1.035556,0.42309850000000004,2,0.42309850000000027,2.220446049250313e-16
RF,2024-07-01,2024-08-01,5,1.787335,1.035556,0.751779,1,0.751779,0.0
RF,2024-07-01,2024-08-01,6,0.628021,1.035556,-0.40753500000000004,2,-0.40753499999999987,1.6653345369377348e-16
RF,2024-07-01,2024-08-01,7,2.0416185000000002,1.035556,1.0060625,2,1.0060625000000003,2.220446049250313e-16
RF,2024-07-01,2024-08-01,8,2.508834,1.035556,1.473278,1,1.4732779999999999,-2.220446049250313e-16
RF,2024-07-01,2024-08-01,9,1.9152055,1.035556,0.8796495,2,0.8796495,0.0
RF,2024-07-01,2024-08-01,10,3.427719,1.035556,2.392163,2,2.392163,0.0
RF,2024-07-01,2024-08-01,11,1.695555,1.035556,0.659999,1,0.659999,0.0
RF,2024-07-01,2024-08-01,12,0.7000125,1.035556,-0.3355435,2,-0.3355434999999999,1.1102230246251565e-16
RF,2024-07-01,2024-08-01,13,2.2828175,1.035556,1.2472615,2,1.2472615000000002,2.220446049250313e-16
RF,2024-07-01,2024-08-01,14,2.281496,1.035556,1.24594,1,1.2459400000000003,2.220446049250313e-16
RF,2024-07-01,2024-08-01,15,1.746531,1.035556,0.710975,2,0.7109750000000001,1.1102230246251565e-16
RF,2024-07-01,2024-08-01,16,2.3514885000000003,1.035556,1.3159325,2,1.3159325000000004,4.440892098500626e-16
RF,2024-07-01,2024-08-01,17,-0.379166,1.035556,-1.414722,1,-1.4147219999999998,2.220446049250313e-16
RF,2024-07-01,2024-08-01,18,0.35037599999999997,1.035556,-0.68518,2,-0.6851799999999999,1.1102230246251565e-16
RF,2024-07-01,2024-08-01,19,1.532421,1.035556,0.496865,1,0.4968650000000001,1.1102230246251565e-16
RF,2024-08-01,2024-09-01,0,2.233573,2.166814,0.06675900000000001,2,0.06675899999999979,-2.220446049250313e-16
RF,2024-08-01,2024-09-01,1,2.499482,2.166814,0.332668,2,0.33266799999999996,-5.551115123125783e-17
RF,2024-08-01,2024-09-01,2,0.779048,2.166814,-1.387766,1,-1.387766,0.0
RF,2024-08-01,2024-09-01,3,2.572726,2.166814,0.405912,2,0.40591199999999983,-1.6653345369377348e-16
RF,2024-08-01,2024-09-01,4,1.941772,2.166814,-0.22504200000000002,2,-0.22504199999999996,5.551115123125783e-17
RF,2024-08-01,2024-09-01,5,3.26813,2.166814,1.101316,1,1.1013160000000002,2.220446049250313e-16
RF,2024-08-01,2024-09-01,6,2.1346395,2.166814,-0.032174499999999995,2,-0.032174499999999995,0.0
RF,2024-08-01,2024-09-01,7,2.4746835000000003,2.166814,0.3078695,2,0.30786950000000024,2.220446049250313e-16
RF,2024-08-01,2024-09-01,8,2.59996,2.166814,0.433146,1,0.4331459999999998,-1.6653345369377348e-16
RF,2024-08-01,2024-09-01,9,1.756306,2.166814,-0.4105080000000001,2,-0.4105080000000001,0.0
RF,2024-08-01,2024-09-01,10,4.1989755,2.166814,2.0321615,2,2.0321615000000004,4.440892098500626e-16
RF,2024-08-01,2024-09-01,11,2.025028,2.166814,-0.141786,1,-0.1417860000000002,-1.942890293094024e-16
RF,2024-08-01,2024-09-01,12,2.943849,2.166814,0.777035,2,0.7770350000000001,1.1102230246251565e-16
RF,2024-08-01,2024-09-01,13,4.6200395,2.166814,2.4532255,2,2.4532255,0.0
RF,2024-08-01,2024-09-01,14,1.843844,2.166814,-0.32297,1,-0.32297,0.0
RF,2024-08-01,2024-09-01,15,2.740306,2.166814,0.573492,2,0.5734919999999999,-1.1102230246251565e-16
RF,2024-08-01,2024-09-01,16,2.6492515,2.166814,0.48243749999999996,2,0.4824375000000001,1.1102230246251565e-16
RF,2024-08-01,2024-09-01,17,2.621639,2.166814,0.454825,1,0.45482500000000003,5.551115123125783e-17
RF,2024-08-01,2024-09-01,18,2.4021865,2.166814,0.23537249999999998,2,0.23537249999999998,0.0
RF,2024-08-01,2024-09-01,19,2.48218,2.166814,0.315366,1,0.31536600000000004,5.551115123125783e-17
RF,2024-09-01,2024-10-01,0,-5.085839,-6.352122,1.266283,2,1.2662829999999996,-4.440892098500626e-16
RF,2024-09-01,2024-10-01,1,-6.2354555000000005,-6.352122,0.11666650000000006,2,0.11666649999999912,-9.43689570931383e-16
RF,2024-09-01,2024-10-01,2,-5.348337,-6.352122,1.003785,1,1.0037849999999997,-2.220446049250313e-16
RF,2024-09-01,2024-10-01,3,-5.310211499999999,-6.352122,1.0419105,2,1.0419105000000002,2.220446049250313e-16
RF,2024-09-01,2024-10-01,4,-6.346936,-6.352122,0.005185999999999996,2,0.005185999999999247,-7.494005416219807e-16
RF,2024-09-01,2024-10-01,5,-5.714124,-6.352122,0.637998,1,0.6379979999999996,-3.3306690738754696e-16
RF,2024-09-01,2024-10-01,6,-5.8718354999999995,-6.352122,0.48028649999999995,2,0.48028650000000006,1.1102230246251565e-16
RF,2024-09-01,2024-10-01,7,-4.537395999999999,-6.352122,1.814726,2,1.8147260000000003,2.220446049250313e-16
RF,2024-09-01,2024-10-01,8,-4.403874,-6.352122,1.948248,1,1.9482479999999995,-4.440892098500626e-16
RF,2024-09-01,2024-10-01,9,-5.4672635,-6.352122,0.8848585,2,0.8848585,0.0
RF,2024-09-01,2024-10-01,10,-5.476823,-6.352122,0.8752989999999999,2,0.8752989999999992,-7.771561172376096e-16
RF,2024-09-01,2024-10-01,11,-7.043841,-6.352122,-0.691719,1,-0.691719,0.0
RF,2024-09-01,2024-10-01,12,-5.115131,-6.352122,1.236991,2,1.2369909999999997,-2.220446049250313e-16
RF,2024-09-01,2024-10-01,13,-5.5079355,-6.352122,0.8441865,2,0.8441864999999993,-6.661338147750939e-16
RF,2024-09-01,2024-10-01,14,-3.544983,-6.352122,2.807139,1,2.8071389999999994,-4.440892098500626e-16
RF,2024-09-01,2024-10-01,15,-5.6204015,-6.352122,0.7317205,2,0.7317204999999998,-2.220446049250313e-16
RF,2024-09-01,2024-10-01,16,-4.6127305,-6.352122,1.7393915,2,1.7393915,0.0
RF,2024-09-01,2024-10-01,17,-6.169154,-6.352122,0.182968,1,0.1829679999999998,-1.942890293094024e-16
RF,2024-09-01,2024-10-01,18,-5.8128615,-6.352122,0.5392605,2,0.5392604999999993,-7.771561172376096e-16
RF,2024-09-01,2024-10-01,19,-5.627119,-6.352122,0.725003,1,0.7250029999999992,-7.771561172376096e-16
RF,2024-10-01,2024-11-01,0,0.7652464999999999,0.045826,0.7194205,2,0.7194204999999999,-1.1102230246251565e-16
RF,2024-10-01,2024-11-01,1,0.6325835,0.045826,0.5867575,2,0.5867574999999999,-1.1102230246251565e-16
RF,2024-10-01,2024-11-01,2,0.274599,0.045826,0.228773,1,0.22877299999999998,-2.7755575615628914e-17
RF,2024-10-01,2024-11-01,3,0.06386,0.045826,0.018034000000000022,2,0.018034,-2.0816681711721685e-17
RF,2024-10-01,2024-11-01,4,0.2711835,0.045826,0.2253575,2,0.22535750000000002,2.7755575615628914e-17
RF,2024-10-01,2024-11-01,5,0.804786,0.045826,0.75896,1,0.75896,0.0
RF,2024-10-01,2024-11-01,6,-0.7098869999999999,0.045826,-0.7557130000000001,2,-0.755713,1.1102230246251565e-16
RF,2024-10-01,2024-11-01,7,1.550929,0.045826,1.505103,2,1.505103,0.0
RF,2024-10-01,2024-11-01,8,-0.406394,0.045826,-0.45222,1,-0.45221999999999996,5.551115123125783e-17
RF,2024-10-01,2024-11-01,9,2.1819455,0.045826,2.1361195,2,2.1361195,0.0
RF,2024-10-01,2024-11-01,10,0.34107999999999994,0.045826,0.295254,2,0.29525399999999996,-5.551115123125783e-17
RF,2024-10-01,2024-11-01,11,0.515002,0.045826,0.469176,1,0.469176,0.0
RF,2024-10-01,2024-11-01,12,1.4616215000000001,0.045826,1.4157955,2,1.4157955000000002,2.220446049250313e-16
RF,2024-10-01,2024-11-01,13,1.2116555,0.045826,1.1658295,2,1.1658295,0.0
RF,2024-10-01,2024-11-01,14,0.074621,0.045826,0.028795,1,0.028795000000000008,6.938893903907228e-18
RF,2024-10-01,2024-11-01,15,0.017681000000000002,0.045826,-0.028145000000000003,2,-0.028144999999999996,6.938893903907228e-18
RF,2024-10-01,2024-11-01,16,0.1897335,0.045826,0.1439075,2,0.1439075,0.0
RF,2024-10-01,2024-11-01,17,1.272534,0.045826,1.226708,1,1.2267080000000001,2.220446049250313e-16
RF,2024-10-01,2024-11-01,18,0.5469765,0.045826,0.5011505,2,0.5011504999999999,-1.1102230246251565e-16
RF,2024-10-01,2024-11-01,19,0.16613,0.045826,0.120304,1,0.120304,0.0
RF,2024-11-01,2024-12-01,0,-0.536837,-1.36551,0.828673,2,0.828673,0.0
RF,2024-11-01,2024-12-01,1,-0.3556255,-1.36551,1.0098845,2,1.0098845,0.0
RF,2024-11-01,2024-12-01,2,1.047786,-1.36551,2.413296,1,2.413296,0.0
RF,2024-11-01,2024-12-01,3,-0.14394099999999999,-1.36551,1.2215690000000001,2,1.2215690000000001,0.0
RF,2024-11-01,2024-12-01,4,-1.448517,-1.36551,-0.083007,2,-0.08300700000000005,-5.551115123125783e-17
RF,2024-11-01,2024-12-01,5,-1.386799,-1.36551,-0.021289,1,-0.02128899999999989,1.0755285551056204e-16
RF,2024-11-01,2024-12-01,6,-1.0455305,-1.36551,0.31997950000000003,2,0.3199795000000001,5.551115123125783e-17
RF,2024-11-01,2024-12-01,7,-1.466037,-1.36551,-0.10052700000000003,2,-0.10052700000000003,0.0
RF,2024-11-01,2024-12-01,8,-1.195273,-1.36551,0.170237,1,0.17023699999999997,-2.7755575615628914e-17
RF,2024-11-01,2024-12-01,9,-0.660649,-1.36551,0.704861,2,0.704861,0.0
RF,2024-11-01,2024-12-01,10,-0.311718,-1.36551,1.0537919999999998,2,1.053792,2.220446049250313e-16
RF,2024-11-01,2024-12-01,11,-1.209364,-1.36551,0.156146,1,0.1561459999999999,-1.1102230246251565e-16
RF,2024-11-01,2024-12-01,12,1.1233725,-1.36551,2.4888825,2,2.4888825,0.0
RF,2024-11-01,2024-12-01,13,-0.018043000000000003,-1.36551,1.347467,2,1.347467,0.0
RF,2024-11-01,2024-12-01,14,-1.370693,-1.36551,-0.005183,1,-0.005182999999999938,6.245004513516506e-17
RF,2024-11-01,2024-12-01,15,-0.606054,-1.36551,0.759456,2,0.759456,0.0
RF,2024-11-01,2024-12-01,16,-1.3374225,-1.36551,0.028087499999999987,2,0.028087500000000043,5.551115123125783e-17
RF,2024-11-01,2024-12-01,17,2.734816,-1.36551,4.100326,1,4.100326,0.0
RF,2024-11-01,2024-12-01,18,0.8390645,-1.36551,2.2045745,2,2.2045745,0.0
RF,2024-11-01,2024-12-01,19,1.730334,-1.36551,3.095844,1,3.095844,0.0
RF,2024-12-01,2025-01-01,0,-3.804043666666667,-3.470144,-0.33389966666666665,3,-0.3338996666666669,-2.7755575615628914e-16
RF,2024-12-01,2025-01-01,1,-3.431497333333333,-3.470144,0.03864666666666672,3,0.03864666666666672,0.0
RF,2024-12-01,2025-01-01,2,-5.274555333333333,-3.470144,-1.8044113333333334,3,-1.804411333333333,4.440892098500626e-16
RF,2024-12-01,2025-01-01,3,-3.253508333333333,-3.470144,0.2166356666666666,3,0.2166356666666669,3.0531133177191805e-16
RF,2024-12-01,2025-01-01,4,-2.8395576666666664,-3.470144,0.6305863333333334,3,0.6305863333333335,1.1102230246251565e-16
RF,2024-12-01,2025-01-01,5,-4.561481666666666,-3.470144,-1.0913376666666668,3,-1.0913376666666665,2.220446049250313e-16
RF,2024-12-01,2025-01-01,6,-4.496696333333333,-3.470144,-1.0265523333333333,3,-1.0265523333333335,-2.220446049250313e-16
RF,2024-12-01,2025-01-01,7,-4.495407666666666,-3.470144,-1.0252636666666666,3,-1.0252636666666661,4.440892098500626e-16
RF,2024-12-01,2025-01-01,8,-5.6464609999999995,-3.470144,-2.176317,3,-2.1763169999999996,4.440892098500626e-16
RF,2024-12-01,2025-01-01,9,-4.584539666666666,-3.470144,-1.1143956666666668,3,-1.1143956666666663,4.440892098500626e-16
RF,2024-12-01,2025-01-01,10,-6.810041666666667,-3.470144,-3.339897666666667,3,-3.339897666666667,0.0
RF,2024-12-01,2025-01-01,11,-7.357226,-3.470144,-3.8870819999999995,3,-3.887082,-4.440892098500626e-16
RF,2024-12-01,2025-01-01,12,-10.078440666666667,-3.470144,-6.608296666666667,3,-6.608296666666668,-8.881784197001252e-16
RF,2024-12-01,2025-01-01,13,-3.8866433333333332,-3.470144,-0.41649933333333333,3,-0.41649933333333333,0.0
RF,2024-12-01,2025-01-01,14,-3.627950666666667,-3.470144,-0.15780666666666662,3,-0.1578066666666671,-4.718447854656915e-16
RF,2024-12-01,2025-01-01,15,-5.894162000000001,-3.470144,-2.424018,3,-2.4240180000000007,-8.881784197001252e-16
RF,2024-12-01,2025-01-01,16,-4.903087,-3.470144,-1.4329429999999999,3,-1.4329430000000003,-4.440892098500626e-16
RF,2024-12-01,2025-01-01,17,-3.9962969999999998,-3.470144,-0.526153,3,-0.5261529999999999,1.1102230246251565e-16
RF,2024-12-01,2025-01-01,18,-7.221895,-3.470144,-3.751751,3,-3.751751,0.0
RF,2024-12-01,2025-01-01,19,-8.582269666666667,-3.470144,-5.112125666666667,3,-5.1121256666666675,-8.881784197001252e-16
RF,2025-01-01,2025-02-01,0,-8.1427105,-7.786369,-0.35634150000000003,4,-0.3563415000000001,-5.551115123125783e-17
RF,2025-01-01,2025-02-01,1,-5.2228935,-7.786369,2.5634755,4,2.5634755,0.0
RF,2025-01-01,2025-02-01,2,-5.085152666666667,-7.786369,2.7012163333333334,3,2.701216333333333,-4.440892098500626e-16
RF,2025-01-01,2025-02-01,3,-8.0584205,-7.786369,-0.27205150000000006,4,-0.2720515000000008,-7.216449660063518e-16
RF,2025-01-01,2025-02-01,4,-5.473482333333333,-7.786369,2.3128866666666665,3,2.3128866666666665,0.0
RF,2025-01-01,2025-02-01,5,-8.336379,-7.786369,-0.5500100000000001,4,-0.5500100000000012,-1.1102230246251565e-15
RF,2025-01-01,2025-02-01,6,-6.094043333333333,-7.786369,1.6923256666666664,3,1.692325666666667,6.661338147750939e-16
RF,2025-01-01,2025-02-01,7,-6.25291275,-7.786369,1.53345625,4,1.5334562499999995,-4.440892098500626e-16
RF,2025-01-01,2025-02-01,8,-6.395266666666667,-7.786369,1.3911023333333332,3,1.3911023333333326,-6.661338147750939e-16
RF,2025-01-01,2025-02-01,9,-7.21763825,-7.786369,0.56873075,4,0.5687307499999994,-5.551115123125783e-16
RF,2025-01-01,2025-02-01,10,-4.949495000000001,-7.786369,2.836874,4,2.836873999999999,-8.881784197001252e-16
RF,2025-01-01,2025-02-01,11,-5.737648,-7.786369,2.048721,3,2.0487209999999996,-4.440892098500626e-16
RF,2025-01-01,2025-02-01,12,-4.851711,-7.786369,2.9346579999999998,4,2.9346579999999998,0.0
RF,2025-01-01,2025-02-01,13,-5.626074666666667,-7.786369,2.1602943333333333,3,2.160294333333333,-4.440892098500626e-16
RF,2025-01-01,2025-02-01,14,-7.2036235,-7.786369,0.5827455000000001,4,0.5827454999999997,-4.440892098500626e-16
RF,2025-01-01,2025-02-01,15,-5.1392793333333335,-7.786369,2.6470896666666666,3,2.647089666666666,-4.440892098500626e-16
RF,2025-01-01,2025-02-01,16,-6.2159515,-7.786369,1.5704175,4,1.5704174999999996,-4.440892098500626e-16
RF,2025-01-01,2025-02-01,17,-6.186829,-7.786369,1.59954,3,1.5995399999999993,-6.661338147750939e-16
RF,2025-01-01,2025-02-01,18,-6.29047575,-7.786369,1.49589325,4,1.49589325,0.0
RF,2025-01-01,2025-02-01,19,-7.105503333333334,-7.786369,0.6808656666666666,3,0.6808656666666657,-8.881784197001252e-16
RF,2025-02-01,2025-03-01,0,6.54707575,7.352851,-0.8057752499999999,4,-0.8057752499999999,0.0
RF,2025-02-01,2025-03-01,1,9.145808500000001,7.352851,1.7929575,4,1.7929575000000009,8.881784197001252e-16
RF,2025-02-01,2025-03-01,2,6.4193195,7.352851,-0.9335315,4,-0.9335315,0.0
RF,2025-02-01,2025-03-01,3,8.040176666666667,7.352851,0.6873256666666667,3,0.6873256666666672,4.440892098500626e-16
RF,2025-02-01,2025-03-01,4,7.27540675,7.352851,-0.07744424999999998,4,-0.0774442500000001,-1.249000902703301e-16
RF,2025-02-01,2025-03-01,5,7.30268025,7.352851,-0.050170750000000035,4,-0.050170750000000375,-3.400058012914542e-16
RF,2025-02-01,2025-03-01,6,6.377773666666666,7.352851,-0.9750773333333335,3,-0.975077333333334,-5.551115123125783e-16
RF,2025-02-01,2025-03-01,7,7.047341250000001,7.352851,-0.30550975,4,-0.3055097499999997,3.3306690738754696e-16
RF,2025-02-01,2025-03-01,8,6.982063,7.352851,-0.370788,4,-0.3707880000000001,-1.1102230246251565e-16
RF,2025-02-01,2025-03-01,9,7.699272666666666,7.352851,0.3464216666666667,3,0.3464216666666662,-4.996003610813204e-16
RF,2025-02-01,2025-03-01,10,5.717085,7.352851,-1.6357659999999998,4,-1.6357660000000003,-4.440892098500626e-16
RF,2025-02-01,2025-03-01,11,5.87852475,7.352851,-1.4743262499999998,4,-1.4743262499999998,0.0
RF,2025-02-01,2025-03-01,12,7.7243435,7.352851,0.3714925,4,0.37149249999999956,-4.440892098500626e-16
RF,2025-02-01,2025-03-01,13,5.826389666666667,7.352851,-1.5264613333333334,3,-1.5264613333333337,-2.220446049250313e-16
RF,2025-02-01,2025-03-01,14,6.0012110000000005,7.352851,-1.35164,4,-1.3516399999999997,2.220446049250313e-16
RF,2025-02-01,2025-03-01,15,7.3995032499999995,7.352851,0.046652250000000006,4,0.046652249999999285,-7.216449660063518e-16
RF,2025-02-01,2025-03-01,16,5.683041,7.352851,-1.66981,3,-1.66981,0.0
RF,2025-02-01,2025-03-01,17,5.4961515,7.352851,-1.8566995,4,-1.8566995000000004,-4.440892098500626e-16
RF,2025-02-01,2025-03-01,18,6.85566975,7.352851,-0.49718124999999996,4,-0.4971812500000006,-6.106226635438361e-16
RF,2025-02-01,2025-03-01,19,7.517066666666666,7.352851,0.16421566666666665,3,0.16421566666666543,-1.2212453270876722e-15
RF,2025-03-01,2025-04-01,0,2.31564375,3.251256,-0.9356122499999999,4,-0.9356122500000001,-2.220446049250313e-16
RF,2025-03-01,2025-04-01,1,2.941967,3.251256,-0.30928900000000004,4,-0.30928900000000015,-1.1102230246251565e-16
RF,2025-03-01,2025-04-01,2,2.052165,3.251256,-1.1990910000000001,4,-1.1990910000000001,0.0
RF,2025-03-01,2025-04-01,3,1.2922956666666667,3.251256,-1.9589603333333334,3,-1.9589603333333334,0.0
RF,2025-03-01,2025-04-01,4,4.05425725,3.251256,0.80300125,4,0.8030012499999999,-1.1102230246251565e-16
RF,2025-03-01,2025-04-01,5,-17.00598025,3.251256,-20.25723625,4,-20.257236250000002,-3.552713678800501e-15
RF,2025-03-01,2025-04-01,6,2.4288007499999997,3.251256,-0.82245525,4,-0.8224552500000004,-4.440892098500626e-16
RF,2025-03-01,2025-04-01,7,3.241735333333333,3.251256,-0.009520666666666658,3,-0.009520666666666955,-2.96637714392034e-16
RF,2025-03-01,2025-04-01,8,2.50330175,3.251256,-0.74795425,4,-0.7479542500000003,-2.220446049250313e-16
RF,2025-03-01,2025-04-01,9,2.9793279999999998,3.251256,-0.27192800000000006,4,-0.2719280000000004,-3.3306690738754696e-16
RF,2025-03-01,2025-04-01,10,3.235741,3.251256,-0.015515000000000001,4,-0.015515000000000168,-1.6653345369377348e-16
RF,2025-03-01,2025-04-01,11,3.700189333333333,3.251256,0.44893333333333335,3,0.44893333333333274,-6.106226635438361e-16
RF,2025-03-01,2025-04-01,12,2.35046525,3.251256,-0.90079075,4,-0.9007907500000001,-1.1102230246251565e-16
RF,2025-03-01,2025-04-01,13,2.9323449999999998,3.251256,-0.318911,4,-0.3189110000000004,-3.885780586188048e-16
RF,2025-03-01,2025-04-01,14,2.51765725,3.251256,-0.73359875,4,-0.7335987500000001,-1.1102230246251565e-16
RF,2025-03-01,2025-04-01,15,3.468012,3.251256,0.21675600000000003,3,0.21675599999999973,-3.0531133177191805e-16
RF,2025-03-01,2025-04-01,16,2.8049269999999997,3.251256,-0.4463289999999999,4,-0.4463290000000004,-4.996003610813204e-16
RF,2025-03-01,2025-04-01,17,2.74149075,3.251256,-0.5097652500000001,4,-0.5097652500000001,0.0
RF,2025-03-01,2025-04-01,18,3.165113,3.251256,-0.086143,4,-0.0861430000000003,-3.0531133177191805e-16
RF,2025-03-01,2025-04-01,19,3.5572953333333337,3.251256,0.30603933333333333,3,0.30603933333333355,2.220446049250313e-16
RF,2025-04-01,2025-05-01,0,3.5668984999999997,3.652402,-0.08550349999999998,4,-0.08550350000000018,-1.942890293094024e-16
RF,2025-04-01,2025-05-01,1,3.6038045,3.652402,-0.04859749999999996,4,-0.04859750000000007,-1.1102230246251565e-16
RF,2025-04-01,2025-05-01,2,2.2775220000000003,3.652402,-1.37488,4,-1.3748799999999997,4.440892098500626e-16
RF,2025-04-01,2025-05-01,3,3.1163916666666664,3.652402,-0.5360103333333334,3,-0.5360103333333335,-1.1102230246251565e-16
RF,2025-04-01,2025-05-01,4,2.4345107500000003,3.652402,-1.21789125,4,-1.2178912499999996,4.440892098500626e-16
RF,2025-04-01,2025-05-01,5,3.75231475,3.652402,0.09991275000000005,4,0.0999127500000001,5.551115123125783e-17
RF,2025-04-01,2025-05-01,6,4.22835,3.652402,0.575948,4,0.5759479999999999,-1.1102230246251565e-16
RF,2025-04-01,2025-05-01,7,2.779703,3.652402,-0.872699,3,-0.8726989999999999,1.1102230246251565e-16
RF,2025-04-01,2025-05-01,8,4.65586,3.652402,1.003458,4,1.0034579999999997,-2.220446049250313e-16
RF,2025-04-01,2025-05-01,9,2.9861465,3.652402,-0.6662555,4,-0.6662555000000001,-1.1102230246251565e-16
RF,2025-04-01,2025-05-01,10,3.0166715,3.652402,-0.6357305,4,-0.6357304999999998,2.220446049250313e-16
RF,2025-04-01,2025-05-01,11,6.000319,3.652402,2.3479170000000003,3,2.3479170000000003,0.0
RF,2025-04-01,2025-05-01,12,2.99418125,3.652402,-0.65822075,4,-0.6582207499999999,1.1102230246251565e-16
RF,2025-04-01,2025-05-01,13,2.70078675,3.652402,-0.9516152499999999,4,-0.9516152500000001,-2.220446049250313e-16
RF,2025-04-01,2025-05-01,14,3.491123,3.652402,-0.16127900000000003,4,-0.16127899999999995,8.326672684688674e-17
RF,2025-04-01,2025-05-01,15,4.2108756666666665,3.652402,0.5584736666666666,3,0.5584736666666665,-1.1102230246251565e-16
RF,2025-04-01,2025-05-01,16,4.57325875,3.652402,0.92085675,4,0.92085675,0.0
RF,2025-04-01,2025-05-01,17,3.53088375,3.652402,-0.12151825000000001,4,-0.12151824999999983,1.8041124150158794e-16
RF,2025-04-01,2025-05-01,18,5.263856499999999,3.652402,1.6114545,4,1.6114544999999993,-6.661338147750939e-16
RF,2025-04-01,2025-05-01,19,5.2576443333333325,3.652402,1.6052423333333332,3,1.6052423333333325,-6.661338147750939e-16
RF,2025-05-01,2025-06-01,0,3.082411,3.766898,-0.684487,4,-0.6844869999999998,1.1102230246251565e-16
RF,2025-05-01,2025-06-01,1,3.4776594999999997,3.766898,-0.28923849999999995,4,-0.2892385000000002,-2.220446049250313e-16
RF,2025-05-01,2025-06-01,2,3.30750375,3.766898,-0.45939425,4,-0.4593942499999999,1.1102230246251565e-16
RF,2025-05-01,2025-06-01,3,3.1209210000000005,3.766898,-0.6459769999999999,3,-0.6459769999999994,5.551115123125783e-16
RF,2025-05-01,2025-06-01,4,3.41267175,3.766898,-0.35422624999999996,4,-0.35422624999999996,0.0
RF,2025-05-01,2025-06-01,5,3.6299505,3.766898,-0.13694750000000003,4,-0.13694749999999978,2.498001805406602e-16
RF,2025-05-01,2025-06-01,6,3.40968225,3.766898,-0.35721575,4,-0.35721574999999994,5.551115123125783e-17
RF,2025-05-01,2025-06-01,7,3.820241333333333,3.766898,0.05334333333333333,3,0.0533433333333333,-3.469446951953614e-17
RF,2025-05-01,2025-06-01,8,3.8636040000000005,3.766898,0.09670599999999999,4,0.09670600000000062,6.38378239159465e-16
RF,2025-05-01,2025-06-01,9,3.3602345000000002,3.766898,-0.40666349999999996,4,-0.4066634999999996,3.3306690738754696e-16
RF,2025-05-01,2025-06-01,10,4.189571,3.766898,0.42267299999999997,4,0.4226730000000001,1.1102230246251565e-16
RF,2025-05-01,2025-06-01,11,3.163172,3.766898,-0.603726,3,-0.603726,0.0
RF,2025-05-01,2025-06-01,12,3.145279,3.766898,-0.6216189999999999,4,-0.6216189999999999,0.0
RF,2025-05-01,2025-06-01,13,4.03293075,3.766898,0.26603275000000004,4,0.2660327500000004,3.3306690738754696e-16
RF,2025-05-01,2025-06-01,14,3.435927,3.766898,-0.330971,4,-0.3309709999999999,1.1102230246251565e-16
RF,2025-05-01,2025-06-01,15,3.9214133333333336,3.766898,0.15451533333333334,3,0.15451533333333378,4.440892098500626e-16
RF,2025-05-01,2025-06-01,16,4.18228075,3.766898,0.41538275,4,0.41538275000000047,4.440892098500626e-16
RF,2025-05-01,2025-06-01,17,3.829594,3.766898,0.062696,4,0.06269600000000031,3.0531133177191805e-16
RF,2025-05-01,2025-06-01,18,3.46737625,3.766898,-0.29952175000000003,4,-0.2995217499999998,2.220446049250313e-16
RF,2025-05-01,2025-06-01,19,3.1086826666666667,3.766898,-0.6582153333333333,3,-0.6582153333333332,1.1102230246251565e-16
RF,2025-06-01,2025-07-01,0,-1.832401,-2.826766,0.994365,4,0.9943650000000002,1.1102230246251565e-16
RF,2025-06-01,2025-07-01,1,-1.822406,-2.826766,1.0043600000000001,4,1.0043600000000001,0.0
RF,2025-06-01,2025-07-01,2,-2.1777205,-2.826766,0.6490454999999999,4,0.6490455000000002,2.220446049250313e-16
RF,2025-06-01,2025-07-01,3,-1.9541849999999998,-2.826766,0.872581,4,0.8725810000000003,2.220446049250313e-16
RF,2025-06-01,2025-07-01,4,-1.054964,-2.8267660000000006,1.7718019999999999,3,1.7718020000000005,6.661338147750939e-16
RF,2025-06-01,2025-07-01,5,-2.085562,-2.826766,0.741204,4,0.7412040000000002,2.220446049250313e-16
RF,2025-06-01,2025-07-01,6,-1.33525975,-2.826766,1.49150625,4,1.49150625,0.0
RF,2025-06-01,2025-07-01,7,-2.5153285,-2.826766,0.31143750000000003,4,0.31143750000000026,2.220446049250313e-16
RF,2025-06-01,2025-07-01,8,-1.60219325,-2.826766,1.22457275,4,1.22457275,0.0
RF,2025-06-01,2025-07-01,9,-2.4784726666666668,-2.8267660000000006,0.34829333333333334,3,0.3482933333333338,4.440892098500626e-16
RF,2025-06-01,2025-07-01,10,-1.3010795,-2.826766,1.5256865,4,1.5256865000000002,2.220446049250313e-16
RF,2025-06-01,2025-07-01,11,-2.05718775,-2.826766,0.76957825,4,0.7695782499999999,-1.1102230246251565e-16
RF,2025-06-01,2025-07-01,12,-0.7742985,-2.826766,2.0524675,4,2.0524675,0.0
RF,2025-06-01,2025-07-01,13,-1.2702689999999999,-2.826766,1.556497,4,1.5564970000000002,2.220446049250313e-16
RF,2025-06-01,2025-07-01,14,-2.520475333333333,-2.8267660000000006,0.30629066666666666,3,0.3062906666666674,7.216449660063518e-16
RF,2025-06-01,2025-07-01,15,-1.61313775,-2.826766,1.21362825,4,1.2136282500000002,2.220446049250313e-16
RF,2025-06-01,2025-07-01,16,-1.5491035,-2.826766,1.2776625,4,1.2776625000000001,2.220446049250313e-16
RF,2025-06-01,2025-07-01,17,-2.059553,-2.826766,0.767213,4,0.7672129999999999,-1.1102230246251565e-16
RF,2025-06-01,2025-07-01,18,-2.6552464999999996,-2.826766,0.17151949999999996,4,0.1715195000000005,5.273559366969494e-16
RF,2025-06-01,2025-07-01,19,-1.887257,-2.8267660000000006,0.939509,3,0.9395090000000006,5.551115123125783e-16
RF,2025-07-01,2025-08-01,0,-2.2859637499999996,-1.816508,-0.46945575,4,-0.4694557499999996,3.885780586188048e-16
RF,2025-07-01,2025-08-01,1,-2.60078875,-1.816508,-0.78428075,4,-0.78428075,0.0
RF,2025-07-01,2025-08-01,2,-2.5133365000000003,-1.816508,-0.6968285000000001,4,-0.6968285000000003,-2.220446049250313e-16
RF,2025-07-01,2025-08-01,3,-2.0553635,-1.816508,-0.2388555,4,-0.2388554999999999,1.1102230246251565e-16
RF,2025-07-01,2025-08-01,4,-2.29596875,-1.816508,-0.47946075,4,-0.4794607500000001,-1.1102230246251565e-16
RF,2025-07-01,2025-08-01,5,-1.96931775,-1.816508,-0.15280974999999997,4,-0.15280975000000008,-1.1102230246251565e-16
RF,2025-07-01,2025-08-01,6,-1.916912,-1.816508,-0.10040400000000001,3,-0.10040399999999994,6.938893903907228e-17
RF,2025-07-01,2025-08-01,7,-2.1155045,-1.816508,-0.29899650000000005,4,-0.2989965000000001,-5.551115123125783e-17
RF,2025-07-01,2025-08-01,8,-2.2208715,-1.816508,-0.4043635,4,-0.4043634999999999,1.1102230246251565e-16
RF,2025-07-01,2025-08-01,9,-2.22997975,-1.816508,-0.41347175,4,-0.41347175,0.0
RF,2025-07-01,2025-08-01,10,-1.58924575,-1.816508,0.22726225,4,0.2272622500000001,1.1102230246251565e-16
RF,2025-07-01,2025-08-01,11,-2.32491275,-1.816508,-0.50840475,4,-0.5084047500000002,-2.220446049250313e-16
RF,2025-07-01,2025-08-01,12,-0.67815475,-1.816508,1.13835325,4,1.13835325,0.0
RF,2025-07-01,2025-08-01,13,-1.9817786666666668,-1.816508,-0.16527066666666668,3,-0.1652706666666668,-1.1102230246251565e-16
RF,2025-07-01,2025-08-01,14,-1.007333,-1.816508,0.809175,4,0.809175,0.0
RF,2025-07-01,2025-08-01,15,-3.14694325,-1.816508,-1.3304352499999998,4,-1.33043525,-2.220446049250313e-16
RF,2025-07-01,2025-08-01,16,-1.89134475,-1.816508,-0.07483675000000009,4,-0.07483675000000001,8.326672684688674e-17
RF,2025-07-01,2025-08-01,17,-2.4244415,-1.816508,-0.6079334999999999,4,-0.6079334999999999,0.0
RF,2025-07-01,2025-08-01,18,-1.84079175,-1.816508,-0.024283749999999993,4,-0.024283749999999937,5.551115123125783e-17
RF,2025-07-01,2025-08-01,19,-2.274737333333333,-1.816508,-0.4582293333333333,3,-0.45822933333333293,3.885780586188048e-16
RF,2025-08-01,2025-09-01,0,1.52445475,1.253765,0.27068975,4,0.27068975000000006,5.551115123125783e-17
RF,2025-08-01,2025-09-01,1,0.9531432500000001,1.253765,-0.30062175,4,-0.3006217499999999,1.1102230246251565e-16
RF,2025-08-01,2025-09-01,2,1.12179325,1.253765,-0.13197175000000003,4,-0.13197174999999994,8.326672684688674e-17
RF,2025-08-01,2025-09-01,3,1.2817685,1.253765,0.028003499999999983,4,0.02800350000000007,8.673617379884035e-17
RF,2025-08-01,2025-09-01,4,1.988238,1.253765,0.734473,4,0.7344729999999999,-1.1102230246251565e-16
RF,2025-08-01,2025-09-01,5,0.65552,1.253765,-0.598245,4,-0.598245,0.0
RF,2025-08-01,2025-09-01,6,1.0107043333333332,1.253765,-0.24306066666666667,3,-0.2430606666666668,-1.3877787807814457e-16
RF,2025-08-01,2025-09-01,7,1.45419625,1.253765,0.20043125,4,0.20043125000000006,5.551115123125783e-17
RF,2025-08-01,2025-09-01,8,1.527176,1.253765,0.273411,4,0.27341100000000007,5.551115123125783e-17
RF,2025-08-01,2025-09-01,9,0.4044705,1.253765,-0.8492945000000001,4,-0.8492945000000001,0.0
RF,2025-08-01,2025-09-01,10,0.05151425000000004,1.253765,-1.2022507500000001,4,-1.20225075,2.220446049250313e-16
RF,2025-08-01,2025-09-01,11,1.09089825,1.253765,-0.16286674999999995,4,-0.16286675000000006,-1.1102230246251565e-16
RF,2025-08-01,2025-09-01,12,1.05873725,1.253765,-0.19502774999999997,4,-0.19502774999999994,2.7755575615628914e-17
RF,2025-08-01,2025-09-01,13,0.5162426666666667,1.253765,-0.7375223333333333,3,-0.7375223333333333,0.0
RF,2025-08-01,2025-09-01,14,2.337434,1.253765,1.083669,4,1.083669,0.0
RF,2025-08-01,2025-09-01,15,0.74526125,1.253765,-0.50850375,4,-0.50850375,0.0
RF,2025-08-01,2025-09-01,16,0.64223425,1.253765,-0.61153075,4,-0.61153075,0.0
RF,2025-08-01,2025-09-01,17,1.4592095,1.253765,0.20544449999999997,4,0.20544450000000003,5.551115123125783e-17
RF,2025-08-01,2025-09-01,18,1.7166735,1.253765,0.4629085,4,0.46290849999999995,-5.551115123125783e-17
RF,2025-08-01,2025-09-01,19,2.7275313333333333,1.253765,1.473766333333333,3,1.4737663333333333,2.220446049250313e-16
RF,2025-09-01,2025-10-01,0,3.3816454,4.342917,-0.9612715999999999,5,-0.9612715999999999,0.0
RF,2025-09-01,2025-10-01,1,3.09618225,4.342917,-1.24673475,4,-1.24673475,0.0
RF,2025-09-01,2025-10-01,2,2.469667,4.342917,-1.87325,4,-1.87325,0.0
RF,2025-09-01,2025-10-01,3,4.0548892500000004,4.342917,-0.28802775,4,-0.28802774999999947,5.551115123125783e-16
RF,2025-09-01,2025-10-01,4,2.76226475,4.342917,-1.58065225,4,-1.58065225,0.0
RF,2025-09-01,2025-10-01,5,2.34395475,4.342917,-1.99896225,4,-1.99896225,0.0
RF,2025-09-01,2025-10-01,6,2.702597,4.342917,-1.64032,4,-1.64032,0.0
RF,2025-09-01,2025-10-01,7,3.112577,4.342917,-1.23034,4,-1.23034,0.0
RF,2025-09-01,2025-10-01,8,2.79217,4.342917,-1.550747,4,-1.5507469999999999,2.220446049250313e-16
RF,2025-09-01,2025-10-01,9,2.8198935,4.342917,-1.5230234999999999,4,-1.5230234999999999,0.0
RF,2025-09-01,2025-10-01,10,2.88968625,4.342917,-1.45323075,4,-1.45323075,0.0
RF,2025-09-01,2025-10-01,11,2.9720215,4.342917,-1.3708955,4,-1.3708955,0.0
RF,2025-09-01,2025-10-01,12,3.00911275,4.342917,-1.33380425,4,-1.33380425,0.0
RF,2025-09-01,2025-10-01,13,3.153995,4.342917,-1.188922,4,-1.1889219999999998,2.220446049250313e-16
RF,2025-09-01,2025-10-01,14,3.43744675,4.342917,-0.90547025,4,-0.90547025,0.0
RF,2025-09-01,2025-10-01,15,3.50371575,4.342917,-0.83920125,4,-0.8392012499999999,1.1102230246251565e-16
RF,2025-09-01,2025-10-01,16,3.0141275,4.342917,-1.3287895,4,-1.3287895,0.0
RF,2025-09-01,2025-10-01,17,3.33552875,4.342917,-1.00738825,4,-1.00738825,0.0
RF,2025-09-01,2025-10-01,18,2.896313,4.342917,-1.446604,4,-1.4466039999999998,2.220446049250313e-16
RF,2025-09-01,2025-10-01,19,3.2752995,4.342917,-1.0676174999999999,4,-1.0676174999999999,0.0
RF,2025-10-01,2025-11-01,0,-0.5965446,0.9964980000000001,-1.5930426,5,-1.5930426,0.0
RF,2025-10-01,2025-11-01,1,0.6935715,0.996498,-0.3029265,4,-0.3029265,0.0
RF,2025-10-01,2025-11-01,2,0.035397,0.996498,-0.961101,4,-0.961101,0.0
RF,2025-10-01,2025-11-01,3,0.17485275,0.996498,-0.82164525,4,-0.82164525,0.0
RF,2025-10-01,2025-11-01,4,0.18268475,0.996498,-0.8138132499999999,4,-0.8138132499999999,0.0
RF,2025-10-01,2025-11-01,5,-0.7467275,0.996498,-1.7432254999999999,4,-1.7432254999999999,0.0
RF,2025-10-01,2025-11-01,6,-0.42219700000000004,0.996498,-1.418695,4,-1.418695,0.0
RF,2025-10-01,2025-11-01,7,0.07884225,0.996498,-0.91765575,4,-0.91765575,0.0
RF,2025-10-01,2025-11-01,8,-0.8735615,0.996498,-1.8700595,4,-1.8700595,0.0
RF,2025-10-01,2025-11-01,9,0.584413,0.996498,-0.41208500000000003,4,-0.41208500000000003,0.0
RF,2025-10-01,2025-11-01,10,-0.08878449999999999,0.996498,-1.0852825,4,-1.0852825,0.0
RF,2025-10-01,2025-11-01,11,-0.260051,0.996498,-1.2565490000000001,4,-1.256549,2.220446049250313e-16
RF,2025-10-01,2025-11-01,12,0.51533225,0.996498,-0.48116575,4,-0.48116574999999995,5.551115123125783e-17
RF,2025-10-01,2025-11-01,13,0.17643525000000002,0.996498,-0.8200627500000001,4,-0.82006275,1.1102230246251565e-16
RF,2025-10-01,2025-11-01,14,-0.383297,0.996498,-1.379795,4,-1.379795,0.0
RF,2025-10-01,2025-11-01,15,-0.44804125,0.996498,-1.44453925,4,-1.44453925,0.0
RF,2025-10-01,2025-11-01,16,-0.29448225,0.996498,-1.2909802499999998,4,-1.29098025,-2.220446049250313e-16
RF,2025-10-01,2025-11-01,17,0.061324250000000025,0.996498,-0.93517375,4,-0.9351737499999999,1.1102230246251565e-16
RF,2025-10-01,2025-11-01,18,-0.32984250000000004,0.996498,-1.3263405000000001,4,-1.3263405000000001,0.0
RF,2025-10-01,2025-11-01,19,0.3289745,0.996498,-0.6675235,4,-0.6675234999999999,1.1102230246251565e-16
RF,2025-11-01,2025-12-01,0,-0.018846999999999992,-0.257308,0.23846100000000003,5,0.23846099999999998,-5.551115123125783e-17
RF,2025-11-01,2025-12-01,1,-0.1697885,-0.257308,0.08751950000000003,4,0.08751949999999997,-5.551115123125783e-17
RF,2025-11-01,2025-12-01,2,-0.039206500000000005,-0.257308,0.2181015,4,0.21810149999999998,-2.7755575615628914e-17
RF,2025-11-01,2025-12-01,3,-1.2201680000000001,-0.257308,-0.96286,4,-0.9628600000000002,-1.1102230246251565e-16
RF,2025-11-01,2025-12-01,4,-0.22724250000000001,-0.257308,0.030065499999999995,4,0.030065499999999967,-2.7755575615628914e-17
RF,2025-11-01,2025-12-01,5,-0.10529425,-0.257308,0.15201374999999998,4,0.15201374999999998,0.0
RF,2025-11-01,2025-12-01,6,-0.09927375000000004,-0.257308,0.15803425000000001,4,0.15803424999999993,-8.326672684688674e-17
RF,2025-11-01,2025-12-01,7,-0.400225,-0.257308,-0.14291700000000002,4,-0.14291700000000002,0.0
RF,2025-11-01,2025-12-01,8,-0.016017000000000003,-0.257308,0.24129099999999998,4,0.24129099999999998,0.0
RF,2025-11-01,2025-12-01,9,-0.50416175,-0.257308,-0.24685374999999998,4,-0.24685374999999998,0.0
RF,2025-11-01,2025-12-01,10,-1.5659735000000001,-0.257308,-1.3086655,4,-1.3086655,0.0
RF,2025-11-01,2025-12-01,11,-0.39618600000000004,-0.257308,-0.13887800000000003,4,-0.13887800000000006,-2.7755575615628914e-17
RF,2025-11-01,2025-12-01,12,-0.4581045,-0.257308,-0.20079650000000002,4,-0.20079650000000004,-2.7755575615628914e-17
RF,2025-11-01,2025-12-01,13,-0.0057920000000000055,-0.257308,0.25151599999999996,4,0.25151599999999996,0.0
RF,2025-11-01,2025-12-01,14,-0.687758,-0.257308,-0.43045,4,-0.43045,0.0
RF,2025-11-01,2025-12-01,15,0.22426,-0.257308,0.481568,4,0.481568,0.0
RF,2025-11-01,2025-12-01,16,0.010748250000000015,-0.257308,0.26805625,4,0.26805625,0.0
RF,2025-11-01,2025-12-01,17,-0.5494110000000001,-0.257308,-0.292103,4,-0.2921030000000001,-1.1102230246251565e-16
RF,2025-11-01,2025-12-01,18,-1.2041385,-0.257308,-0.9468304999999999,4,-0.9468305,-1.1102230246251565e-16
RF,2025-11-01,2025-12-01,19,-0.2187545,-0.257308,0.03855349999999999,4,0.03855349999999999,0.0
RF,2025-12-01,2026-01-01,0,-3.9524102,-3.2732420000000007,-0.6791682,5,-0.6791681999999994,5.551115123125783e-16
RF,2025-12-01,2026-01-01,1,-2.985524,-3.273242,0.287718,4,0.28771800000000036,3.885780586188048e-16
RF,2025-12-01,2026-01-01,2,-2.488903,-3.273242,0.7843389999999999,4,0.7843390000000001,2.220446049250313e-16
RF,2025-12-01,2026-01-01,3,-2.10479,-3.273242,1.1684520000000003,4,1.1684520000000003,0.0
RF,2025-12-01,2026-01-01,4,-2.4065366,-3.2732420000000007,0.8667054000000001,5,0.8667054000000007,6.661338147750939e-16
RF,2025-12-01,2026-01-01,5,-2.651347,-3.273242,0.621895,4,0.6218950000000003,3.3306690738754696e-16
RF,2025-12-01,2026-01-01,6,-2.1915662499999997,-3.273242,1.08167575,4,1.0816757500000005,4.440892098500626e-16
RF,2025-12-01,2026-01-01,7,-3.57601675,-3.273242,-0.30277475,4,-0.30277474999999976,2.220446049250313e-16
RF,2025-12-01,2026-01-01,8,-4.8189946,-3.2732420000000007,-1.5457526,5,-1.5457525999999993,6.661338147750939e-16
RF,2025-12-01,2026-01-01,9,-3.533769,-3.273242,-0.26052699999999995,4,-0.26052699999999973,2.220446049250313e-16
RF,2025-12-01,2026-01-01,10,-2.48473425,-3.273242,0.78850775,4,0.7885077500000004,4.440892098500626e-16
RF,2025-12-01,2026-01-01,11,-3.12129175,-3.273242,0.15195024999999995,4,0.15195025000000006,1.1102230246251565e-16
RF,2025-12-01,2026-01-01,12,-2.8902878000000003,-3.2732420000000007,0.3829542,5,0.38295420000000036,3.3306690738754696e-16
RF,2025-12-01,2026-01-01,13,-2.509869,-3.273242,0.7633730000000001,4,0.7633730000000001,0.0
RF,2025-12-01,2026-01-01,14,-3.70466375,-3.273242,-0.4314217500000001,4,-0.4314217499999997,3.885780586188048e-16
RF,2025-12-01,2026-01-01,15,-2.8369975,-3.273242,0.43624450000000004,4,0.43624450000000037,3.3306690738754696e-16
RF,2025-12-01,2026-01-01,16,-2.1828112,-3.2732420000000007,1.0904307999999998,5,1.0904308000000005,6.661338147750939e-16
RF,2025-12-01,2026-01-01,17,-2.98045325,-3.273242,0.29278875,4,0.29278875000000015,1.6653345369377348e-16
RF,2025-12-01,2026-01-01,18,-1.7144910000000002,-3.273242,1.558751,4,1.558751,0.0
RF,2025-12-01,2026-01-01,19,-3.17222675,-3.273242,0.10101525,4,0.10101525000000011,1.1102230246251565e-16
XGBoost,2024-01-01,2024-02-01,0,4.098117,1.574078,2.524039,2,2.524039,0.0
XGBoost,2024-01-01,2024-02-01,1,2.7967750000000002,1.574078,1.222697,2,1.2226970000000001,2.220446049250313e-16
XGBoost,2024-01-01,2024-02-01,2,2.920871,1.574078,1.346793,1,1.346793,0.0
XGBoost,2024-01-01,2024-02-01,3,4.3915465000000005,1.574078,2.8174685000000004,2,2.8174685000000004,0.0
XGBoost,2024-01-01,2024-02-01,4,3.384377,1.574078,1.810299,1,1.810299,0.0
XGBoost,2024-01-01,2024-02-01,5,2.6107495,1.574078,1.0366715,2,1.0366714999999997,-2.220446049250313e-16
XGBoost,2024-01-01,2024-02-01,6,3.7965090000000004,1.574078,2.222431,2,2.2224310000000003,4.440892098500626e-16
XGBoost,2024-01-01,2024-02-01,7,4.055237,1.574078,2.481159,1,2.481159,0.0
XGBoost,2024-01-01,2024-02-01,8,1.0625084999999999,1.574078,-0.5115695,2,-0.5115695000000002,-2.220446049250313e-16
XGBoost,2024-01-01,2024-02-01,9,4.294344,1.574078,2.720266,1,2.7202659999999996,-4.440892098500626e-16
XGBoost,2024-01-01,2024-02-01,10,4.959374,1.574078,3.3852960000000003,2,3.3852960000000003,0.0
XGBoost,2024-01-01,2024-02-01,11,2.154055,1.574078,0.579977,2,0.579977,0.0
XGBoost,2024-01-01,2024-02-01,12,0.783845,1.574078,-0.790233,1,-0.7902330000000001,-1.1102230246251565e-16
XGBoost,2024-01-01,2024-02-01,13,3.438105,1.574078,1.864027,2,1.864027,0.0
XGBoost,2024-01-01,2024-02-01,14,4.036855,1.574078,2.462777,1,2.462777,0.0
XGBoost,2024-01-01,2024-02-01,15,3.6004725,1.574078,2.0263945,2,2.0263945,0.0
XGBoost,2024-01-01,2024-02-01,16,3.98728,1.574078,2.413202,2,2.413202,0.0
XGBoost,2024-01-01,2024-02-01,17,2.61172,1.574078,1.037642,1,1.037642,0.0
XGBoost,2024-01-01,2024-02-01,18,3.5124874999999998,1.574078,1.9384095,2,1.9384094999999997,-2.220446049250313e-16
XGBoost,2024-01-01,2024-02-01,19,4.262429,1.574078,2.688351,1,2.688351,0.0
XGBoost,2024-02-01,2024-03-01,0,-0.404926,3.2e-05,-0.40495800000000004,2,-0.404958,5.551115123125783e-17
XGBoost,2024-02-01,2024-03-01,1,-2.588138,3.2e-05,-2.58817,2,-2.58817,0.0
XGBoost,2024-02-01,2024-03-01,2,-1.045843,3.2e-05,-1.045875,1,-1.045875,0.0
XGBoost,2024-02-01,2024-03-01,3,-0.8296685,3.2e-05,-0.8297005,2,-0.8297005000000001,-1.1102230246251565e-16
XGBoost,2024-02-01,2024-03-01,4,0.411954,3.2e-05,0.411922,1,0.411922,0.0
XGBoost,2024-02-01,2024-03-01,5,-0.30474650000000003,3.2e-05,-0.3047785,2,-0.3047785,0.0
XGBoost,2024-02-01,2024-03-01,6,-0.5168015,3.2e-05,-0.5168335,2,-0.5168335000000001,-1.1102230246251565e-16
XGBoost,2024-02-01,2024-03-01,7,0.275848,3.2e-05,0.275816,1,0.275816,0.0
XGBoost,2024-02-01,2024-03-01,8,0.1691375,3.2e-05,0.16910550000000002,2,0.1691055,-2.7755575615628914e-17
XGBoost,2024-02-01,2024-03-01,9,-0.60335,3.2e-05,-0.603382,1,-0.6033820000000001,-1.1102230246251565e-16
XGBoost,2024-02-01,2024-03-01,10,0.21842250000000002,3.2e-05,0.2183905,2,0.21839050000000002,2.7755575615628914e-17
XGBoost,2024-02-01,2024-03-01,11,-0.5135500000000001,3.2e-05,-0.5135820000000001,2,-0.5135820000000001,0.0
XGBoost,2024-02-01,2024-03-01,12,1.857783,3.2e-05,1.857751,1,1.857751,0.0
XGBoost,2024-02-01,2024-03-01,13,0.44453499999999996,3.2e-05,0.444503,2,0.444503,0.0
XGBoost,2024-02-01,2024-03-01,14,-1.805614,3.2e-05,-1.805646,1,-1.805646,0.0
XGBoost,2024-02-01,2024-03-01,15,0.4130085,3.2e-05,0.41297649999999997,2,0.4129765,5.551115123125783e-17
XGBoost,2024-02-01,2024-03-01,16,0.6726315,3.2e-05,0.6725995,2,0.6725995,0.0
XGBoost,2024-02-01,2024-03-01,17,0.749428,3.2e-05,0.749396,1,0.749396,0.0
XGBoost,2024-02-01,2024-03-01,18,0.507383,3.2e-05,0.507351,2,0.507351,0.0
XGBoost,2024-02-01,2024-03-01,19,-0.620759,3.2e-05,-0.620791,1,-0.620791,0.0
XGBoost,2024-03-01,2024-04-01,0,3.7062025,4.533622,-0.8274195,2,-0.8274195000000004,-4.440892098500626e-16
XGBoost,2024-03-01,2024-04-01,1,3.7760715,4.533622,-0.7575505,2,-0.7575505000000002,-2.220446049250313e-16
XGBoost,2024-03-01,2024-04-01,2,2.610063,4.533622,-1.923559,1,-1.9235590000000005,-4.440892098500626e-16
XGBoost,2024-03-01,2024-04-01,3,7.3388115,4.533622,2.8051895,2,2.8051895,0.0
XGBoost,2024-03-01,2024-04-01,4,4.441339,4.533622,-0.092283,1,-0.09228300000000011,-1.1102230246251565e-16
XGBoost,2024-03-01,2024-04-01,5,5.5193155,4.533622,0.9856935,2,0.9856935,0.0
XGBoost,2024-03-01,2024-04-01,6,5.1028205,4.533622,0.5691985000000002,2,0.5691984999999997,-4.440892098500626e-16
XGBoost,2024-03-01,2024-04-01,7,3.685504,4.533622,-0.848118,1,-0.8481180000000004,-3.3306690738754696e-16
XGBoost,2024-03-01,2024-04-01,8,2.6172325,4.533622,-1.9163895000000002,2,-1.9163895000000002,0.0
XGBoost,2024-03-01,2024-04-01,9,5.082646,4.533622,0.549024,1,0.5490240000000002,2.220446049250313e-16
XGBoost,2024-03-01,2024-04-01,10,3.542022,4.533622,-0.9916,2,-0.9916000000000005,-4.440892098500626e-16
XGBoost,2024-03-01,2024-04-01,11,3.5081625,4.533622,-1.0254595,2,-1.0254595000000002,-2.220446049250313e-16
XGBoost,2024-03-01,2024-04-01,12,4.220808,4.533622,-0.312814,1,-0.31281400000000037,-3.885780586188048e-16
XGBoost,2024-03-01,2024-04-01,13,3.1802894999999998,4.533622,-1.3533325,2,-1.3533325000000005,-4.440892098500626e-16
XGBoost,2024-03-01,2024-04-01,14,5.889785,4.533622,1.356163,1,1.3561629999999996,-4.440892098500626e-16
XGBoost,2024-03-01,2024-04-01,15,4.2446405,4.533622,-0.2889815,2,-0.2889815000000002,-2.220446049250313e-16
XGBoost,2024-03-01,2024-04-01,16,4.155952,4.533622,-0.37767,2,-0.37767000000000017,-1.6653345369377348e-16
XGBoost,2024-03-01,2024-04-01,17,3.328773,4.533622,-1.204849,1,-1.2048490000000003,-2.220446049250313e-16
XGBoost,2024-03-01,2024-04-01,18,4.2544425,4.533622,-0.2791795,2,-0.2791795000000006,-5.551115123125783e-16
XGBoost,2024-03-01,2024-04-01,19,4.089111,4.533622,-0.444511,1,-0.4445110000000003,-3.3306690738754696e-16
XGBoost,2024-04-01,2024-05-01,0,1.365489,0.731367,0.634122,2,0.634122,0.0
XGBoost,2024-04-01,2024-05-01,1,1.983216,0.731367,1.251849,2,1.251849,0.0
XGBoost,2024-04-01,2024-05-01,2,0.912111,0.731367,0.180744,1,0.18074400000000002,2.7755575615628914e-17
XGBoost,2024-04-01,2024-05-01,3,2.088247,0.731367,1.3568799999999999,2,1.3568799999999999,0.0
XGBoost,2024-04-01,2024-05-01,4,0.30065,0.731367,-0.430717,1,-0.430717,0.0
XGBoost,2024-04-01,2024-05-01,5,1.5390325,0.731367,0.8076655,2,0.8076655,0.0
XGBoost,2024-04-01,2024-05-01,6,0.18322649999999996,0.731367,-0.5481405,2,-0.5481405,0.0
XGBoost,2024-04-01,2024-05-01,7,1.897617,0.731367,1.16625,1,1.1662500000000002,2.220446049250313e-16
XGBoost,2024-04-01,2024-05-01,8,0.9554515000000001,0.731367,0.2240845,2,0.22408450000000013,1.3877787807814457e-16
XGBoost,2024-04-01,2024-05-01,9,0.333982,0.731367,-0.397385,1,-0.397385,0.0
XGBoost,2024-04-01,2024-05-01,10,1.285531,0.731367,0.554164,2,0.554164,0.0
XGBoost,2024-04-01,2024-05-01,11,1.9347355,0.731367,1.2033685,2,1.2033684999999998,-2.220446049250313e-16
XGBoost,2024-04-01,2024-05-01,12,2.507192,0.731367,1.775825,1,1.7758249999999998,-2.220446049250313e-16
XGBoost,2024-04-01,2024-05-01,13,-0.4376169999999999,0.731367,-1.168984,2,-1.168984,0.0
XGBoost,2024-04-01,2024-05-01,14,2.336364,0.731367,1.604997,1,1.604997,0.0
XGBoost,2024-04-01,2024-05-01,15,2.1650365000000003,0.731367,1.4336695000000002,2,1.4336695000000002,0.0
XGBoost,2024-04-01,2024-05-01,16,1.581627,0.731367,0.85026,2,0.8502599999999999,-1.1102230246251565e-16
XGBoost,2024-04-01,2024-05-01,17,2.17523,0.731367,1.443863,1,1.443863,0.0
XGBoost,2024-04-01,2024-05-01,18,1.5368995,0.731367,0.8055325,2,0.8055325000000001,1.1102230246251565e-16
XGBoost,2024-04-01,2024-05-01,19,2.317903,0.731367,1.586536,1,1.5865359999999997,-2.220446049250313e-16
XGBoost,2024-05-01,2024-06-01,0,6.35577,7.051242,-0.695472,2,-0.6954720000000005,-5.551115123125783e-16
XGBoost,2024-05-01,2024-06-01,1,8.3035605,7.051242,1.2523185,2,1.2523184999999994,-4.440892098500626e-16
XGBoost,2024-05-01,2024-06-01,2,7.99343,7.051242,0.942188,1,0.9421879999999998,-2.220446049250313e-16
XGBoost,2024-05-01,2024-06-01,3,5.604471500000001,7.051242,-1.4467705,2,-1.4467704999999995,4.440892098500626e-16
XGBoost,2024-05-01,2024-06-01,4,7.216369,7.051242,0.165127,1,0.16512700000000002,2.7755575615628914e-17
XGBoost,2024-05-01,2024-06-01,5,5.3100705,7.051242,-1.7411714999999999,2,-1.7411715,-2.220446049250313e-16
XGBoost,2024-05-01,2024-06-01,6,7.384306499999999,7.051242,0.3330645,2,0.333064499999999,-9.992007221626409e-16
XGBoost,2024-05-01,2024-06-01,7,6.51886,7.051242,-0.532382,1,-0.5323820000000001,-1.1102230246251565e-16
XGBoost,2024-05-01,2024-06-01,8,7.3738925,7.051242,0.32265050000000006,2,0.32265049999999995,-1.1102230246251565e-16
XGBoost,2024-05-01,2024-06-01,9,4.537794,7.051242,-2.513448,1,-2.5134480000000003,-4.440892098500626e-16
XGBoost,2024-05-01,2024-06-01,10,6.841175,7.051242,-0.210067,2,-0.21006700000000045,-4.440892098500626e-16
XGBoost,2024-05-01,2024-06-01,11,7.760734,7.051242,0.709492,2,0.709492,0.0
XGBoost,2024-05-01,2024-06-01,12,7.475505,7.051242,0.424263,1,0.42426299999999983,-1.6653345369377348e-16
XGBoost,2024-05-01,2024-06-01,13,7.2152804999999995,7.051242,0.1640385000000001,2,0.1640384999999993,-7.771561172376096e-16
XGBoost,2024-05-01,2024-06-01,14,6.364508,7.051242,-0.686734,1,-0.6867340000000004,-4.440892098500626e-16
XGBoost,2024-05-01,2024-06-01,15,7.673163499999999,7.051242,0.6219215,2,0.6219214999999991,-8.881784197001252e-16
XGBoost,2024-05-01,2024-06-01,16,6.967675999999999,7.051242,-0.08356599999999992,2,-0.08356600000000114,-1.2212453270876722e-15
XGBoost,2024-05-01,2024-06-01,17,6.083416,7.051242,-0.967826,1,-0.9678260000000005,-5.551115123125783e-16
XGBoost,2024-05-01,2024-06-01,18,8.241765000000001,7.051242,1.190523,2,1.1905230000000007,6.661338147750939e-16
XGBoost,2024-05-01,2024-06-01,19,6.790821,7.051242,-0.260421,1,-0.260421,0.0
XGBoost,2024-06-01,2024-07-01,0,4.2435385,4.390997,-0.14745849999999994,2,-0.14745849999999994,0.0
XGBoost,2024-06-01,2024-07-01,1,3.286489,4.390997,-1.104508,2,-1.1045079999999996,4.440892098500626e-16
XGBoost,2024-06-01,2024-07-01,2,3.335344,4.390997,-1.055653,1,-1.0556529999999995,4.440892098500626e-16
XGBoost,2024-06-01,2024-07-01,3,3.9581705,4.390997,-0.4328265,2,-0.43282649999999956,4.440892098500626e-16
XGBoost,2024-06-01,2024-07-01,4,2.7335715,4.390997,-1.6574255,2,-1.6574254999999996,4.440892098500626e-16
XGBoost,2024-06-01,2024-07-01,5,2.903931,4.390997,-1.487066,1,-1.4870659999999996,4.440892098500626e-16
XGBoost,2024-06-01,2024-07-01,6,3.9983845000000002,4.390997,-0.3926125,2,-0.39261249999999936,6.106226635438361e-16
XGBoost,2024-06-01,2024-07-01,7,2.6727565,4.390997,-1.7182405,2,-1.7182404999999994,6.661338147750939e-16
XGBoost,2024-06-01,2024-07-01,8,4.09342,4.390997,-0.297577,1,-0.29757699999999954,4.440892098500626e-16
XGBoost,2024-06-01,2024-07-01,9,3.546474,4.390997,-0.8445229999999999,2,-0.8445229999999997,2.220446049250313e-16
XGBoost,2024-06-01,2024-07-01,10,2.8968949999999998,4.390997,-1.494102,2,-1.4941019999999998,2.220446049250313e-16
XGBoost,2024-06-01,2024-07-01,11,3.02596,4.390997,-1.365037,1,-1.3650369999999996,4.440892098500626e-16
XGBoost,2024-06-01,2024-07-01,12,2.6887980000000002,4.390997,-1.702199,2,-1.7021989999999994,6.661338147750939e-16
XGBoost,2024-06-01,2024-07-01,13,3.082433,4.390997,-1.308564,2,-1.3085639999999996,4.440892098500626e-16
XGBoost,2024-06-01,2024-07-01,14,3.156319,4.390997,-1.234678,1,-1.2346779999999997,2.220446049250313e-16
XGBoost,2024-06-01,2024-07-01,15,2.8362885,4.390997,-1.5547085,2,-1.5547084999999994,6.661338147750939e-16
XGBoost,2024-06-01,2024-07-01,16,2.881995,4.390997,-1.5090020000000002,2,-1.5090019999999997,4.440892098500626e-16
XGBoost,2024-06-01,2024-07-01,17,3.831163,4.390997,-0.559834,1,-0.5598339999999995,5.551115123125783e-16
XGBoost,2024-06-01,2024-07-01,18,3.1875850000000003,4.390997,-1.2034120000000001,2,-1.2034119999999993,8.881784197001252e-16
XGBoost,2024-06-01,2024-07-01,19,4.664275,4.390997,0.273278,1,0.27327800000000035,3.3306690738754696e-16
XGBoost,2024-07-01,2024-08-01,0,1.86904,1.035556,0.833484,2,0.8334840000000001,1.1102230246251565e-16
XGBoost,2024-07-01,2024-08-01,1,1.764644,1.035556,0.729088,2,0.7290880000000002,2.220446049250313e-16
XGBoost,2024-07-01,2024-08-01,2,2.794379,1.035556,1.758823,1,1.7588230000000002,2.220446049250313e-16
XGBoost,2024-07-01,2024-08-01,3,2.4696925,1.035556,1.4341365,2,1.4341365,0.0
XGBoost,2024-07-01,2024-08-01,4,1.642478,1.035556,0.606922,2,0.6069220000000002,2.220446049250313e-16
XGBoost,2024-07-01,2024-08-01,5,3.214202,1.035556,2.178646,1,2.1786459999999996,-4.440892098500626e-16
XGBoost,2024-07-01,2024-08-01,6,2.0690175,1.035556,1.0334615,2,1.0334615000000003,2.220446049250313e-16
XGBoost,2024-07-01,2024-08-01,7,1.795019,1.035556,0.759463,2,0.759463,0.0
XGBoost,2024-07-01,2024-08-01,8,2.281496,1.035556,1.24594,1,1.2459400000000003,2.220446049250313e-16
XGBoost,2024-07-01,2024-08-01,9,3.0609695,1.035556,2.0254135,2,2.0254135,0.0
XGBoost,2024-07-01,2024-08-01,10,2.123631,1.035556,1.0880750000000001,2,1.0880750000000001,0.0
XGBoost,2024-07-01,2024-08-01,11,1.724601,1.035556,0.689045,1,0.6890450000000001,1.1102230246251565e-16
XGBoost,2024-07-01,2024-08-01,12,1.7551405,1.035556,0.7195845,2,0.7195845000000001,1.1102230246251565e-16
XGBoost,2024-07-01,2024-08-01,13,-0.372014,1.035556,-1.40757,2,-1.40757,0.0
XGBoost,2024-07-01,2024-08-01,14,-0.379166,1.035556,-1.414722,1,-1.4147219999999998,2.220446049250313e-16
XGBoost,2024-07-01,2024-08-01,15,2.115488,1.035556,1.079932,2,1.0799320000000001,2.220446049250313e-16
XGBoost,2024-07-01,2024-08-01,16,2.297834,1.035556,1.262278,2,1.262278,0.0
XGBoost,2024-07-01,2024-08-01,17,1.532421,1.035556,0.496865,1,0.4968650000000001,1.1102230246251565e-16
XGBoost,2024-07-01,2024-08-01,18,0.35037599999999997,1.035556,-0.68518,2,-0.6851799999999999,1.1102230246251565e-16
XGBoost,2024-07-01,2024-08-01,19,2.711336,1.035556,1.67578,1,1.6757800000000003,2.220446049250313e-16
XGBoost,2024-08-01,2024-09-01,0,2.3174655,2.166814,0.1506515,2,0.15065149999999994,-5.551115123125783e-17
XGBoost,2024-08-01,2024-09-01,1,2.601325,2.166814,0.434511,2,0.4345110000000001,1.1102230246251565e-16
XGBoost,2024-08-01,2024-09-01,2,1.386044,2.166814,-0.78077,1,-0.78077,0.0
XGBoost,2024-08-01,2024-09-01,3,2.086064,2.166814,-0.08074999999999999,2,-0.0807500000000001,-1.1102230246251565e-16
XGBoost,2024-08-01,2024-09-01,4,2.538872,2.166814,0.372058,2,0.372058,0.0
XGBoost,2024-08-01,2024-09-01,5,0.056761,2.166814,-2.110053,1,-2.110053,0.0
XGBoost,2024-08-01,2024-09-01,6,3.2260275,2.166814,1.0592135,2,1.0592134999999998,-2.220446049250313e-16
XGBoost,2024-08-01,2024-09-01,7,2.231118,2.166814,0.064304,2,0.06430399999999992,-8.326672684688674e-17
XGBoost,2024-08-01,2024-09-01,8,2.268256,2.166814,0.101442,1,0.10144200000000003,2.7755575615628914e-17
XGBoost,2024-08-01,2024-09-01,9,4.150558500000001,2.166814,1.9837444999999998,2,1.9837445000000007,8.881784197001252e-16
XGBoost,2024-08-01,2024-09-01,10,2.1174495,2.166814,-0.04936450000000003,2,-0.04936449999999981,2.220446049250313e-16
XGBoost,2024-08-01,2024-09-01,11,2.577702,2.166814,0.410888,1,0.4108879999999999,-5.551115123125783e-17
XGBoost,2024-08-01,2024-09-01,12,2.157958,2.166814,-0.008855999999999996,2,-0.008856000000000197,-2.0122792321330962e-16
XGBoost,2024-08-01,2024-09-01,13,2.3107375,2.166814,0.14392349999999998,2,0.1439235000000001,1.1102230246251565e-16
XGBoost,2024-08-01,2024-09-01,14,6.662377,2.166814,4.495563,1,4.495563000000001,8.881784197001252e-16
XGBoost,2024-08-01,2024-09-01,15,2.3036684999999997,2.166814,0.1368545,2,0.13685449999999966,-3.3306690738754696e-16
XGBoost,2024-08-01,2024-09-01,16,2.731643,2.166814,0.564829,2,0.564829,0.0
XGBoost,2024-08-01,2024-09-01,17,2.503388,2.166814,0.336574,1,0.33657400000000015,1.6653345369377348e-16
XGBoost,2024-08-01,2024-09-01,18,3.2364635,2.166814,1.0696495000000001,2,1.0696495000000001,0.0
XGBoost,2024-08-01,2024-09-01,19,2.48218,2.166814,0.315366,1,0.31536600000000004,5.551115123125783e-17
XGBoost,2024-09-01,2024-10-01,0,-6.279484500000001,-6.352122,0.0726375,2,0.07263749999999902,-9.71445146547012e-16
XGBoost,2024-09-01,2024-10-01,1,-4.016553999999999,-6.352122,2.3355680000000003,2,2.3355680000000003,0.0
XGBoost,2024-09-01,2024-10-01,2,-5.348337,-6.352122,1.003785,1,1.0037849999999997,-2.220446049250313e-16
XGBoost,2024-09-01,2024-10-01,3,-5.8310534999999994,-6.352122,0.5210685,2,0.5210685000000002,1.1102230246251565e-16
XGBoost,2024-09-01,2024-10-01,4,-6.2148655,-6.352122,0.13725649999999998,2,0.13725649999999945,-5.273559366969494e-16
XGBoost,2024-09-01,2024-10-01,5,-7.13458,-6.352122,-0.782458,1,-0.7824580000000001,-1.1102230246251565e-16
XGBoost,2024-09-01,2024-10-01,6,-5.626418,-6.352122,0.7257039999999999,2,0.7257039999999995,-4.440892098500626e-16
XGBoost,2024-09-01,2024-10-01,7,-5.6885185,-6.352122,0.6636035,2,0.6636034999999998,-2.220446049250313e-16
XGBoost,2024-09-01,2024-10-01,8,-7.147953,-6.352122,-0.795831,1,-0.7958310000000006,-6.661338147750939e-16
XGBoost,2024-09-01,2024-10-01,9,-4.713528999999999,-6.352122,1.638593,2,1.6385930000000002,2.220446049250313e-16
XGBoost,2024-09-01,2024-10-01,10,-4.899732,-6.352122,1.4523899999999998,2,1.4523899999999994,-4.440892098500626e-16
XGBoost,2024-09-01,2024-10-01,11,-3.544983,-6.352122,2.807139,1,2.8071389999999994,-4.440892098500626e-16
XGBoost,2024-09-01,2024-10-01,12,-6.1453015,-6.352122,0.2068205,2,0.20682049999999919,-8.049116928532385e-16
XGBoost,2024-09-01,2024-10-01,13,-4.5710120000000005,-6.352122,1.78111,2,1.781109999999999,-8.881784197001252e-16
XGBoost,2024-09-01,2024-10-01,14,-5.877755,-6.352122,0.474367,1,0.474367,0.0
XGBoost,2024-09-01,2024-10-01,15,-4.380961,-6.352122,1.971161,2,1.9711609999999995,-4.440892098500626e-16
XGBoost,2024-09-01,2024-10-01,16,-5.8128615,-6.352122,0.5392605,2,0.5392604999999993,-7.771561172376096e-16
XGBoost,2024-09-01,2024-10-01,17,-5.41923,-6.352122,0.932892,1,0.9328919999999998,-2.220446049250313e-16
XGBoost,2024-09-01,2024-10-01,18,-5.425249000000001,-6.352122,0.9268730000000001,2,0.9268729999999987,-1.3322676295501878e-15
XGBoost,2024-09-01,2024-10-01,19,-6.169154,-6.352122,0.182968,1,0.1829679999999998,-1.942890293094024e-16
XGBoost,2024-10-01,2024-11-01,0,0.4734165,0.045826,0.4275905,2,0.42759050000000004,5.551115123125783e-17
XGBoost,2024-10-01,2024-11-01,1,0.7652464999999999,0.045826,0.7194205,2,0.7194204999999999,-1.1102230246251565e-16
XGBoost,2024-10-01,2024-11-01,2,2.297428,0.045826,2.251602,1,2.251602,0.0
XGBoost,2024-10-01,2024-11-01,3,0.6325835,0.045826,0.5867575,2,0.5867574999999999,-1.1102230246251565e-16
XGBoost,2024-10-01,2024-11-01,4,0.05430399999999999,0.045826,0.008477999999999986,2,0.008477999999999992,6.938893903907228e-18
XGBoost,2024-10-01,2024-11-01,5,1.904544,0.045826,1.858718,1,1.858718,0.0
XGBoost,2024-10-01,2024-11-01,6,0.5396925,0.045826,0.4938665,2,0.49386650000000004,5.551115123125783e-17
XGBoost,2024-10-01,2024-11-01,7,1.772389,0.045826,1.726563,2,1.726563,0.0
XGBoost,2024-10-01,2024-11-01,8,1.169353,0.045826,1.123527,1,1.1235270000000002,2.220446049250313e-16
XGBoost,2024-10-01,2024-11-01,9,1.2285655,0.045826,1.1827395,2,1.1827395,0.0
XGBoost,2024-10-01,2024-11-01,10,0.071812,0.045826,0.025986000000000002,2,0.025986000000000002,0.0
XGBoost,2024-10-01,2024-11-01,11,-0.568207,0.045826,-0.614033,1,-0.614033,0.0
XGBoost,2024-10-01,2024-11-01,12,0.310172,0.045826,0.26434599999999997,2,0.264346,5.551115123125783e-17
XGBoost,2024-10-01,2024-11-01,13,0.7166204999999999,0.045826,0.6707945,2,0.6707944999999998,-1.1102230246251565e-16
XGBoost,2024-10-01,2024-11-01,14,0.034214,0.045826,-0.011612,1,-0.011611999999999997,3.469446951953614e-18
XGBoost,2024-10-01,2024-11-01,15,0.07126150000000003,0.045826,0.0254355,2,0.025435500000000034,3.469446951953614e-17
XGBoost,2024-10-01,2024-11-01,16,0.013944499999999999,0.045826,-0.03188150000000001,2,-0.0318815,6.938893903907228e-18
XGBoost,2024-10-01,2024-11-01,17,0.074621,0.045826,0.028795,1,0.028795000000000008,6.938893903907228e-18
XGBoost,2024-10-01,2024-11-01,18,0.6861985,0.045826,0.6403725,2,0.6403725,0.0
XGBoost,2024-10-01,2024-11-01,19,0.16613,0.045826,0.120304,1,0.120304,0.0
XGBoost,2024-11-01,2024-12-01,0,0.4518690000000001,-1.36551,1.8173789999999999,2,1.817379,2.220446049250313e-16
XGBoost,2024-11-01,2024-12-01,1,-0.3547845,-1.36551,1.0107255,2,1.0107255,0.0
XGBoost,2024-11-01,2024-12-01,2,0.501988,-1.36551,1.867498,1,1.8674979999999999,-2.220446049250313e-16
XGBoost,2024-11-01,2024-12-01,3,-0.212656,-1.36551,1.152854,2,1.152854,0.0
XGBoost,2024-11-01,2024-12-01,4,-1.3769895,-1.36551,-0.011479500000000004,2,-0.011479500000000087,-8.326672684688674e-17
XGBoost,2024-11-01,2024-12-01,5,-1.386799,-1.36551,-0.021289,1,-0.02128899999999989,1.0755285551056204e-16
XGBoost,2024-11-01,2024-12-01,6,-1.2023185,-1.36551,0.1631915,2,0.16319149999999993,-5.551115123125783e-17
XGBoost,2024-11-01,2024-12-01,7,2.0759025,-1.36551,3.4414125,2,3.4414125,0.0
XGBoost,2024-11-01,2024-12-01,8,-1.276435,-1.36551,0.089075,1,0.08907500000000002,1.3877787807814457e-17
XGBoost,2024-11-01,2024-12-01,9,-0.8407640000000001,-1.36551,0.524746,2,0.5247459999999999,-1.1102230246251565e-16
XGBoost,2024-11-01,2024-12-01,10,-0.006021999999999972,-1.36551,1.359488,2,1.359488,0.0
XGBoost,2024-11-01,2024-12-01,11,-0.625948,-1.36551,0.739562,1,0.739562,0.0
XGBoost,2024-11-01,2024-12-01,12,0.9896235,-1.36551,2.3551335,2,2.3551335,0.0
XGBoost,2024-11-01,2024-12-01,13,-1.4833725,-1.36551,-0.1178625,2,-0.11786249999999998,1.3877787807814457e-17
XGBoost,2024-11-01,2024-12-01,14,-1.356294,-1.36551,0.009216,1,0.009215999999999891,-1.0928757898653885e-16
XGBoost,2024-11-01,2024-12-01,15,-0.741787,-1.36551,0.6237229999999999,2,0.623723,1.1102230246251565e-16
XGBoost,2024-11-01,2024-12-01,16,-0.8962805,-1.36551,0.4692295,2,0.46922949999999997,-5.551115123125783e-17
XGBoost,2024-11-01,2024-12-01,17,-1.659668,-1.36551,-0.294158,1,-0.2941579999999999,5.551115123125783e-17
XGBoost,2024-11-01,2024-12-01,18,0.9757595,-1.36551,2.3412695,2,2.3412695,0.0
XGBoost,2024-11-01,2024-12-01,19,-0.538272,-1.36551,0.827238,1,0.827238,0.0
XGBoost,2024-12-01,2025-01-01,0,-2.018008,-3.470144,1.452136,3,1.4521359999999999,-2.220446049250313e-16
XGBoost,2024-12-01,2025-01-01,1,-4.741763,-3.470144,-1.271619,3,-1.2716189999999998,2.220446049250313e-16
XGBoost,2024-12-01,2025-01-01,2,-3.9625163333333333,-3.470144,-0.49237233333333336,3,-0.4923723333333334,-5.551115123125783e-17
XGBoost,2024-12-01,2025-01-01,3,-10.520425333333334,-3.470144,-7.050281333333333,3,-7.050281333333334,-8.881784197001252e-16
XGBoost,2024-12-01,2025-01-01,4,-3.5995536666666665,-3.470144,-0.12940966666666665,3,-0.12940966666666665,0.0
XGBoost,2024-12-01,2025-01-01,5,-6.478355,-3.470144,-3.0082109999999997,3,-3.0082109999999997,0.0
XGBoost,2024-12-01,2025-01-01,6,-5.121515,-3.470144,-1.651371,3,-1.6513709999999997,2.220446049250313e-16
XGBoost,2024-12-01,2025-01-01,7,-4.340017666666667,-3.470144,-0.8698736666666668,3,-0.8698736666666673,-5.551115123125783e-16
XGBoost,2024-12-01,2025-01-01,8,-3.018405333333334,-3.470144,0.4517386666666667,3,0.45173866666666607,-6.106226635438361e-16
XGBoost,2024-12-01,2025-01-01,9,-4.530687333333334,-3.470144,-1.0605433333333334,3,-1.0605433333333338,-4.440892098500626e-16
XGBoost,2024-12-01,2025-01-01,10,-5.680275666666667,-3.470144,-2.210131666666667,3,-2.210131666666667,0.0
XGBoost,2024-12-01,2025-01-01,11,-6.233018666666666,-3.470144,-2.7628746666666664,3,-2.7628746666666664,0.0
XGBoost,2024-12-01,2025-01-01,12,-4.541679666666667,-3.470144,-1.0715356666666667,3,-1.071535666666667,-4.440892098500626e-16
XGBoost,2024-12-01,2025-01-01,13,-5.910555333333334,-3.470144,-2.4404113333333335,3,-2.440411333333334,-4.440892098500626e-16
XGBoost,2024-12-01,2025-01-01,14,-4.1460289999999995,-3.470144,-0.675885,3,-0.6758849999999996,3.3306690738754696e-16
XGBoost,2024-12-01,2025-01-01,15,-6.9907129999999995,-3.470144,-3.5205689999999996,3,-3.5205689999999996,0.0
XGBoost,2024-12-01,2025-01-01,16,-3.3405913333333337,-3.470144,0.12955266666666673,3,0.1295526666666662,-5.273559366969494e-16
XGBoost,2024-12-01,2025-01-01,17,-6.087219999999999,-3.470144,-2.6170760000000004,3,-2.6170759999999995,8.881784197001252e-16
XGBoost,2024-12-01,2025-01-01,18,-8.513787333333333,-3.470144,-5.043643333333333,3,-5.043643333333334,-8.881784197001252e-16
XGBoost,2024-12-01,2025-01-01,19,-4.970645,-3.470144,-1.5005009999999999,3,-1.5005010000000003,-4.440892098500626e-16
XGBoost,2025-01-01,2025-02-01,0,-4.90932925,-7.786369,2.87703975,4,2.87703975,0.0
XGBoost,2025-01-01,2025-02-01,1,-6.365913,-7.786369,1.420456,4,1.4204559999999997,-2.220446049250313e-16
XGBoost,2025-01-01,2025-02-01,2,-7.554599,-7.786369,0.23176999999999995,3,0.23177000000000003,8.326672684688674e-17
XGBoost,2025-01-01,2025-02-01,3,-7.51391175,-7.786369,0.27245725,4,0.27245724999999954,-4.440892098500626e-16
XGBoost,2025-01-01,2025-02-01,4,-7.3997209999999995,-7.786369,0.38664799999999994,3,0.3866480000000001,1.6653345369377348e-16
XGBoost,2025-01-01,2025-02-01,5,-7.5595775000000005,-7.786369,0.22679149999999998,4,0.22679149999999915,-8.326672684688674e-16
XGBoost,2025-01-01,2025-02-01,6,-4.214765,-7.786369,3.5716039999999993,3,3.571604,4.440892098500626e-16
XGBoost,2025-01-01,2025-02-01,7,-6.5269225,-7.786369,1.2594465,4,1.2594464999999992,-6.661338147750939e-16
XGBoost,2025-01-01,2025-02-01,8,-5.511175000000001,-7.786369,2.275194,3,2.275193999999999,-8.881784197001252e-16
XGBoost,2025-01-01,2025-02-01,9,-5.49807675,-7.786369,2.28829225,4,2.2882922499999996,-4.440892098500626e-16
XGBoost,2025-01-01,2025-02-01,10,-7.76707825,-7.786369,0.019290749999999947,4,0.01929074999999969,-2.5673907444456745e-16
XGBoost,2025-01-01,2025-02-01,11,-6.123272333333333,-7.786369,1.6630966666666664,3,1.6630966666666662,-2.220446049250313e-16
XGBoost,2025-01-01,2025-02-01,12,-5.665907750000001,-7.786369,2.12046125,4,2.120461249999999,-8.881784197001252e-16
XGBoost,2025-01-01,2025-02-01,13,-4.872601666666667,-7.786369,2.913767333333334,3,2.9137673333333325,-1.3322676295501878e-15
XGBoost,2025-01-01,2025-02-01,14,-6.5466745,-7.786369,1.2396945000000001,4,1.2396944999999997,-4.440892098500626e-16
XGBoost,2025-01-01,2025-02-01,15,-5.557354,-7.786369,2.229015,3,2.2290149999999995,-4.440892098500626e-16
XGBoost,2025-01-01,2025-02-01,16,-7.46341875,-7.786369,0.32295025000000005,4,0.3229502499999999,-1.6653345369377348e-16
XGBoost,2025-01-01,2025-02-01,17,-6.633478,-7.786369,1.152891,3,1.1528909999999994,-6.661338147750939e-16
XGBoost,2025-01-01,2025-02-01,18,-5.9215795,-7.786369,1.8647895,4,1.8647894999999997,-4.440892098500626e-16
XGBoost,2025-01-01,2025-02-01,19,-6.314742333333332,-7.786369,1.4716266666666666,3,1.4716266666666673,6.661338147750939e-16
XGBoost,2025-02-01,2025-03-01,0,6.80590525,7.352851,-0.54694575,4,-0.5469457499999999,1.1102230246251565e-16
XGBoost,2025-02-01,2025-03-01,1,7.0361252499999996,7.352851,-0.31672575,4,-0.3167257500000007,-7.216449660063518e-16
XGBoost,2025-02-01,2025-03-01,2,7.3304595,7.352851,-0.02239150000000001,4,-0.02239150000000034,-3.3306690738754696e-16
XGBoost,2025-02-01,2025-03-01,3,7.40878,7.352851,0.05592899999999997,3,0.055928999999999895,-7.632783294297951e-17
XGBoost,2025-02-01,2025-03-01,4,6.92916575,7.352851,-0.4236852499999999,4,-0.4236852500000001,-2.220446049250313e-16
XGBoost,2025-02-01,2025-03-01,5,7.84494875,7.352851,0.49209775000000006,4,0.4920977500000001,5.551115123125783e-17
XGBoost,2025-02-01,2025-03-01,6,7.557736666666667,7.352851,0.20488566666666674,3,0.20488566666666674,0.0
XGBoost,2025-02-01,2025-03-01,7,7.24149975,7.352851,-0.11135125000000001,4,-0.11135125000000023,-2.220446049250313e-16
XGBoost,2025-02-01,2025-03-01,8,6.8637084999999995,7.352851,-0.4891425,4,-0.4891425000000007,-7.216449660063518e-16
XGBoost,2025-02-01,2025-03-01,9,7.436192999999999,7.352851,0.08334200000000003,3,0.08334199999999914,-8.881784197001252e-16
XGBoost,2025-02-01,2025-03-01,10,6.9405149999999995,7.352851,-0.41233600000000004,4,-0.4123360000000007,-6.661338147750939e-16
XGBoost,2025-02-01,2025-03-01,11,5.89601125,7.352851,-1.4568397499999999,4,-1.4568397500000003,-4.440892098500626e-16
XGBoost,2025-02-01,2025-03-01,12,5.9872575,7.352851,-1.3655935000000001,4,-1.3655935000000001,0.0
XGBoost,2025-02-01,2025-03-01,13,7.279606666666666,7.352851,-0.07324433333333336,3,-0.07324433333333413,-7.771561172376096e-16
XGBoost,2025-02-01,2025-03-01,14,7.131390000000001,7.352851,-0.221461,4,-0.22146099999999969,3.0531133177191805e-16
XGBoost,2025-02-01,2025-03-01,15,5.64341825,7.352851,-1.7094327499999997,4,-1.7094327500000004,-6.661338147750939e-16
XGBoost,2025-02-01,2025-03-01,16,6.970409666666666,7.352851,-0.38244133333333324,3,-0.3824413333333343,-1.0547118733938987e-15
XGBoost,2025-02-01,2025-03-01,17,6.2679540000000005,7.352851,-1.084897,4,-1.0848969999999998,2.220446049250313e-16
XGBoost,2025-02-01,2025-03-01,18,6.6538335,7.352851,-0.6990175,4,-0.6990175000000001,-1.1102230246251565e-16
XGBoost,2025-02-01,2025-03-01,19,6.117649666666666,7.352851,-1.2352013333333334,3,-1.2352013333333343,-8.881784197001252e-16
XGBoost,2025-03-01,2025-04-01,0,2.2926919999999997,3.251256,-0.958564,4,-0.9585640000000004,-4.440892098500626e-16
XGBoost,2025-03-01,2025-04-01,1,3.50270375,3.251256,0.25144775,4,0.25144774999999964,-3.885780586188048e-16
XGBoost,2025-03-01,2025-04-01,2,2.11132375,3.251256,-1.13993225,4,-1.1399322500000002,-2.220446049250313e-16
XGBoost,2025-03-01,2025-04-01,3,2.372477,3.251256,-0.8787790000000001,3,-0.8787790000000002,-1.1102230246251565e-16
XGBoost,2025-03-01,2025-04-01,4,2.51260975,3.251256,-0.73864625,4,-0.73864625,0.0
XGBoost,2025-03-01,2025-04-01,5,-18.15308775,3.251256,-21.40434375,4,-21.404343750000002,-3.552713678800501e-15
XGBoost,2025-03-01,2025-04-01,6,2.65763175,3.251256,-0.5936242500000001,4,-0.59362425,1.1102230246251565e-16
XGBoost,2025-03-01,2025-04-01,7,2.797795333333333,3.251256,-0.4534606666666667,3,-0.45346066666666696,-2.7755575615628914e-16
XGBoost,2025-03-01,2025-04-01,8,3.7475785,3.251256,0.4963225,4,0.4963224999999998,-2.220446049250313e-16
XGBoost,2025-03-01,2025-04-01,9,2.9347265,3.251256,-0.31652949999999996,4,-0.31652950000000013,-1.6653345369377348e-16
XGBoost,2025-03-01,2025-04-01,10,2.9594234999999998,3.251256,-0.29183249999999994,4,-0.2918325000000004,-4.440892098500626e-16
XGBoost,2025-03-01,2025-04-01,11,3.5331613333333336,3.251256,0.2819053333333334,3,0.28190533333333345,5.551115123125783e-17
XGBoost,2025-03-01,2025-04-01,12,3.6824635,3.251256,0.43120749999999997,4,0.43120749999999974,-2.220446049250313e-16
XGBoost,2025-03-01,2025-04-01,13,3.13830475,3.251256,-0.11295125,4,-0.11295125000000006,-5.551115123125783e-17
XGBoost,2025-03-01,2025-04-01,14,3.313326,3.251256,0.062070000000000014,4,0.06206999999999985,-1.6653345369377348e-16
XGBoost,2025-03-01,2025-04-01,15,2.2506513333333333,3.251256,-1.0006046666666666,3,-1.0006046666666668,-2.220446049250313e-16
XGBoost,2025-03-01,2025-04-01,16,2.6318185,3.251256,-0.6194375,4,-0.6194375000000001,-1.1102230246251565e-16
XGBoost,2025-03-01,2025-04-01,17,2.8988685,3.251256,-0.35238749999999996,4,-0.3523875000000003,-3.3306690738754696e-16
XGBoost,2025-03-01,2025-04-01,18,2.7409334999999997,3.251256,-0.5103225,4,-0.5103225000000005,-4.440892098500626e-16
XGBoost,2025-03-01,2025-04-01,19,3.033317333333333,3.251256,-0.21793866666666664,3,-0.21793866666666695,-3.0531133177191805e-16
XGBoost,2025-04-01,2025-05-01,0,4.415808,3.652402,0.763406,4,0.7634060000000003,2.220446049250313e-16
XGBoost,2025-04-01,2025-05-01,1,2.692672,3.652402,-0.95973,4,-0.95973,0.0
XGBoost,2025-04-01,2025-05-01,2,2.5245664999999997,3.652402,-1.1278355,4,-1.1278355000000002,-2.220446049250313e-16
XGBoost,2025-04-01,2025-05-01,3,2.745874333333333,3.652402,-0.9065276666666667,3,-0.9065276666666668,-1.1102230246251565e-16
XGBoost,2025-04-01,2025-05-01,4,2.7748567499999996,3.652402,-0.87754525,4,-0.8775452500000003,-2.220446049250313e-16
XGBoost,2025-04-01,2025-05-01,5,3.02385475,3.652402,-0.62854725,4,-0.62854725,0.0
XGBoost,2025-04-01,2025-05-01,6,3.2263572499999995,3.652402,-0.4260447500000001,4,-0.4260447500000004,-3.3306690738754696e-16
XGBoost,2025-04-01,2025-05-01,7,1.7267083333333335,3.652402,-1.9256936666666666,3,-1.9256936666666664,2.220446049250313e-16
XGBoost,2025-04-01,2025-05-01,8,3.87613275,3.652402,0.22373075000000006,4,0.2237307500000001,2.7755575615628914e-17
XGBoost,2025-04-01,2025-05-01,9,3.9111145,3.652402,0.2587125,4,0.2587125000000001,1.1102230246251565e-16
XGBoost,2025-04-01,2025-05-01,10,3.8972747500000002,3.652402,0.24487275,4,0.2448727500000003,3.0531133177191805e-16
XGBoost,2025-04-01,2025-05-01,11,4.231899333333334,3.652402,0.5794973333333333,3,0.5794973333333338,4.440892098500626e-16
XGBoost,2025-04-01,2025-05-01,12,2.9864185,3.652402,-0.6659835,4,-0.6659834999999998,1.1102230246251565e-16
XGBoost,2025-04-01,2025-05-01,13,3.27682725,3.652402,-0.37557475,4,-0.37557474999999974,2.7755575615628914e-16
XGBoost,2025-04-01,2025-05-01,14,3.29984425,3.652402,-0.35255775,4,-0.3525577499999999,1.1102230246251565e-16
XGBoost,2025-04-01,2025-05-01,15,6.812349666666667,3.652402,3.159947666666666,3,3.159947666666667,8.881784197001252e-16
XGBoost,2025-04-01,2025-05-01,16,5.62277725,3.652402,1.97037525,4,1.9703752500000005,4.440892098500626e-16
XGBoost,2025-04-01,2025-05-01,17,4.67962275,3.652402,1.02722075,4,1.0272207500000001,2.220446049250313e-16
XGBoost,2025-04-01,2025-05-01,18,3.6260857499999997,3.652402,-0.02631624999999993,4,-0.026316250000000263,-3.3306690738754696e-16
XGBoost,2025-04-01,2025-05-01,19,4.837376,3.652402,1.1849739999999997,3,1.184974,2.220446049250313e-16
XGBoost,2025-05-01,2025-06-01,0,3.29394575,3.766898,-0.47295224999999996,4,-0.4729522500000001,-1.1102230246251565e-16
XGBoost,2025-05-01,2025-06-01,1,3.4689705,3.766898,-0.2979275,4,-0.2979274999999997,3.3306690738754696e-16
XGBoost,2025-05-01,2025-06-01,2,2.860821,3.766898,-0.9060769999999999,4,-0.9060769999999998,1.1102230246251565e-16
XGBoost,2025-05-01,2025-06-01,3,3.956061,3.766898,0.18916299999999994,3,0.1891630000000002,2.498001805406602e-16
XGBoost,2025-05-01,2025-06-01,4,4.017971,3.766898,0.251073,4,0.2510730000000003,3.3306690738754696e-16
XGBoost,2025-05-01,2025-06-01,5,3.2454085000000004,3.766898,-0.5214894999999999,4,-0.5214894999999995,4.440892098500626e-16
XGBoost,2025-05-01,2025-06-01,6,3.2593725,3.766898,-0.5075255,4,-0.5075254999999999,1.1102230246251565e-16
XGBoost,2025-05-01,2025-06-01,7,3.4913336666666663,3.766898,-0.2755643333333333,3,-0.2755643333333335,-2.220446049250313e-16
XGBoost,2025-05-01,2025-06-01,8,3.47622125,3.766898,-0.29067675000000004,4,-0.2906767499999998,2.220446049250313e-16
XGBoost,2025-05-01,2025-06-01,9,3.33588325,3.766898,-0.43101475,4,-0.43101474999999967,3.3306690738754696e-16
XGBoost,2025-05-01,2025-06-01,10,3.6625372499999997,3.766898,-0.10436075,4,-0.10436075000000011,-1.1102230246251565e-16
XGBoost,2025-05-01,2025-06-01,11,3.710891666666667,3.766898,-0.05600633333333333,3,-0.056006333333332936,3.95516952522712e-16
XGBoost,2025-05-01,2025-06-01,12,4.40803925,3.766898,0.64114125,4,0.64114125,0.0
XGBoost,2025-05-01,2025-06-01,13,3.1954605,3.766898,-0.5714374999999999,4,-0.5714375,-1.1102230246251565e-16
XGBoost,2025-05-01,2025-06-01,14,3.55701425,3.766898,-0.20988374999999998,4,-0.20988374999999992,5.551115123125783e-17
XGBoost,2025-05-01,2025-06-01,15,4.531236,3.766898,0.764338,3,0.764338,0.0
XGBoost,2025-05-01,2025-06-01,16,3.6664104999999996,3.766898,-0.1004875,4,-0.10048750000000028,-2.914335439641036e-16
XGBoost,2025-05-01,2025-06-01,17,3.4828685,3.766898,-0.28402950000000005,4,-0.28402949999999993,1.1102230246251565e-16
XGBoost,2025-05-01,2025-06-01,18,3.9576895,3.766898,0.1907915,4,0.1907915,0.0
XGBoost,2025-05-01,2025-06-01,19,2.695658,3.766898,-1.07124,3,-1.07124,0.0
XGBoost,2025-06-01,2025-07-01,0,-2.1697082500000002,-2.826766,0.6570577499999999,4,0.6570577499999999,0.0
XGBoost,2025-06-01,2025-07-01,1,-2.02139125,-2.826766,0.80537475,4,0.8053747499999999,-1.1102230246251565e-16
XGBoost,2025-06-01,2025-07-01,2,-1.648848,-2.826766,1.177918,4,1.177918,0.0
XGBoost,2025-06-01,2025-07-01,3,-2.0552505,-2.826766,0.7715155,4,0.7715155,0.0
XGBoost,2025-06-01,2025-07-01,4,-1.1131123333333333,-2.8267660000000006,1.7136536666666666,3,1.7136536666666673,6.661338147750939e-16
XGBoost,2025-06-01,2025-07-01,5,-1.7684084999999998,-2.826766,1.0583575,4,1.0583575000000003,2.220446049250313e-16
XGBoost,2025-06-01,2025-07-01,6,-1.7941395,-2.826766,1.0326265000000001,4,1.0326265000000001,0.0
XGBoost,2025-06-01,2025-07-01,7,-1.3662465,-2.826766,1.4605195,4,1.4605195000000002,2.220446049250313e-16
XGBoost,2025-06-01,2025-07-01,8,-1.9082245,-2.826766,0.9185414999999999,4,0.9185415000000001,2.220446049250313e-16
XGBoost,2025-06-01,2025-07-01,9,-1.5515766666666666,-2.8267660000000006,1.2751893333333333,3,1.275189333333334,6.661338147750939e-16
XGBoost,2025-06-01,2025-07-01,10,-2.994085,-2.826766,-0.167319,4,-0.167319,0.0
XGBoost,2025-06-01,2025-07-01,11,-2.28099475,-2.826766,0.54577125,4,0.54577125,0.0
XGBoost,2025-06-01,2025-07-01,12,-0.6797967500000001,-2.826766,2.14696925,4,2.14696925,0.0
XGBoost,2025-06-01,2025-07-01,13,-1.77812325,-2.826766,1.04864275,4,1.0486427500000002,2.220446049250313e-16
XGBoost,2025-06-01,2025-07-01,14,-1.2380396666666666,-2.8267660000000006,1.5887263333333335,3,1.588726333333334,4.440892098500626e-16
XGBoost,2025-06-01,2025-07-01,15,-1.276443,-2.826766,1.550323,4,1.5503230000000001,2.220446049250313e-16
XGBoost,2025-06-01,2025-07-01,16,-2.3419102499999997,-2.826766,0.48485575000000003,4,0.48485575000000036,3.3306690738754696e-16
XGBoost,2025-06-01,2025-07-01,17,-2.62863325,-2.826766,0.19813275,4,0.19813275000000008,8.326672684688674e-17
XGBoost,2025-06-01,2025-07-01,18,-1.7642487500000001,-2.826766,1.06251725,4,1.06251725,0.0
XGBoost,2025-06-01,2025-07-01,19,-1.5430796666666666,-2.8267660000000006,1.2836863333333333,3,1.283686333333334,6.661338147750939e-16
XGBoost,2025-07-01,2025-08-01,0,-2.24276925,-1.816508,-0.42626125,4,-0.4262612499999998,1.6653345369377348e-16
XGBoost,2025-07-01,2025-08-01,1,-2.38845425,-1.816508,-0.57194625,4,-0.5719462500000001,-1.1102230246251565e-16
XGBoost,2025-07-01,2025-08-01,2,-1.91542125,-1.816508,-0.09891325000000001,4,-0.09891325000000006,-5.551115123125783e-17
XGBoost,2025-07-01,2025-08-01,3,-2.9294485,-1.816508,-1.1129405,4,-1.1129404999999999,2.220446049250313e-16
XGBoost,2025-07-01,2025-08-01,4,-1.9169055,-1.816508,-0.10039750000000001,4,-0.10039749999999992,9.71445146547012e-17
XGBoost,2025-07-01,2025-08-01,5,-3.1192937499999998,-1.816508,-1.30278575,4,-1.3027857499999997,2.220446049250313e-16
XGBoost,2025-07-01,2025-08-01,6,-2.0791103333333334,-1.816508,-0.2626023333333333,3,-0.2626023333333334,-5.551115123125783e-17
XGBoost,2025-07-01,2025-08-01,7,-3.64942225,-1.816508,-1.83291425,4,-1.8329142500000002,-2.220446049250313e-16
XGBoost,2025-07-01,2025-08-01,8,-1.4376625,-1.816508,0.3788455,4,0.37884549999999995,-5.551115123125783e-17
XGBoost,2025-07-01,2025-08-01,9,-1.1489432499999999,-1.816508,0.66756475,4,0.6675647500000002,1.1102230246251565e-16
XGBoost,2025-07-01,2025-08-01,10,-1.699838,-1.816508,0.11667000000000002,4,0.11667000000000005,2.7755575615628914e-17
XGBoost,2025-07-01,2025-08-01,11,-2.52108275,-1.816508,-0.7045747499999999,4,-0.7045747500000001,-2.220446049250313e-16
XGBoost,2025-07-01,2025-08-01,12,-2.80129175,-1.816508,-0.9847837500000001,4,-0.9847837499999998,2.220446049250313e-16
XGBoost,2025-07-01,2025-08-01,13,-2.4595816666666668,-1.816508,-0.6430736666666667,3,-0.6430736666666668,-1.1102230246251565e-16
XGBoost,2025-07-01,2025-08-01,14,-1.54034175,-1.816508,0.27616625000000006,4,0.27616624999999995,-1.1102230246251565e-16
XGBoost,2025-07-01,2025-08-01,15,-1.28311975,-1.816508,0.53338825,4,0.53338825,0.0
XGBoost,2025-07-01,2025-08-01,16,-2.26963425,-1.816508,-0.45312625000000006,4,-0.4531262500000002,-1.1102230246251565e-16
XGBoost,2025-07-01,2025-08-01,17,-0.61858175,-1.816508,1.19792625,4,1.19792625,0.0
XGBoost,2025-07-01,2025-08-01,18,-1.70018025,-1.816508,0.11632774999999995,4,0.11632774999999995,0.0
XGBoost,2025-07-01,2025-08-01,19,-1.6452313333333333,-1.816508,0.17127666666666666,3,0.17127666666666674,8.326672684688674e-17
XGBoost,2025-08-01,2025-09-01,0,1.89641875,1.253765,0.64265375,4,0.64265375,0.0
XGBoost,2025-08-01,2025-09-01,1,0.96735875,1.253765,-0.28640625,4,-0.28640625,0.0
XGBoost,2025-08-01,2025-09-01,2,1.4080145000000002,1.253765,0.15424949999999998,4,0.15424950000000015,1.6653345369377348e-16
XGBoost,2025-08-01,2025-09-01,3,1.9392014999999998,1.253765,0.6854365,4,0.6854364999999998,-2.220446049250313e-16
XGBoost,2025-08-01,2025-09-01,4,1.24190175,1.253765,-0.011863249999999992,4,-0.011863249999999992,0.0
XGBoost,2025-08-01,2025-09-01,5,1.399721,1.253765,0.14595600000000003,4,0.14595599999999997,-5.551115123125783e-17
XGBoost,2025-08-01,2025-09-01,6,1.1078903333333334,1.253765,-0.14587466666666668,3,-0.1458746666666666,8.326672684688674e-17
XGBoost,2025-08-01,2025-09-01,7,1.229202,1.253765,-0.024563000000000015,4,-0.024563000000000113,-9.71445146547012e-17
XGBoost,2025-08-01,2025-09-01,8,0.9505984999999999,1.253765,-0.3031665,4,-0.3031665000000001,-1.1102230246251565e-16
XGBoost,2025-08-01,2025-09-01,9,0.5650325,1.253765,-0.6887325,4,-0.6887325,0.0
XGBoost,2025-08-01,2025-09-01,10,0.41654325,1.253765,-0.8372217499999999,4,-0.8372217500000001,-2.220446049250313e-16
XGBoost,2025-08-01,2025-09-01,11,1.91426875,1.253765,0.6605037500000001,4,0.66050375,-1.1102230246251565e-16
XGBoost,2025-08-01,2025-09-01,12,1.293461,1.253765,0.039695999999999954,4,0.039695999999999954,0.0
XGBoost,2025-08-01,2025-09-01,13,1.4085226666666666,1.253765,0.1547576666666667,3,0.15475766666666657,-1.3877787807814457e-16
XGBoost,2025-08-01,2025-09-01,14,1.44645475,1.253765,0.19268974999999994,4,0.19268975,5.551115123125783e-17
XGBoost,2025-08-01,2025-09-01,15,1.3314819999999998,1.253765,0.07771700000000004,4,0.07771699999999981,-2.220446049250313e-16
XGBoost,2025-08-01,2025-09-01,16,0.7440205,1.253765,-0.5097445,4,-0.5097445,0.0
XGBoost,2025-08-01,2025-09-01,17,0.41185125000000006,1.253765,-0.84191375,4,-0.84191375,0.0
XGBoost,2025-08-01,2025-09-01,18,1.4022345,1.253765,0.14846949999999998,4,0.14846950000000003,5.551115123125783e-17
XGBoost,2025-08-01,2025-09-01,19,1.011342,1.253765,-0.24242300000000003,3,-0.24242300000000006,-2.7755575615628914e-17
XGBoost,2025-09-01,2025-10-01,0,3.3211660000000003,4.342917,-1.021751,5,-1.0217509999999996,4.440892098500626e-16
XGBoost,2025-09-01,2025-10-01,1,3.2488972499999997,4.342917,-1.09401975,4,-1.0940197500000002,-2.220446049250313e-16
XGBoost,2025-09-01,2025-10-01,2,3.75097125,4.342917,-0.59194575,4,-0.5919457499999998,2.220446049250313e-16
XGBoost,2025-09-01,2025-10-01,3,3.1329797499999996,4.342917,-1.2099372499999999,4,-1.2099372500000003,-4.440892098500626e-16
XGBoost,2025-09-01,2025-10-01,4,2.9061965,4.342917,-1.4367205,4,-1.4367204999999998,2.220446049250313e-16
XGBoost,2025-09-01,2025-10-01,5,2.36157825,4.342917,-1.98133875,4,-1.98133875,0.0
XGBoost,2025-09-01,2025-10-01,6,3.153207,4.342917,-1.1897099999999998,4,-1.1897099999999998,0.0
XGBoost,2025-09-01,2025-10-01,7,2.46543975,4.342917,-1.87747725,4,-1.87747725,0.0
XGBoost,2025-09-01,2025-10-01,8,3.2110042500000002,4.342917,-1.1319127500000001,4,-1.1319127499999997,4.440892098500626e-16
XGBoost,2025-09-01,2025-10-01,9,2.951059,4.342917,-1.391858,4,-1.391858,0.0
XGBoost,2025-09-01,2025-10-01,10,3.77371375,4.342917,-0.56920325,4,-0.5692032499999997,3.3306690738754696e-16
XGBoost,2025-09-01,2025-10-01,11,3.182795,4.342917,-1.1601219999999999,4,-1.1601219999999999,0.0
XGBoost,2025-09-01,2025-10-01,12,2.6809355,4.342917,-1.6619815,4,-1.6619815,0.0
XGBoost,2025-09-01,2025-10-01,13,2.5278817499999997,4.342917,-1.81503525,4,-1.8150352500000002,-2.220446049250313e-16
XGBoost,2025-09-01,2025-10-01,14,3.24707825,4.342917,-1.09583875,4,-1.09583875,0.0
XGBoost,2025-09-01,2025-10-01,15,2.79434675,4.342917,-1.54857025,4,-1.54857025,0.0
XGBoost,2025-09-01,2025-10-01,16,3.194981,4.342917,-1.147936,4,-1.147936,0.0
XGBoost,2025-09-01,2025-10-01,17,2.89896025,4.342917,-1.4439567500000001,4,-1.44395675,2.220446049250313e-16
XGBoost,2025-09-01,2025-10-01,18,3.325182,4.342917,-1.017735,4,-1.017735,0.0
XGBoost,2025-09-01,2025-10-01,19,2.9098342500000003,4.342917,-1.43308275,4,-1.4330827499999996,4.440892098500626e-16
XGBoost,2025-10-01,2025-11-01,0,-0.1375324,0.9964980000000001,-1.1340303999999999,5,-1.1340304,-2.220446049250313e-16
XGBoost,2025-10-01,2025-11-01,1,0.38713425,0.996498,-0.60936375,4,-0.60936375,0.0
XGBoost,2025-10-01,2025-11-01,2,-0.25429749999999995,0.996498,-1.2507955,4,-1.2507955,0.0
XGBoost,2025-10-01,2025-11-01,3,-0.37746275,0.996498,-1.37396075,4,-1.37396075,0.0
XGBoost,2025-10-01,2025-11-01,4,-0.36537025,0.996498,-1.3618682500000001,4,-1.3618682500000001,0.0
XGBoost,2025-10-01,2025-11-01,5,-0.017223250000000023,0.996498,-1.0137212500000001,4,-1.0137212500000001,0.0
XGBoost,2025-10-01,2025-11-01,6,-0.6503315000000001,0.996498,-1.6468295000000002,4,-1.6468295,2.220446049250313e-16
XGBoost,2025-10-01,2025-11-01,7,-0.030538750000000003,0.996498,-1.02703675,4,-1.02703675,0.0
XGBoost,2025-10-01,2025-11-01,8,-0.17078,0.996498,-1.167278,4,-1.167278,0.0
XGBoost,2025-10-01,2025-11-01,9,-0.35893299999999995,0.996498,-1.355431,4,-1.3554309999999998,2.220446049250313e-16
XGBoost,2025-10-01,2025-11-01,10,-0.41244075,0.996498,-1.4089387500000001,4,-1.40893875,2.220446049250313e-16
XGBoost,2025-10-01,2025-11-01,11,0.24900975000000003,0.996498,-0.74748825,4,-0.74748825,0.0
XGBoost,2025-10-01,2025-11-01,12,0.35506850000000006,0.996498,-0.6414295,4,-0.6414294999999999,1.1102230246251565e-16
XGBoost,2025-10-01,2025-11-01,13,-0.37159925000000005,0.996498,-1.36809725,4,-1.36809725,0.0
XGBoost,2025-10-01,2025-11-01,14,0.14786500000000002,0.996498,-0.848633,4,-0.848633,0.0
XGBoost,2025-10-01,2025-11-01,15,0.264643,0.996498,-0.731855,4,-0.7318549999999999,1.1102230246251565e-16
XGBoost,2025-10-01,2025-11-01,16,0.26108750000000003,0.996498,-0.7354105,4,-0.7354105,0.0
XGBoost,2025-10-01,2025-11-01,17,-0.2301025,0.996498,-1.2266005,4,-1.2266005,0.0
XGBoost,2025-10-01,2025-11-01,18,-0.33493025000000004,0.996498,-1.33142825,4,-1.33142825,0.0
XGBoost,2025-10-01,2025-11-01,19,0.3202795,0.996498,-0.6762185000000001,4,-0.6762185000000001,0.0
XGBoost,2025-11-01,2025-12-01,0,-0.32562,-0.257308,-0.068312,5,-0.06831200000000004,-4.163336342344337e-17
XGBoost,2025-11-01,2025-12-01,1,-0.3034185,-0.257308,-0.0461105,4,-0.0461105,0.0
XGBoost,2025-11-01,2025-12-01,2,-0.43204025,-0.257308,-0.17473224999999995,4,-0.17473225000000003,-8.326672684688674e-17
XGBoost,2025-11-01,2025-12-01,3,-0.4699875,-0.257308,-0.2126795,4,-0.21267950000000002,-2.7755575615628914e-17
XGBoost,2025-11-01,2025-12-01,4,-0.13262225,-0.257308,0.12468574999999998,4,0.12468574999999998,0.0
XGBoost,2025-11-01,2025-12-01,5,-0.2164835,-0.257308,0.040824500000000014,4,0.040824499999999986,-2.7755575615628914e-17
XGBoost,2025-11-01,2025-12-01,6,-0.33198975000000003,-0.257308,-0.07468174999999999,4,-0.07468175000000005,-5.551115123125783e-17
XGBoost,2025-11-01,2025-12-01,7,-0.50417,-0.257308,-0.24686200000000005,4,-0.24686200000000003,2.7755575615628914e-17
XGBoost,2025-11-01,2025-12-01,8,-0.621696,-0.257308,-0.36438800000000005,4,-0.36438800000000005,0.0
XGBoost,2025-11-01,2025-12-01,9,-0.5260215,-0.257308,-0.2687135,4,-0.26871350000000005,-5.551115123125783e-17
XGBoost,2025-11-01,2025-12-01,10,-0.7648287500000001,-0.257308,-0.5075207500000001,4,-0.5075207500000001,0.0
XGBoost,2025-11-01,2025-12-01,11,0.54631775,-0.257308,0.80362575,4,0.80362575,0.0
XGBoost,2025-11-01,2025-12-01,12,-0.2777755,-0.257308,-0.020467499999999993,4,-0.020467500000000027,-3.469446951953614e-17
XGBoost,2025-11-01,2025-12-01,13,-0.49059275,-0.257308,-0.23328475,4,-0.23328475000000004,-2.7755575615628914e-17
XGBoost,2025-11-01,2025-12-01,14,-0.89742525,-0.257308,-0.6401172500000001,4,-0.64011725,1.1102230246251565e-16
XGBoost,2025-11-01,2025-12-01,15,-0.55975625,-0.257308,-0.30244825,4,-0.30244825,0.0
XGBoost,2025-11-01,2025-12-01,16,-0.31865825000000003,-0.257308,-0.061350249999999995,4,-0.06135025000000005,-5.551115123125783e-17
XGBoost,2025-11-01,2025-12-01,17,0.40462549999999997,-0.257308,0.6619335,4,0.6619335,0.0
XGBoost,2025-11-01,2025-12-01,18,-0.30077424999999997,-0.257308,-0.04346625,4,-0.043466249999999984,1.3877787807814457e-17
XGBoost,2025-11-01,2025-12-01,19,-1.05172375,-0.257308,-0.79441575,4,-0.7944157500000001,-1.1102230246251565e-16
XGBoost,2025-12-01,2026-01-01,0,-3.9741124,-3.2732420000000007,-0.7008704,5,-0.7008703999999994,5.551115123125783e-16
XGBoost,2025-12-01,2026-01-01,1,-2.95708375,-3.273242,0.31615825000000003,4,0.3161582500000004,3.885780586188048e-16
XGBoost,2025-12-01,2026-01-01,2,-3.258875,-3.273242,0.014366999999999963,4,0.014367000000000019,5.551115123125783e-17
XGBoost,2025-12-01,2026-01-01,3,-2.4257545,-3.273242,0.8474875,4,0.8474875000000002,2.220446049250313e-16
XGBoost,2025-12-01,2026-01-01,4,-2.8371742,-3.2732420000000007,0.4360678,5,0.43606780000000045,4.440892098500626e-16
XGBoost,2025-12-01,2026-01-01,5,-3.563589,-3.273242,-0.290347,4,-0.2903469999999997,3.3306690738754696e-16
XGBoost,2025-12-01,2026-01-01,6,-3.0072397499999997,-3.273242,0.26600225,4,0.26600225000000055,5.551115123125783e-16
XGBoost,2025-12-01,2026-01-01,7,-3.8768397500000003,-3.273242,-0.60359775,4,-0.60359775,0.0
XGBoost,2025-12-01,2026-01-01,8,-3.0912143999999997,-3.2732420000000007,0.1820276,5,0.18202760000000096,9.43689570931383e-16
XGBoost,2025-12-01,2026-01-01,9,-1.98082125,-3.273242,1.2924207499999998,4,1.2924207500000002,4.440892098500626e-16
XGBoost,2025-12-01,2026-01-01,10,-2.9886280000000003,-3.273242,0.28461400000000003,4,0.2846139999999999,-1.1102230246251565e-16
XGBoost,2025-12-01,2026-01-01,11,-3.60928475,-3.273242,-0.33604274999999995,4,-0.33604274999999983,1.1102230246251565e-16
XGBoost,2025-12-01,2026-01-01,12,-1.6277966,-3.2732420000000007,1.6454454000000003,5,1.6454454000000007,4.440892098500626e-16
XGBoost,2025-12-01,2026-01-01,13,-2.52955825,-3.273242,0.74368375,4,0.7436837500000002,2.220446049250313e-16
XGBoost,2025-12-01,2026-01-01,14,-3.18948125,-3.273242,0.08376074999999998,4,0.08376075000000016,1.8041124150158794e-16
XGBoost,2025-12-01,2026-01-01,15,-3.6770985,-3.273242,-0.40385649999999995,4,-0.40385649999999984,1.1102230246251565e-16
XGBoost,2025-12-01,2026-01-01,16,-3.299201,-3.2732420000000007,-0.02595900000000002,5,-0.0259589999999994,6.210310043996969e-16
XGBoost,2025-12-01,2026-01-01,17,-1.4129110000000003,-3.273242,1.860331,4,1.860331,0.0
XGBoost,2025-12-01,2026-01-01,18,-3.0448695,-3.273242,0.2283725,4,0.2283725000000003,3.0531133177191805e-16
XGBoost,2025-12-01,2026-01-01,19,-2.31153625,-3.273242,0.96170575,4,0.9617057500000001,1.1102230246251565e-16
